run,boot,auc
1,0,0.635
1,1,0.7625
1,2,0.7
1,3,0.7975
1,4,0.775
1,5,0.6699999999999999
1,6,0.7775
1,7,0.74
1,8,0.8250000000000001
1,9,0.7725000000000001
1,10,0.8075
1,11,0.8274999999999999
1,12,0.7025
1,13,0.79
1,14,0.7424999999999999
1,15,0.725
1,16,0.72
1,17,0.775
1,18,0.7525
1,19,0.725
1,20,0.6849999999999999
1,21,0.745
1,22,0.7424999999999999
1,23,0.8250000000000001
1,24,0.8099999999999999
1,25,0.73
1,26,0.8025000000000001
1,27,0.79
1,28,0.7125
1,29,0.6950000000000001
1,30,0.6849999999999999
1,31,0.78
1,32,0.7299999999999999
1,33,0.7424999999999999
1,34,0.7575000000000001
1,35,0.63
1,36,0.73
1,37,0.71
1,38,0.7174999999999999
1,39,0.7575000000000001
1,40,0.7575
1,41,0.665
1,42,0.78
1,43,0.7100000000000001
1,44,0.7124999999999999
1,45,0.87
1,46,0.7225
1,47,0.7825
1,48,0.715
1,49,0.7225
1,50,0.745
1,51,0.5825
1,52,0.7975
1,53,0.745
1,54,0.7824999999999999
1,55,0.8125
1,56,0.745
1,57,0.82
1,58,0.695
1,59,0.75
1,60,0.6799999999999999
1,61,0.77
1,62,0.7075000000000001
1,63,0.6625
1,64,0.72
1,65,0.8
1,66,0.8225
1,67,0.8025
1,68,0.7424999999999999
1,69,0.725
1,70,0.7075
1,71,0.8175
1,72,0.725
1,73,0.7925000000000001
1,74,0.7825
1,75,0.7925
1,76,0.73
1,77,0.7474999999999999
1,78,0.7725
1,79,0.74
1,80,0.6825
1,81,0.8
1,82,0.7725
1,83,0.845
1,84,0.8025
1,85,0.7575
1,86,0.635
1,87,0.755
1,88,0.74
1,89,0.7425
1,90,0.7949999999999999
1,91,0.715
1,92,0.7475
1,93,0.75
1,94,0.8
1,95,0.79
1,96,0.8125
1,97,0.7999999999999999
1,98,0.8425
1,99,0.775
1,100,0.7725
1,101,0.8075
1,102,0.725
1,103,0.75
1,104,0.6549999999999999
1,105,0.7075
1,106,0.77
1,107,0.7775
1,108,0.7775
1,109,0.76
1,110,0.7274999999999999
1,111,0.715
1,112,0.7150000000000001
1,113,0.7975
1,114,0.655
1,115,0.7374999999999999
1,116,0.705
1,117,0.8025000000000001
1,118,0.7849999999999999
1,119,0.7575
1,120,0.7025
1,121,0.85
1,122,0.635
1,123,0.705
1,124,0.7675
1,125,0.8350000000000001
1,126,0.7949999999999999
1,127,0.7475
1,128,0.7949999999999999
1,129,0.715
1,130,0.8325
1,131,0.7575
1,132,0.6974999999999999
1,133,0.8524999999999999
1,134,0.715
1,135,0.7675
1,136,0.8450000000000001
1,137,0.88
1,138,0.66
1,139,0.7625
1,140,0.8225
1,141,0.7775
1,142,0.7474999999999999
1,143,0.7250000000000001
1,144,0.785
1,145,0.67
1,146,0.7949999999999999
1,147,0.7075
1,148,0.745
1,149,0.75
1,150,0.785
1,151,0.8025
1,152,0.6925000000000001
1,153,0.8025
1,154,0.8300000000000001
1,155,0.7874999999999999
1,156,0.7775
1,157,0.8475
1,158,0.73
1,159,0.7625
1,160,0.76
1,161,0.7825
1,162,0.775
1,163,0.8325
1,164,0.735
1,165,0.8025
1,166,0.8025
1,167,0.6975
1,168,0.815
1,169,0.7799999999999999
1,170,0.775
1,171,0.7975
1,172,0.7325
1,173,0.6625
1,174,0.7625000000000001
1,175,0.69
1,176,0.8175
1,177,0.7425
1,178,0.6924999999999999
1,179,0.7
1,180,0.7825
1,181,0.7875
1,182,0.7649999999999999
1,183,0.7775
1,184,0.7675
1,185,0.7849999999999999
1,186,0.7975000000000001
1,187,0.7374999999999999
1,188,0.79
1,189,0.76
1,190,0.7575000000000001
1,191,0.7125
1,192,0.7475
1,193,0.7875
1,194,0.745
1,195,0.8
1,196,0.7299999999999999
1,197,0.79
1,198,0.815
1,199,0.7675000000000001
1,200,0.8250000000000001
1,201,0.8325
1,202,0.8025
1,203,0.74
1,204,0.73
1,205,0.7749999999999999
1,206,0.7925
1,207,0.7875000000000001
1,208,0.8275
1,209,0.7775
1,210,0.735
1,211,0.7074999999999999
1,212,0.79
1,213,0.75
1,214,0.785
1,215,0.7675
1,216,0.7675
1,217,0.7699999999999999
1,218,0.825
1,219,0.7274999999999999
1,220,0.81
1,221,0.7849999999999999
1,222,0.8400000000000001
1,223,0.8
1,224,0.7625
1,225,0.7575
1,226,0.7325
1,227,0.7675
1,228,0.7275
1,229,0.7575
1,230,0.7775
1,231,0.7625
1,232,0.8375
1,233,0.775
1,234,0.755
1,235,0.765
1,236,0.7875
1,237,0.745
1,238,0.7775
1,239,0.8075
1,240,0.78
1,241,0.7875
1,242,0.6974999999999999
1,243,0.7825000000000001
1,244,0.7125
1,245,0.765
1,246,0.7499999999999999
1,247,0.77
1,248,0.8049999999999999
1,249,0.6849999999999999
1,250,0.7425
1,251,0.68
1,252,0.71
1,253,0.7625
1,254,0.705
1,255,0.825
1,256,0.7725
1,257,0.6475
1,258,0.7625
1,259,0.6849999999999999
1,260,0.74
1,261,0.7899999999999999
1,262,0.8275
1,263,0.745
1,264,0.755
1,265,0.7424999999999999
1,266,0.7399999999999999
1,267,0.705
1,268,0.74
1,269,0.7025
1,270,0.6875
1,271,0.76
1,272,0.73
1,273,0.6849999999999999
1,274,0.7975000000000001
1,275,0.7399999999999999
1,276,0.735
1,277,0.7325
1,278,0.8175
1,279,0.8049999999999999
1,280,0.8225
1,281,0.74
1,282,0.7349999999999999
1,283,0.725
1,284,0.8075
1,285,0.8150000000000001
1,286,0.7499999999999999
1,287,0.7525
1,288,0.7275
1,289,0.6725
1,290,0.7725
1,291,0.6849999999999999
1,292,0.7250000000000001
1,293,0.7425
1,294,0.7874999999999999
1,295,0.8524999999999999
1,296,0.7525
1,297,0.8225
1,298,0.7949999999999999
1,299,0.7375
1,300,0.7274999999999999
1,301,0.7725
1,302,0.7525000000000001
1,303,0.7725
1,304,0.825
1,305,0.7575
1,306,0.72
1,307,0.7875
1,308,0.765
1,309,0.765
1,310,0.8025
1,311,0.775
1,312,0.7724999999999999
1,313,0.755
1,314,0.7000000000000001
1,315,0.7474999999999999
1,316,0.76
1,317,0.85
1,318,0.7575
1,319,0.7224999999999999
1,320,0.7625000000000001
1,321,0.76
1,322,0.8325
1,323,0.79
1,324,0.6924999999999999
1,325,0.7575
1,326,0.8025
1,327,0.755
1,328,0.7749999999999999
1,329,0.73
1,330,0.7725
1,331,0.83
1,332,0.735
1,333,0.6799999999999999
1,334,0.705
1,335,0.6799999999999999
1,336,0.7499999999999999
1,337,0.7799999999999999
1,338,0.7275
1,339,0.8425
1,340,0.7575000000000001
1,341,0.7575000000000001
1,342,0.735
1,343,0.6974999999999999
1,344,0.7875
1,345,0.7675
1,346,0.6925
1,347,0.7525
1,348,0.7025
1,349,0.8275
1,350,0.7425
1,351,0.79
1,352,0.8200000000000002
1,353,0.6799999999999999
1,354,0.755
1,355,0.77
1,356,0.735
1,357,0.8575
1,358,0.76
1,359,0.7600000000000001
1,360,0.815
1,361,0.75
1,362,0.76
1,363,0.7174999999999999
1,364,0.7875
1,365,0.7474999999999999
1,366,0.7875
1,367,0.765
1,368,0.7725
1,369,0.79
1,370,0.85
1,371,0.785
1,372,0.77
1,373,0.78
1,374,0.7799999999999999
1,375,0.735
1,376,0.7625
1,377,0.7925
1,378,0.6425000000000001
1,379,0.775
1,380,0.8049999999999999
1,381,0.76
1,382,0.79
1,383,0.7625
1,384,0.7200000000000001
1,385,0.73
1,386,0.7325
1,387,0.8575
1,388,0.61
1,389,0.73
1,390,0.7374999999999999
1,391,0.8225
1,392,0.79
1,393,0.7474999999999999
1,394,0.775
1,395,0.7675000000000001
1,396,0.82
1,397,0.7424999999999999
1,398,0.7474999999999999
1,399,0.72
1,400,0.6950000000000001
1,401,0.78
1,402,0.64
1,403,0.7474999999999999
1,404,0.7525000000000001
1,405,0.68
1,406,0.8175
1,407,0.7274999999999999
1,408,0.8225
1,409,0.6625
1,410,0.7849999999999999
1,411,0.79
1,412,0.72
1,413,0.7325
1,414,0.7975
1,415,0.785
1,416,0.725
1,417,0.7174999999999999
1,418,0.87
1,419,0.8075000000000001
1,420,0.6749999999999999
1,421,0.8049999999999999
1,422,0.8099999999999999
1,423,0.785
1,424,0.7825
1,425,0.78
1,426,0.7575000000000001
1,427,0.7825
1,428,0.7650000000000001
1,429,0.7775
1,430,0.8125
1,431,0.6925
1,432,0.7949999999999999
1,433,0.7625
1,434,0.7175
1,435,0.7174999999999999
1,436,0.6825
1,437,0.735
1,438,0.7025
1,439,0.7949999999999999
1,440,0.8075
1,441,0.775
1,442,0.7675000000000001
1,443,0.8225
1,444,0.69
1,445,0.8200000000000001
1,446,0.765
1,447,0.72
1,448,0.7625
1,449,0.7775
1,450,0.7225
1,451,0.73
1,452,0.745
1,453,0.7925
1,454,0.7899999999999999
1,455,0.7875
1,456,0.7275
1,457,0.8250000000000001
1,458,0.79
1,459,0.7725
1,460,0.8
1,461,0.745
1,462,0.7675
1,463,0.7525
1,464,0.765
1,465,0.8
1,466,0.7725
1,467,0.775
1,468,0.785
1,469,0.7324999999999999
1,470,0.7224999999999999
1,471,0.8025
1,472,0.7200000000000001
1,473,0.705
1,474,0.7749999999999999
1,475,0.8175
1,476,0.79
1,477,0.7174999999999999
1,478,0.7175
1,479,0.75
1,480,0.8
1,481,0.7749999999999999
1,482,0.8325
1,483,0.7775
1,484,0.7499999999999999
1,485,0.69
1,486,0.7174999999999999
1,487,0.7575000000000001
1,488,0.795
1,489,0.7250000000000001
1,490,0.755
1,491,0.8049999999999999
1,492,0.775
1,493,0.7725000000000001
1,494,0.745
1,495,0.7849999999999999
1,496,0.735
1,497,0.7575
1,498,0.6675
1,499,0.7200000000000001
1,500,0.8200000000000001
1,501,0.8025
1,502,0.8200000000000001
1,503,0.7174999999999999
1,504,0.76
1,505,0.7525
1,506,0.7825
1,507,0.7000000000000001
1,508,0.7225
1,509,0.7424999999999999
1,510,0.7625
1,511,0.7825
1,512,0.8125000000000001
1,513,0.8125
1,514,0.6925
1,515,0.7975
1,516,0.7825
1,517,0.7825
1,518,0.745
1,519,0.74
1,520,0.8425
1,521,0.6399999999999999
1,522,0.72
1,523,0.8325
1,524,0.77
1,525,0.735
1,526,0.8225
1,527,0.8625
1,528,0.78
1,529,0.755
1,530,0.8075
1,531,0.775
1,532,0.725
1,533,0.7000000000000001
1,534,0.625
1,535,0.7274999999999999
1,536,0.7325
1,537,0.7474999999999999
1,538,0.8474999999999999
1,539,0.7124999999999999
1,540,0.8074999999999999
1,541,0.7799999999999999
1,542,0.7875
1,543,0.7450000000000001
1,544,0.8075
1,545,0.8025
1,546,0.74
1,547,0.7849999999999999
1,548,0.8375
1,549,0.79
1,550,0.79
1,551,0.7575
1,552,0.7825000000000001
1,553,0.7875
1,554,0.75
1,555,0.7775000000000001
1,556,0.8875
1,557,0.795
1,558,0.6950000000000001
1,559,0.7174999999999999
1,560,0.7525
1,561,0.7175
1,562,0.67
1,563,0.78
1,564,0.7825
1,565,0.84
1,566,0.7274999999999999
1,567,0.7925
1,568,0.8225
1,569,0.8600000000000001
1,570,0.6875
1,571,0.8175
1,572,0.8025
1,573,0.72
1,574,0.7725000000000001
1,575,0.735
1,576,0.8175
1,577,0.795
1,578,0.815
1,579,0.825
1,580,0.7899999999999999
1,581,0.8099999999999999
1,582,0.78
1,583,0.78
1,584,0.6875
1,585,0.7525
1,586,0.735
1,587,0.7324999999999999
1,588,0.7625
1,589,0.74
1,590,0.6849999999999999
1,591,0.7875
1,592,0.7925
1,593,0.7625
1,594,0.7575
1,595,0.755
1,596,0.75
1,597,0.7325
1,598,0.7274999999999999
1,599,0.8075
1,600,0.76
1,601,0.6675
1,602,0.8275
1,603,0.8125
1,604,0.8175
1,605,0.7675
1,606,0.7425
1,607,0.7775
1,608,0.7875000000000001
1,609,0.8125
1,610,0.74
1,611,0.66
1,612,0.715
1,613,0.7999999999999999
1,614,0.7575
1,615,0.7925
1,616,0.775
1,617,0.725
1,618,0.8125
1,619,0.6725
1,620,0.775
1,621,0.6799999999999999
1,622,0.78
1,623,0.7474999999999999
1,624,0.845
1,625,0.635
1,626,0.79
1,627,0.8725
1,628,0.81
1,629,0.7425
1,630,0.82
1,631,0.755
1,632,0.7850000000000001
1,633,0.78
1,634,0.755
1,635,0.7850000000000001
1,636,0.7225
1,637,0.7725000000000001
1,638,0.77
1,639,0.8575
1,640,0.74
1,641,0.635
1,642,0.78
1,643,0.755
1,644,0.8450000000000001
1,645,0.71
1,646,0.8
1,647,0.8250000000000001
1,648,0.7725
1,649,0.7175
1,650,0.7625000000000001
1,651,0.7499999999999999
1,652,0.7575
1,653,0.755
1,654,0.72
1,655,0.7575000000000001
1,656,0.8325
1,657,0.7625000000000001
1,658,0.7725
1,659,0.7999999999999999
1,660,0.7424999999999999
1,661,0.7424999999999999
1,662,0.795
1,663,0.705
1,664,0.79
1,665,0.705
1,666,0.715
1,667,0.7575000000000001
1,668,0.75
1,669,0.74
1,670,0.66
1,671,0.7000000000000001
1,672,0.785
1,673,0.72
1,674,0.77
1,675,0.7375
1,676,0.74
1,677,0.8275
1,678,0.7725000000000001
1,679,0.7825
1,680,0.8049999999999999
1,681,0.795
1,682,0.8500000000000001
1,683,0.855
1,684,0.7675
1,685,0.7325
1,686,0.8175
1,687,0.7075
1,688,0.7075
1,689,0.7275
1,690,0.755
1,691,0.6799999999999999
1,692,0.8324999999999999
1,693,0.735
1,694,0.7425
1,695,0.7650000000000001
1,696,0.7425
1,697,0.73
1,698,0.78
1,699,0.7575000000000001
1,700,0.7725
1,701,0.6775
1,702,0.7475
1,703,0.7300000000000001
1,704,0.77
1,705,0.725
1,706,0.7075
1,707,0.7475
1,708,0.7725000000000001
1,709,0.79
1,710,0.78
1,711,0.8049999999999999
1,712,0.7225
1,713,0.825
1,714,0.7299999999999999
1,715,0.7925
1,716,0.825
1,717,0.7825
1,718,0.6575
1,719,0.6675
1,720,0.7225
1,721,0.77
1,722,0.8125
1,723,0.775
1,724,0.77
1,725,0.8099999999999999
1,726,0.6775
1,727,0.7675000000000001
1,728,0.7325
1,729,0.86
1,730,0.8150000000000001
1,731,0.67
1,732,0.7725
1,733,0.82
1,734,0.7575000000000001
1,735,0.7525000000000001
1,736,0.7474999999999999
1,737,0.765
1,738,0.72
1,739,0.6975
1,740,0.79
1,741,0.7324999999999999
1,742,0.6825
1,743,0.83
1,744,0.7374999999999999
1,745,0.78
1,746,0.7175
1,747,0.7775000000000001
1,748,0.8124999999999999
1,749,0.7675000000000001
1,750,0.8150000000000001
1,751,0.7325
1,752,0.8175
1,753,0.7899999999999999
1,754,0.7125
1,755,0.7275000000000001
1,756,0.8800000000000001
1,757,0.7799999999999999
1,758,0.7575
1,759,0.7925
1,760,0.735
1,761,0.7975
1,762,0.7825
1,763,0.7625000000000001
1,764,0.6725
1,765,0.73
1,766,0.7949999999999999
1,767,0.7725
1,768,0.8375000000000001
1,769,0.765
1,770,0.7975
1,771,0.8525
1,772,0.7575000000000001
1,773,0.78
1,774,0.695
1,775,0.835
1,776,0.7899999999999999
1,777,0.7925
1,778,0.7425
1,779,0.7925
1,780,0.82
1,781,0.725
1,782,0.815
1,783,0.6625
1,784,0.7925
1,785,0.6525
1,786,0.7625
1,787,0.8025
1,788,0.7849999999999999
1,789,0.7224999999999999
1,790,0.7549999999999999
1,791,0.7575
1,792,0.7274999999999999
1,793,0.7025
1,794,0.7325
1,795,0.7825
1,796,0.7625
1,797,0.7325
1,798,0.725
1,799,0.75
1,800,0.7575000000000001
1,801,0.7225
1,802,0.8049999999999999
1,803,0.7024999999999999
1,804,0.7099999999999999
1,805,0.7925
1,806,0.7274999999999999
1,807,0.7625000000000001
1,808,0.7875
1,809,0.6725
1,810,0.7874999999999999
1,811,0.75
1,812,0.8175
1,813,0.7675
1,814,0.8
1,815,0.68
1,816,0.7975
1,817,0.695
1,818,0.725
1,819,0.8374999999999999
1,820,0.8250000000000001
1,821,0.7175
1,822,0.8175
1,823,0.7225
1,824,0.695
1,825,0.8
1,826,0.74
1,827,0.7000000000000001
1,828,0.8225
1,829,0.7899999999999999
1,830,0.7124999999999999
1,831,0.7625
1,832,0.785
1,833,0.7224999999999999
1,834,0.7350000000000001
1,835,0.7775
1,836,0.8125
1,837,0.765
1,838,0.75
1,839,0.68
1,840,0.755
1,841,0.7675
1,842,0.68
1,843,0.7575
1,844,0.86
1,845,0.7625
1,846,0.7775
1,847,0.795
1,848,0.78
1,849,0.7575
1,850,0.845
1,851,0.815
1,852,0.7675000000000001
1,853,0.7775
1,854,0.7125
1,855,0.7575000000000001
1,856,0.7775
1,857,0.77
1,858,0.7975
1,859,0.855
1,860,0.8075
1,861,0.7725
1,862,0.7525000000000002
1,863,0.6950000000000001
1,864,0.6875000000000001
1,865,0.7675
1,866,0.7925
1,867,0.8375
1,868,0.68
1,869,0.7125
1,870,0.77
1,871,0.6974999999999999
1,872,0.8175
1,873,0.78
1,874,0.73
1,875,0.7899999999999999
1,876,0.6675
1,877,0.755
1,878,0.7124999999999999
1,879,0.7374999999999999
1,880,0.7575000000000001
1,881,0.7775000000000001
1,882,0.75
1,883,0.8075000000000001
1,884,0.8
1,885,0.755
1,886,0.8150000000000001
1,887,0.7775
1,888,0.64
1,889,0.775
1,890,0.7625
1,891,0.71
1,892,0.81
1,893,0.7425
1,894,0.8625
1,895,0.74
1,896,0.8275000000000001
1,897,0.7599999999999999
1,898,0.7899999999999999
1,899,0.75
1,900,0.6725
1,901,0.7799999999999999
1,902,0.7224999999999999
1,903,0.7675000000000001
1,904,0.755
1,905,0.6875
1,906,0.77
1,907,0.8025
1,908,0.7775
1,909,0.7525000000000001
1,910,0.7425
1,911,0.75
1,912,0.75
1,913,0.865
1,914,0.74
1,915,0.7274999999999999
1,916,0.655
1,917,0.6749999999999999
1,918,0.775
1,919,0.7825000000000001
1,920,0.7075
1,921,0.89
1,922,0.8025000000000001
1,923,0.7775
1,924,0.8375
1,925,0.7599999999999999
1,926,0.8075
1,927,0.77
1,928,0.7675
1,929,0.7775
1,930,0.8150000000000001
1,931,0.6325
1,932,0.7275
1,933,0.7424999999999999
1,934,0.81
1,935,0.8125
1,936,0.7475
1,937,0.725
1,938,0.705
1,939,0.8325
1,940,0.775
1,941,0.755
1,942,0.7124999999999999
1,943,0.7799999999999999
1,944,0.7225
1,945,0.785
1,946,0.795
1,947,0.7575000000000001
1,948,0.8125
1,949,0.7749999999999999
1,950,0.725
1,951,0.7325
1,952,0.805
1,953,0.7575000000000001
1,954,0.7775
1,955,0.7875
1,956,0.715
1,957,0.7625
1,958,0.82
1,959,0.7875
1,960,0.735
1,961,0.705
1,962,0.7425
1,963,0.8150000000000001
1,964,0.81
1,965,0.8225
1,966,0.7999999999999999
1,967,0.7575000000000001
1,968,0.785
1,969,0.7725
1,970,0.75
1,971,0.8
1,972,0.73
1,973,0.8275
1,974,0.785
1,975,0.6775
1,976,0.675
1,977,0.6975
1,978,0.7799999999999999
1,979,0.8025
1,980,0.8
1,981,0.8025
1,982,0.7575
1,983,0.7575
1,984,0.865
1,985,0.8075
1,986,0.7975000000000001
1,987,0.7374999999999999
1,988,0.8150000000000001
1,989,0.835
1,990,0.72
1,991,0.76
1,992,0.6874999999999999
1,993,0.76
1,994,0.8124999999999999
1,995,0.71
1,996,0.7725
1,997,0.8150000000000001
1,998,0.7375
1,999,0.7675000000000001
2,0,0.6675
2,1,0.7124999999999999
2,2,0.6625
2,3,0.7225
2,4,0.7025
2,5,0.74
2,6,0.6375
2,7,0.61
2,8,0.6875
2,9,0.52
2,10,0.735
2,11,0.71
2,12,0.7124999999999999
2,13,0.7025000000000001
2,14,0.755
2,15,0.62
2,16,0.655
2,17,0.665
2,18,0.72
2,19,0.6775
2,20,0.6075
2,21,0.7525
2,22,0.7075
2,23,0.71
2,24,0.65
2,25,0.6725000000000001
2,26,0.6825000000000001
2,27,0.78
2,28,0.7375
2,29,0.575
2,30,0.7174999999999999
2,31,0.6175
2,32,0.6499999999999999
2,33,0.635
2,34,0.7825
2,35,0.8200000000000001
2,36,0.675
2,37,0.7425
2,38,0.72
2,39,0.6675
2,40,0.7050000000000001
2,41,0.625
2,42,0.6025
2,43,0.6775
2,44,0.6649999999999999
2,45,0.6525000000000001
2,46,0.73
2,47,0.7075000000000001
2,48,0.7125
2,49,0.7525
2,50,0.6325000000000001
2,51,0.6950000000000001
2,52,0.7125
2,53,0.6425000000000001
2,54,0.6875
2,55,0.6625
2,56,0.685
2,57,0.615
2,58,0.78
2,59,0.7225
2,60,0.7025
2,61,0.645
2,62,0.6775
2,63,0.6225
2,64,0.73
2,65,0.595
2,66,0.6575
2,67,0.655
2,68,0.7525000000000001
2,69,0.7424999999999999
2,70,0.675
2,71,0.6649999999999998
2,72,0.5525
2,73,0.6975
2,74,0.7
2,75,0.6074999999999999
2,76,0.6025
2,77,0.6825
2,78,0.5275000000000001
2,79,0.6775
2,80,0.5675
2,81,0.68
2,82,0.665
2,83,0.665
2,84,0.635
2,85,0.6925000000000001
2,86,0.6599999999999999
2,87,0.7024999999999999
2,88,0.6825
2,89,0.7275
2,90,0.705
2,91,0.735
2,92,0.7050000000000001
2,93,0.69
2,94,0.6275
2,95,0.5950000000000001
2,96,0.6074999999999999
2,97,0.6075
2,98,0.7025000000000001
2,99,0.7224999999999999
2,100,0.6575
2,101,0.66
2,102,0.63
2,103,0.6425
2,104,0.6475
2,105,0.6124999999999999
2,106,0.695
2,107,0.6475
2,108,0.6225
2,109,0.795
2,110,0.6675
2,111,0.5475
2,112,0.565
2,113,0.6125
2,114,0.7575000000000001
2,115,0.6975
2,116,0.6775
2,117,0.7024999999999999
2,118,0.665
2,119,0.7050000000000001
2,120,0.66
2,121,0.6525
2,122,0.6275
2,123,0.685
2,124,0.7325
2,125,0.7024999999999999
2,126,0.515
2,127,0.7349999999999999
2,128,0.6175
2,129,0.7025000000000001
2,130,0.63
2,131,0.6825
2,132,0.6375
2,133,0.7175
2,134,0.675
2,135,0.75
2,136,0.5975
2,137,0.68
2,138,0.6275
2,139,0.7000000000000001
2,140,0.7024999999999999
2,141,0.6575000000000001
2,142,0.72
2,143,0.6125
2,144,0.7
2,145,0.6025
2,146,0.59
2,147,0.575
2,148,0.6399999999999999
2,149,0.6825
2,150,0.6625
2,151,0.72
2,152,0.6225
2,153,0.63
2,154,0.665
2,155,0.675
2,156,0.7550000000000001
2,157,0.6525000000000001
2,158,0.7025
2,159,0.73
2,160,0.7075
2,161,0.6625000000000001
2,162,0.6199999999999999
2,163,0.6725000000000001
2,164,0.745
2,165,0.61
2,166,0.6425
2,167,0.7
2,168,0.58
2,169,0.7424999999999999
2,170,0.685
2,171,0.7024999999999999
2,172,0.66
2,173,0.61
2,174,0.695
2,175,0.7
2,176,0.7274999999999999
2,177,0.7075
2,178,0.7
2,179,0.625
2,180,0.6224999999999999
2,181,0.6575
2,182,0.5850000000000001
2,183,0.64
2,184,0.71
2,185,0.6675
2,186,0.6825
2,187,0.5875
2,188,0.6375
2,189,0.5975
2,190,0.6575
2,191,0.7375
2,192,0.6549999999999998
2,193,0.705
2,194,0.615
2,195,0.7150000000000001
2,196,0.6475
2,197,0.595
2,198,0.76
2,199,0.6875
2,200,0.7450000000000001
2,201,0.6625000000000001
2,202,0.73
2,203,0.6725
2,204,0.5675000000000001
2,205,0.68
2,206,0.7525
2,207,0.615
2,208,0.7175
2,209,0.635
2,210,0.6675
2,211,0.7375
2,212,0.6950000000000001
2,213,0.6975
2,214,0.655
2,215,0.6525000000000001
2,216,0.645
2,217,0.6525000000000001
2,218,0.73
2,219,0.6975000000000001
2,220,0.735
2,221,0.685
2,222,0.6325
2,223,0.6224999999999999
2,224,0.675
2,225,0.685
2,226,0.6475
2,227,0.6074999999999999
2,228,0.66
2,229,0.6075
2,230,0.7925
2,231,0.7999999999999999
2,232,0.685
2,233,0.7050000000000001
2,234,0.625
2,235,0.7050000000000001
2,236,0.6475
2,237,0.6000000000000001
2,238,0.7124999999999999
2,239,0.675
2,240,0.7025
2,241,0.645
2,242,0.6625
2,243,0.71
2,244,0.6599999999999999
2,245,0.74
2,246,0.7124999999999999
2,247,0.5825
2,248,0.6725
2,249,0.7324999999999999
2,250,0.6275000000000001
2,251,0.6475
2,252,0.6775
2,253,0.6275
2,254,0.6375
2,255,0.58
2,256,0.655
2,257,0.66
2,258,0.5625
2,259,0.74
2,260,0.5700000000000001
2,261,0.625
2,262,0.7024999999999999
2,263,0.545
2,264,0.62
2,265,0.685
2,266,0.685
2,267,0.6475
2,268,0.7425
2,269,0.7125
2,270,0.8125
2,271,0.7500000000000001
2,272,0.6125
2,273,0.735
2,274,0.5775
2,275,0.5775
2,276,0.6699999999999999
2,277,0.6074999999999999
2,278,0.6900000000000001
2,279,0.6775
2,280,0.645
2,281,0.675
2,282,0.62
2,283,0.6499999999999999
2,284,0.6925
2,285,0.6975
2,286,0.6775
2,287,0.765
2,288,0.6025
2,289,0.67
2,290,0.6825
2,291,0.6625
2,292,0.7875
2,293,0.6024999999999999
2,294,0.7075
2,295,0.5725
2,296,0.6799999999999999
2,297,0.6950000000000001
2,298,0.6675
2,299,0.6775
2,300,0.48000000000000004
2,301,0.6775
2,302,0.58
2,303,0.63
2,304,0.66
2,305,0.6575
2,306,0.6575
2,307,0.6000000000000001
2,308,0.6525000000000001
2,309,0.7575000000000001
2,310,0.7849999999999999
2,311,0.6475
2,312,0.48
2,313,0.62
2,314,0.7025
2,315,0.645
2,316,0.68
2,317,0.75
2,318,0.7575
2,319,0.6549999999999999
2,320,0.615
2,321,0.555
2,322,0.6975000000000001
2,323,0.7150000000000001
2,324,0.775
2,325,0.6950000000000001
2,326,0.6725000000000001
2,327,0.645
2,328,0.61
2,329,0.5275
2,330,0.7325
2,331,0.585
2,332,0.7549999999999999
2,333,0.6375
2,334,0.6575
2,335,0.7175
2,336,0.6575
2,337,0.6925000000000001
2,338,0.6725
2,339,0.61
2,340,0.7025
2,341,0.8175000000000001
2,342,0.605
2,343,0.785
2,344,0.615
2,345,0.6649999999999999
2,346,0.73
2,347,0.655
2,348,0.6799999999999999
2,349,0.71
2,350,0.7325
2,351,0.6975
2,352,0.6375000000000001
2,353,0.7225
2,354,0.6575
2,355,0.6625
2,356,0.6525000000000001
2,357,0.5975
2,358,0.6950000000000001
2,359,0.6724999999999999
2,360,0.6975
2,361,0.5775
2,362,0.6625000000000001
2,363,0.69
2,364,0.68
2,365,0.6825
2,366,0.6924999999999999
2,367,0.6425
2,368,0.6900000000000001
2,369,0.605
2,370,0.7199999999999999
2,371,0.74
2,372,0.5975
2,373,0.73
2,374,0.735
2,375,0.79
2,376,0.6599999999999999
2,377,0.6425000000000001
2,378,0.7150000000000001
2,379,0.7925000000000001
2,380,0.5249999999999999
2,381,0.5875
2,382,0.645
2,383,0.645
2,384,0.5974999999999999
2,385,0.755
2,386,0.6525000000000001
2,387,0.825
2,388,0.6725
2,389,0.6375
2,390,0.645
2,391,0.6625
2,392,0.6725
2,393,0.8049999999999999
2,394,0.6600000000000001
2,395,0.72
2,396,0.5299999999999999
2,397,0.5325
2,398,0.7525
2,399,0.635
2,400,0.72
2,401,0.6025
2,402,0.62
2,403,0.685
2,404,0.6799999999999999
2,405,0.735
2,406,0.7424999999999999
2,407,0.74
2,408,0.7125
2,409,0.5925
2,410,0.695
2,411,0.5825
2,412,0.7725
2,413,0.6925
2,414,0.5575
2,415,0.7
2,416,0.6925
2,417,0.645
2,418,0.5549999999999999
2,419,0.6475
2,420,0.6575
2,421,0.6924999999999999
2,422,0.5075000000000001
2,423,0.7775000000000001
2,424,0.6725
2,425,0.7175
2,426,0.6575
2,427,0.795
2,428,0.62
2,429,0.7124999999999999
2,430,0.6125
2,431,0.585
2,432,0.7225
2,433,0.62
2,434,0.7775
2,435,0.625
2,436,0.64
2,437,0.6775
2,438,0.6499999999999999
2,439,0.6824999999999999
2,440,0.635
2,441,0.76
2,442,0.6425
2,443,0.6799999999999999
2,444,0.7025
2,445,0.765
2,446,0.625
2,447,0.62
2,448,0.675
2,449,0.6699999999999999
2,450,0.7449999999999999
2,451,0.58
2,452,0.735
2,453,0.665
2,454,0.685
2,455,0.7375
2,456,0.6775
2,457,0.5875
2,458,0.6174999999999999
2,459,0.665
2,460,0.65
2,461,0.7525
2,462,0.635
2,463,0.6675
2,464,0.595
2,465,0.7175
2,466,0.6875
2,467,0.65
2,468,0.6525000000000001
2,469,0.7175
2,470,0.6425000000000001
2,471,0.66
2,472,0.5999999999999999
2,473,0.6599999999999999
2,474,0.7150000000000001
2,475,0.76
2,476,0.6975
2,477,0.6524999999999999
2,478,0.6875
2,479,0.635
2,480,0.5275000000000001
2,481,0.6000000000000001
2,482,0.7625000000000001
2,483,0.67
2,484,0.5999999999999999
2,485,0.6575
2,486,0.6649999999999999
2,487,0.64
2,488,0.6325
2,489,0.5874999999999999
2,490,0.6399999999999999
2,491,0.7025
2,492,0.6575000000000001
2,493,0.6425000000000001
2,494,0.5575
2,495,0.6325000000000001
2,496,0.6275000000000001
2,497,0.7675000000000001
2,498,0.6549999999999999
2,499,0.6975
2,500,0.71
2,501,0.67
2,502,0.69
2,503,0.59
2,504,0.665
2,505,0.6625
2,506,0.635
2,507,0.645
2,508,0.7525000000000001
2,509,0.645
2,510,0.5499999999999999
2,511,0.6825
2,512,0.6200000000000001
2,513,0.6925
2,514,0.6725000000000001
2,515,0.7175
2,516,0.6025
2,517,0.645
2,518,0.65
2,519,0.6525
2,520,0.595
2,521,0.65
2,522,0.7475
2,523,0.645
2,524,0.6425000000000001
2,525,0.5825
2,526,0.695
2,527,0.6725
2,528,0.61
2,529,0.675
2,530,0.7725
2,531,0.7625
2,532,0.725
2,533,0.7025
2,534,0.7124999999999999
2,535,0.72
2,536,0.785
2,537,0.6825
2,538,0.7275
2,539,0.6975
2,540,0.6125
2,541,0.7575000000000001
2,542,0.675
2,543,0.65
2,544,0.6375000000000001
2,545,0.6725000000000001
2,546,0.6775
2,547,0.6525
2,548,0.6375
2,549,0.655
2,550,0.66
2,551,0.6825000000000001
2,552,0.7225
2,553,0.6425000000000001
2,554,0.6575
2,555,0.6849999999999999
2,556,0.8075
2,557,0.8
2,558,0.7000000000000001
2,559,0.705
2,560,0.6475
2,561,0.75
2,562,0.71
2,563,0.6625
2,564,0.6824999999999999
2,565,0.6125
2,566,0.74
2,567,0.5925
2,568,0.64
2,569,0.5449999999999999
2,570,0.76
2,571,0.6525
2,572,0.6875
2,573,0.6900000000000001
2,574,0.7374999999999999
2,575,0.6900000000000001
2,576,0.7425
2,577,0.6425000000000001
2,578,0.675
2,579,0.6750000000000002
2,580,0.6025
2,581,0.6425
2,582,0.6425000000000001
2,583,0.73
2,584,0.7574999999999998
2,585,0.685
2,586,0.59
2,587,0.6900000000000001
2,588,0.5774999999999999
2,589,0.6525
2,590,0.665
2,591,0.6875
2,592,0.605
2,593,0.6975
2,594,0.7675
2,595,0.73
2,596,0.7424999999999999
2,597,0.5900000000000001
2,598,0.6875
2,599,0.6425000000000001
2,600,0.6500000000000001
2,601,0.73
2,602,0.7175
2,603,0.75
2,604,0.6975000000000001
2,605,0.665
2,606,0.6000000000000001
2,607,0.6075
2,608,0.615
2,609,0.7074999999999999
2,610,0.7250000000000001
2,611,0.6075
2,612,0.715
2,613,0.6675
2,614,0.7275
2,615,0.6925
2,616,0.7424999999999999
2,617,0.64
2,618,0.5974999999999999
2,619,0.615
2,620,0.42
2,621,0.6699999999999999
2,622,0.66
2,623,0.7225
2,624,0.6674999999999999
2,625,0.745
2,626,0.75
2,627,0.575
2,628,0.6875
2,629,0.595
2,630,0.735
2,631,0.62
2,632,0.605
2,633,0.655
2,634,0.6625
2,635,0.6399999999999999
2,636,0.6675
2,637,0.7675000000000001
2,638,0.565
2,639,0.7325000000000002
2,640,0.71
2,641,0.665
2,642,0.6125
2,643,0.7275
2,644,0.6849999999999999
2,645,0.63
2,646,0.6825
2,647,0.74
2,648,0.6224999999999999
2,649,0.6599999999999999
2,650,0.6
2,651,0.66
2,652,0.6174999999999999
2,653,0.7825
2,654,0.6925
2,655,0.7775
2,656,0.7925
2,657,0.5974999999999999
2,658,0.6325
2,659,0.6699999999999999
2,660,0.6799999999999999
2,661,0.665
2,662,0.6375
2,663,0.72
2,664,0.6825
2,665,0.6124999999999999
2,666,0.68
2,667,0.6749999999999999
2,668,0.6125
2,669,0.6725
2,670,0.625
2,671,0.5874999999999999
2,672,0.6725
2,673,0.6425
2,674,0.7225
2,675,0.705
2,676,0.845
2,677,0.64
2,678,0.765
2,679,0.7075
2,680,0.625
2,681,0.645
2,682,0.7000000000000001
2,683,0.64
2,684,0.6825
2,685,0.705
2,686,0.5325
2,687,0.7225
2,688,0.725
2,689,0.63
2,690,0.5800000000000001
2,691,0.6225
2,692,0.7375
2,693,0.6675
2,694,0.6775
2,695,0.58
2,696,0.6225
2,697,0.6375000000000001
2,698,0.6275
2,699,0.5650000000000001
2,700,0.5700000000000001
2,701,0.7100000000000001
2,702,0.7675
2,703,0.635
2,704,0.6275
2,705,0.6950000000000001
2,706,0.625
2,707,0.6749999999999999
2,708,0.69
2,709,0.7925
2,710,0.77
2,711,0.7224999999999999
2,712,0.5825
2,713,0.7125
2,714,0.715
2,715,0.665
2,716,0.6699999999999999
2,717,0.6575000000000001
2,718,0.6875
2,719,0.68
2,720,0.7525
2,721,0.6600000000000001
2,722,0.6725
2,723,0.7225
2,724,0.7050000000000001
2,725,0.7024999999999999
2,726,0.6225
2,727,0.625
2,728,0.7775000000000001
2,729,0.68
2,730,0.7150000000000001
2,731,0.5625
2,732,0.66
2,733,0.7224999999999999
2,734,0.7675
2,735,0.6025
2,736,0.55
2,737,0.6699999999999999
2,738,0.63
2,739,0.7575000000000001
2,740,0.5700000000000001
2,741,0.725
2,742,0.6575
2,743,0.64
2,744,0.6525
2,745,0.675
2,746,0.6525
2,747,0.7175
2,748,0.6774999999999999
2,749,0.72
2,750,0.64
2,751,0.7
2,752,0.7075
2,753,0.5925
2,754,0.6875
2,755,0.635
2,756,0.64
2,757,0.6575
2,758,0.6625
2,759,0.6649999999999999
2,760,0.79
2,761,0.7
2,762,0.65
2,763,0.585
2,764,0.5975
2,765,0.7725
2,766,0.7549999999999999
2,767,0.7125
2,768,0.615
2,769,0.7000000000000001
2,770,0.6350000000000001
2,771,0.7050000000000001
2,772,0.745
2,773,0.71
2,774,0.665
2,775,0.685
2,776,0.6975
2,777,0.71
2,778,0.7175
2,779,0.605
2,780,0.745
2,781,0.7325
2,782,0.7349999999999999
2,783,0.62
2,784,0.6449999999999999
2,785,0.5575
2,786,0.6800000000000002
2,787,0.7325
2,788,0.6725
2,789,0.7375
2,790,0.5375
2,791,0.8125
2,792,0.6625000000000001
2,793,0.6749999999999999
2,794,0.81
2,795,0.655
2,796,0.6675
2,797,0.595
2,798,0.7125000000000001
2,799,0.6000000000000001
2,800,0.6975
2,801,0.5575
2,802,0.7375
2,803,0.6425
2,804,0.725
2,805,0.6925
2,806,0.7425
2,807,0.6325
2,808,0.585
2,809,0.605
2,810,0.7375
2,811,0.64
2,812,0.705
2,813,0.8025
2,814,0.7675000000000001
2,815,0.7175
2,816,0.5925
2,817,0.6924999999999999
2,818,0.6375
2,819,0.72
2,820,0.68
2,821,0.7
2,822,0.655
2,823,0.5375
2,824,0.6824999999999999
2,825,0.75
2,826,0.6174999999999999
2,827,0.7175
2,828,0.69
2,829,0.7025
2,830,0.7424999999999999
2,831,0.725
2,832,0.6425000000000001
2,833,0.8275
2,834,0.655
2,835,0.7075
2,836,0.7350000000000001
2,837,0.6950000000000001
2,838,0.825
2,839,0.7075
2,840,0.725
2,841,0.6524999999999999
2,842,0.6950000000000001
2,843,0.6875
2,844,0.6925
2,845,0.5725
2,846,0.78
2,847,0.7424999999999999
2,848,0.6925
2,849,0.6
2,850,0.7174999999999999
2,851,0.5950000000000001
2,852,0.6
2,853,0.575
2,854,0.6749999999999999
2,855,0.5725
2,856,0.7025
2,857,0.5974999999999999
2,858,0.6625000000000001
2,859,0.6499999999999999
2,860,0.65
2,861,0.5775
2,862,0.7625
2,863,0.6625
2,864,0.6375
2,865,0.7125
2,866,0.665
2,867,0.6775
2,868,0.7225
2,869,0.6675
2,870,0.69
2,871,0.6699999999999999
2,872,0.7225
2,873,0.6875
2,874,0.6325000000000001
2,875,0.6025
2,876,0.7275
2,877,0.7699999999999999
2,878,0.725
2,879,0.6775
2,880,0.6275000000000001
2,881,0.6749999999999999
2,882,0.6799999999999999
2,883,0.65
2,884,0.6425
2,885,0.81
2,886,0.6225
2,887,0.67
2,888,0.6375
2,889,0.645
2,890,0.77
2,891,0.7725
2,892,0.605
2,893,0.755
2,894,0.5875
2,895,0.6525
2,896,0.7925
2,897,0.7025
2,898,0.66
2,899,0.6575
2,900,0.66
2,901,0.7775
2,902,0.6074999999999999
2,903,0.7550000000000001
2,904,0.6399999999999999
2,905,0.6825
2,906,0.63
2,907,0.7924999999999999
2,908,0.7
2,909,0.6525
2,910,0.5850000000000001
2,911,0.705
2,912,0.47
2,913,0.695
2,914,0.6799999999999999
2,915,0.7424999999999999
2,916,0.6275
2,917,0.6950000000000001
2,918,0.7175
2,919,0.605
2,920,0.5700000000000001
2,921,0.7300000000000001
2,922,0.6125
2,923,0.69
2,924,0.5725
2,925,0.6199999999999999
2,926,0.6749999999999999
2,927,0.5925
2,928,0.6775
2,929,0.6275
2,930,0.625
2,931,0.6174999999999999
2,932,0.7324999999999999
2,933,0.7575
2,934,0.5725
2,935,0.6349999999999999
2,936,0.605
2,937,0.6125
2,938,0.7575000000000001
2,939,0.8224999999999999
2,940,0.7424999999999999
2,941,0.6200000000000001
2,942,0.6925000000000001
2,943,0.7000000000000001
2,944,0.705
2,945,0.775
2,946,0.5449999999999999
2,947,0.6625
2,948,0.775
2,949,0.655
2,950,0.6075000000000002
2,951,0.6975
2,952,0.575
2,953,0.61
2,954,0.7125
2,955,0.5925
2,956,0.6699999999999999
2,957,0.6975
2,958,0.6775
2,959,0.5875
2,960,0.66
2,961,0.6425
2,962,0.6599999999999999
2,963,0.675
2,964,0.7174999999999999
2,965,0.75
2,966,0.65
2,967,0.605
2,968,0.6875
2,969,0.655
2,970,0.7425
2,971,0.6475
2,972,0.5800000000000001
2,973,0.7375
2,974,0.6275
2,975,0.6175
2,976,0.7875
2,977,0.7275
2,978,0.5925
2,979,0.7375
2,980,0.585
2,981,0.655
2,982,0.77
2,983,0.6849999999999999
2,984,0.5650000000000001
2,985,0.6125
2,986,0.6575
2,987,0.7725000000000001
2,988,0.6725
2,989,0.6525000000000001
2,990,0.715
2,991,0.6599999999999999
2,992,0.6725000000000001
2,993,0.7050000000000001
2,994,0.635
2,995,0.7350000000000001
2,996,0.745
2,997,0.69
2,998,0.6625000000000001
2,999,0.68
3,0,0.7475
3,1,0.6600000000000001
3,2,0.7450000000000001
3,3,0.7349999999999999
3,4,0.7324999999999999
3,5,0.7749999999999999
3,6,0.85
3,7,0.7525000000000001
3,8,0.7274999999999999
3,9,0.7224999999999999
3,10,0.79
3,11,0.74
3,12,0.7175
3,13,0.8125
3,14,0.7399999999999999
3,15,0.8474999999999999
3,16,0.7825
3,17,0.7525
3,18,0.7675000000000001
3,19,0.7275
3,20,0.665
3,21,0.73
3,22,0.6675
3,23,0.6924999999999999
3,24,0.7275
3,25,0.7475
3,26,0.6775
3,27,0.655
3,28,0.7025
3,29,0.735
3,30,0.7324999999999999
3,31,0.7375
3,32,0.745
3,33,0.7175
3,34,0.75
3,35,0.7250000000000001
3,36,0.7749999999999999
3,37,0.7
3,38,0.74
3,39,0.69
3,40,0.6674999999999999
3,41,0.72
3,42,0.7825000000000001
3,43,0.87
3,44,0.715
3,45,0.8049999999999999
3,46,0.7649999999999999
3,47,0.775
3,48,0.8049999999999999
3,49,0.7474999999999999
3,50,0.7375
3,51,0.6675000000000001
3,52,0.835
3,53,0.8025
3,54,0.7050000000000001
3,55,0.725
3,56,0.765
3,57,0.725
3,58,0.655
3,59,0.7150000000000001
3,60,0.6825
3,61,0.8374999999999999
3,62,0.7250000000000001
3,63,0.6675
3,64,0.73
3,65,0.76
3,66,0.73
3,67,0.855
3,68,0.9
3,69,0.6625
3,70,0.7150000000000001
3,71,0.7525
3,72,0.815
3,73,0.7799999999999999
3,74,0.7875000000000001
3,75,0.7049999999999998
3,76,0.6875
3,77,0.6425
3,78,0.6925
3,79,0.7224999999999999
3,80,0.7925
3,81,0.73
3,82,0.7725
3,83,0.6975
3,84,0.655
3,85,0.72
3,86,0.7025
3,87,0.65
3,88,0.71
3,89,0.5900000000000001
3,90,0.8175
3,91,0.665
3,92,0.8275
3,93,0.6625
3,94,0.75
3,95,0.6849999999999999
3,96,0.695
3,97,0.695
3,98,0.72
3,99,0.6100000000000001
3,100,0.6925
3,101,0.6875
3,102,0.7775000000000001
3,103,0.795
3,104,0.7525
3,105,0.6724999999999999
3,106,0.77
3,107,0.815
3,108,0.66
3,109,0.7675
3,110,0.735
3,111,0.7799999999999999
3,112,0.665
3,113,0.69
3,114,0.7575
3,115,0.7499999999999999
3,116,0.765
3,117,0.7175
3,118,0.7749999999999999
3,119,0.6774999999999999
3,120,0.7324999999999999
3,121,0.7424999999999999
3,122,0.8525
3,123,0.7149999999999999
3,124,0.7225
3,125,0.7749999999999999
3,126,0.7050000000000001
3,127,0.6475
3,128,0.5975
3,129,0.7475
3,130,0.8225
3,131,0.7224999999999999
3,132,0.71
3,133,0.7424999999999999
3,134,0.6699999999999999
3,135,0.7424999999999999
3,136,0.72
3,137,0.7925
3,138,0.7399999999999999
3,139,0.78
3,140,0.6475
3,141,0.715
3,142,0.7225
3,143,0.725
3,144,0.7125
3,145,0.84
3,146,0.6825
3,147,0.7274999999999999
3,148,0.6699999999999999
3,149,0.7150000000000001
3,150,0.7975
3,151,0.71
3,152,0.7125
3,153,0.7650000000000001
3,154,0.71
3,155,0.7575000000000001
3,156,0.75
3,157,0.765
3,158,0.7575
3,159,0.7475
3,160,0.745
3,161,0.7675
3,162,0.7374999999999999
3,163,0.8200000000000001
3,164,0.71
3,165,0.79
3,166,0.77
3,167,0.74
3,168,0.79
3,169,0.705
3,170,0.7725
3,171,0.6799999999999999
3,172,0.7625000000000001
3,173,0.7450000000000001
3,174,0.8075
3,175,0.6749999999999999
3,176,0.78
3,177,0.6799999999999999
3,178,0.7625
3,179,0.6375
3,180,0.73
3,181,0.765
3,182,0.7149999999999999
3,183,0.7949999999999999
3,184,0.6649999999999999
3,185,0.655
3,186,0.8125
3,187,0.7625000000000001
3,188,0.8325
3,189,0.825
3,190,0.7175
3,191,0.6525
3,192,0.6849999999999999
3,193,0.6675
3,194,0.6475
3,195,0.7649999999999999
3,196,0.7025
3,197,0.7849999999999999
3,198,0.7775000000000001
3,199,0.825
3,200,0.7475
3,201,0.72
3,202,0.725
3,203,0.67
3,204,0.8525
3,205,0.7325
3,206,0.685
3,207,0.7975000000000001
3,208,0.7875000000000001
3,209,0.8525
3,210,0.845
3,211,0.7774999999999999
3,212,0.81
3,213,0.775
3,214,0.7424999999999998
3,215,0.685
3,216,0.6425000000000001
3,217,0.73
3,218,0.7949999999999999
3,219,0.765
3,220,0.705
3,221,0.7275
3,222,0.715
3,223,0.7350000000000001
3,224,0.7424999999999999
3,225,0.7625
3,226,0.71
3,227,0.7424999999999999
3,228,0.7649999999999999
3,229,0.695
3,230,0.6775
3,231,0.7075
3,232,0.7949999999999999
3,233,0.78
3,234,0.78
3,235,0.8474999999999999
3,236,0.7675
3,237,0.7474999999999999
3,238,0.7474999999999999
3,239,0.7849999999999999
3,240,0.7449999999999999
3,241,0.7725
3,242,0.7849999999999999
3,243,0.8375
3,244,0.7075
3,245,0.785
3,246,0.745
3,247,0.7699999999999999
3,248,0.74
3,249,0.7075
3,250,0.715
3,251,0.755
3,252,0.7
3,253,0.7625
3,254,0.7075
3,255,0.8025
3,256,0.71
3,257,0.7025
3,258,0.7500000000000001
3,259,0.755
3,260,0.6849999999999999
3,261,0.6975
3,262,0.73
3,263,0.7675000000000001
3,264,0.825
3,265,0.7875
3,266,0.6950000000000001
3,267,0.805
3,268,0.7675
3,269,0.72
3,270,0.76
3,271,0.665
3,272,0.8
3,273,0.7749999999999999
3,274,0.7025
3,275,0.7649999999999999
3,276,0.795
3,277,0.725
3,278,0.63
3,279,0.765
3,280,0.6975
3,281,0.77
3,282,0.7749999999999999
3,283,0.8300000000000001
3,284,0.825
3,285,0.77
3,286,0.7425
3,287,0.6975
3,288,0.66
3,289,0.7274999999999999
3,290,0.6375
3,291,0.7799999999999999
3,292,0.8325
3,293,0.7750000000000001
3,294,0.79
3,295,0.76
3,296,0.6475
3,297,0.77
3,298,0.8099999999999999
3,299,0.75
3,300,0.8400000000000001
3,301,0.845
3,302,0.815
3,303,0.89
3,304,0.7575000000000001
3,305,0.725
3,306,0.72
3,307,0.6975
3,308,0.7775
3,309,0.7525
3,310,0.7275
3,311,0.8425
3,312,0.74
3,313,0.72
3,314,0.7075
3,315,0.7749999999999999
3,316,0.8025
3,317,0.79
3,318,0.7649999999999999
3,319,0.6975
3,320,0.71
3,321,0.7975
3,322,0.695
3,323,0.7575000000000001
3,324,0.7
3,325,0.69
3,326,0.7250000000000001
3,327,0.7875000000000001
3,328,0.6975
3,329,0.77
3,330,0.6775
3,331,0.74
3,332,0.6675
3,333,0.7374999999999999
3,334,0.7349999999999999
3,335,0.7074999999999999
3,336,0.6475
3,337,0.725
3,338,0.7024999999999999
3,339,0.79
3,340,0.6575000000000001
3,341,0.6825
3,342,0.6675
3,343,0.8325
3,344,0.845
3,345,0.6950000000000001
3,346,0.6625
3,347,0.6675000000000001
3,348,0.79
3,349,0.8200000000000001
3,350,0.75
3,351,0.6849999999999999
3,352,0.755
3,353,0.74
3,354,0.7625
3,355,0.7450000000000001
3,356,0.7775000000000001
3,357,0.7525
3,358,0.7649999999999999
3,359,0.7325
3,360,0.7225
3,361,0.6775
3,362,0.715
3,363,0.6925
3,364,0.7450000000000001
3,365,0.76
3,366,0.7525
3,367,0.7875
3,368,0.725
3,369,0.7075
3,370,0.8275
3,371,0.7649999999999999
3,372,0.6975
3,373,0.7275
3,374,0.79
3,375,0.6699999999999999
3,376,0.6375
3,377,0.74
3,378,0.7
3,379,0.6824999999999999
3,380,0.7150000000000001
3,381,0.5950000000000001
3,382,0.81
3,383,0.7250000000000001
3,384,0.695
3,385,0.7575000000000001
3,386,0.705
3,387,0.7024999999999999
3,388,0.7775
3,389,0.8
3,390,0.745
3,391,0.7474999999999999
3,392,0.8200000000000001
3,393,0.8
3,394,0.7474999999999999
3,395,0.75
3,396,0.6675
3,397,0.68
3,398,0.7375
3,399,0.77
3,400,0.675
3,401,0.7549999999999999
3,402,0.7374999999999999
3,403,0.6799999999999999
3,404,0.7474999999999999
3,405,0.75
3,406,0.6725
3,407,0.69
3,408,0.7775
3,409,0.7425
3,410,0.6825
3,411,0.7575
3,412,0.6699999999999999
3,413,0.6975
3,414,0.7725
3,415,0.7775000000000001
3,416,0.71
3,417,0.65
3,418,0.7875
3,419,0.77
3,420,0.8025
3,421,0.685
3,422,0.7825
3,423,0.72
3,424,0.66
3,425,0.7525000000000001
3,426,0.7749999999999999
3,427,0.7575000000000001
3,428,0.8025
3,429,0.815
3,430,0.6425000000000001
3,431,0.695
3,432,0.77
3,433,0.71
3,434,0.845
3,435,0.6425
3,436,0.7675
3,437,0.7999999999999999
3,438,0.8125
3,439,0.7125
3,440,0.7475
3,441,0.725
3,442,0.7949999999999999
3,443,0.7925
3,444,0.7350000000000001
3,445,0.78
3,446,0.735
3,447,0.7849999999999999
3,448,0.7299999999999999
3,449,0.7575000000000001
3,450,0.7975000000000001
3,451,0.775
3,452,0.7875000000000001
3,453,0.6825
3,454,0.7
3,455,0.7375
3,456,0.75
3,457,0.6475000000000001
3,458,0.6900000000000001
3,459,0.825
3,460,0.85
3,461,0.6875
3,462,0.675
3,463,0.7275
3,464,0.775
3,465,0.6749999999999999
3,466,0.6575000000000001
3,467,0.77
3,468,0.785
3,469,0.7925
3,470,0.7475
3,471,0.675
3,472,0.7875
3,473,0.78
3,474,0.7775
3,475,0.7124999999999999
3,476,0.77
3,477,0.7275
3,478,0.6624999999999999
3,479,0.7575
3,480,0.7450000000000001
3,481,0.7324999999999999
3,482,0.6799999999999999
3,483,0.7175
3,484,0.8374999999999999
3,485,0.8275
3,486,0.7424999999999999
3,487,0.75
3,488,0.62
3,489,0.705
3,490,0.86
3,491,0.73
3,492,0.68
3,493,0.6775000000000001
3,494,0.675
3,495,0.7475
3,496,0.74
3,497,0.6975
3,498,0.7275
3,499,0.76
3,500,0.7000000000000001
3,501,0.6975
3,502,0.655
3,503,0.7475
3,504,0.7224999999999999
3,505,0.7575000000000001
3,506,0.7324999999999999
3,507,0.805
3,508,0.7725
3,509,0.6799999999999999
3,510,0.6699999999999999
3,511,0.8175
3,512,0.6675
3,513,0.7125
3,514,0.8025
3,515,0.7374999999999999
3,516,0.6475
3,517,0.7649999999999999
3,518,0.8225
3,519,0.6425000000000001
3,520,0.7224999999999999
3,521,0.81
3,522,0.74
3,523,0.6675
3,524,0.76
3,525,0.6575
3,526,0.7675000000000001
3,527,0.84
3,528,0.7625
3,529,0.7174999999999999
3,530,0.6125
3,531,0.7775
3,532,0.7224999999999999
3,533,0.7999999999999999
3,534,0.7849999999999999
3,535,0.7649999999999999
3,536,0.7274999999999999
3,537,0.8325
3,538,0.7349999999999999
3,539,0.775
3,540,0.7024999999999999
3,541,0.6575
3,542,0.7225
3,543,0.8025
3,544,0.7175
3,545,0.6625
3,546,0.64
3,547,0.63
3,548,0.83
3,549,0.7175
3,550,0.6824999999999999
3,551,0.6275
3,552,0.7
3,553,0.825
3,554,0.7324999999999999
3,555,0.6924999999999999
3,556,0.76
3,557,0.6949999999999998
3,558,0.6775
3,559,0.7925
3,560,0.7649999999999999
3,561,0.7175
3,562,0.7925
3,563,0.7550000000000001
3,564,0.7
3,565,0.7775000000000001
3,566,0.7275
3,567,0.8275000000000001
3,568,0.7974999999999999
3,569,0.8150000000000001
3,570,0.7649999999999999
3,571,0.665
3,572,0.6350000000000001
3,573,0.795
3,574,0.745
3,575,0.8025
3,576,0.7275
3,577,0.7850000000000001
3,578,0.7350000000000001
3,579,0.69
3,580,0.77
3,581,0.8075
3,582,0.725
3,583,0.715
3,584,0.7749999999999999
3,585,0.7424999999999999
3,586,0.765
3,587,0.71
3,588,0.76
3,589,0.7525
3,590,0.6624999999999999
3,591,0.7675
3,592,0.7424999999999999
3,593,0.8
3,594,0.7349999999999999
3,595,0.7275
3,596,0.8425
3,597,0.6925
3,598,0.7975
3,599,0.72
3,600,0.715
3,601,0.72
3,602,0.7025
3,603,0.6849999999999999
3,604,0.705
3,605,0.6725
3,606,0.79
3,607,0.7475
3,608,0.72
3,609,0.8075
3,610,0.6824999999999999
3,611,0.7249999999999999
3,612,0.7424999999999999
3,613,0.8474999999999999
3,614,0.7674999999999998
3,615,0.7425
3,616,0.7875
3,617,0.655
3,618,0.6425000000000001
3,619,0.7150000000000001
3,620,0.715
3,621,0.79
3,622,0.71
3,623,0.6400000000000001
3,624,0.645
3,625,0.7475
3,626,0.6975
3,627,0.69
3,628,0.7775
3,629,0.775
3,630,0.7925
3,631,0.78
3,632,0.81
3,633,0.715
3,634,0.72
3,635,0.7250000000000001
3,636,0.78
3,637,0.81
3,638,0.78
3,639,0.69
3,640,0.7725
3,641,0.7175
3,642,0.7949999999999999
3,643,0.785
3,644,0.8025
3,645,0.7324999999999999
3,646,0.7849999999999999
3,647,0.7175
3,648,0.6950000000000001
3,649,0.75
3,650,0.735
3,651,0.715
3,652,0.735
3,653,0.7899999999999999
3,654,0.7124999999999999
3,655,0.755
3,656,0.7175
3,657,0.8049999999999999
3,658,0.7975
3,659,0.76
3,660,0.78
3,661,0.7475
3,662,0.72
3,663,0.7799999999999999
3,664,0.7324999999999999
3,665,0.655
3,666,0.7450000000000001
3,667,0.7925
3,668,0.6725
3,669,0.7275
3,670,0.8375
3,671,0.73
3,672,0.7224999999999999
3,673,0.7075
3,674,0.7899999999999999
3,675,0.74
3,676,0.6949999999999998
3,677,0.7675
3,678,0.7024999999999999
3,679,0.7175
3,680,0.78
3,681,0.8125
3,682,0.7849999999999999
3,683,0.7749999999999999
3,684,0.76
3,685,0.6725
3,686,0.7575
3,687,0.8225
3,688,0.74
3,689,0.72
3,690,0.7975
3,691,0.7575000000000001
3,692,0.75
3,693,0.8175
3,694,0.7549999999999999
3,695,0.7175
3,696,0.8275
3,697,0.76
3,698,0.7125
3,699,0.7849999999999999
3,700,0.6625000000000001
3,701,0.6924999999999999
3,702,0.7950000000000002
3,703,0.7424999999999999
3,704,0.7925
3,705,0.715
3,706,0.7025000000000001
3,707,0.6624999999999999
3,708,0.735
3,709,0.7475
3,710,0.7699999999999999
3,711,0.795
3,712,0.725
3,713,0.77
3,714,0.765
3,715,0.6649999999999999
3,716,0.79
3,717,0.745
3,718,0.8425
3,719,0.6824999999999999
3,720,0.7649999999999999
3,721,0.6749999999999999
3,722,0.7250000000000001
3,723,0.7275
3,724,0.71
3,725,0.7124999999999999
3,726,0.69
3,727,0.735
3,728,0.74
3,729,0.7025
3,730,0.6575
3,731,0.7375
3,732,0.6975
3,733,0.7324999999999999
3,734,0.8275
3,735,0.73
3,736,0.6799999999999999
3,737,0.7049999999999998
3,738,0.84
3,739,0.76
3,740,0.815
3,741,0.645
3,742,0.7225
3,743,0.795
3,744,0.745
3,745,0.7450000000000001
3,746,0.7424999999999999
3,747,0.7324999999999999
3,748,0.7525
3,749,0.755
3,750,0.7275
3,751,0.7999999999999999
3,752,0.8374999999999999
3,753,0.76
3,754,0.71
3,755,0.6575
3,756,0.7999999999999999
3,757,0.7799999999999999
3,758,0.6799999999999999
3,759,0.7374999999999999
3,760,0.6924999999999999
3,761,0.71
3,762,0.7150000000000001
3,763,0.7475
3,764,0.7125
3,765,0.7875
3,766,0.6200000000000001
3,767,0.67
3,768,0.8649999999999999
3,769,0.7949999999999999
3,770,0.7275
3,771,0.7925000000000001
3,772,0.66
3,773,0.6674999999999999
3,774,0.6875
3,775,0.7375
3,776,0.735
3,777,0.7625
3,778,0.6625000000000001
3,779,0.7525
3,780,0.7825
3,781,0.7575
3,782,0.7025
3,783,0.7425
3,784,0.835
3,785,0.8024999999999999
3,786,0.6675
3,787,0.815
3,788,0.6975
3,789,0.7075
3,790,0.7125
3,791,0.7075
3,792,0.7424999999999999
3,793,0.8525
3,794,0.7675
3,795,0.7750000000000001
3,796,0.7725
3,797,0.7374999999999999
3,798,0.67
3,799,0.825
3,800,0.7674999999999998
3,801,0.815
3,802,0.7975000000000001
3,803,0.7
3,804,0.7324999999999999
3,805,0.7699999999999999
3,806,0.7675000000000001
3,807,0.71
3,808,0.78
3,809,0.69
3,810,0.7675
3,811,0.705
3,812,0.6200000000000001
3,813,0.8200000000000001
3,814,0.7250000000000001
3,815,0.8075
3,816,0.7424999999999999
3,817,0.7725
3,818,0.8049999999999999
3,819,0.6675
3,820,0.7225
3,821,0.6725000000000001
3,822,0.71
3,823,0.7525
3,824,0.6625
3,825,0.8025000000000001
3,826,0.7575
3,827,0.8500000000000001
3,828,0.8025
3,829,0.735
3,830,0.7525
3,831,0.7324999999999999
3,832,0.7450000000000001
3,833,0.8025
3,834,0.7849999999999999
3,835,0.7625000000000001
3,836,0.75
3,837,0.7424999999999999
3,838,0.7725
3,839,0.6599999999999999
3,840,0.73
3,841,0.7799999999999999
3,842,0.675
3,843,0.7375
3,844,0.7475
3,845,0.7975
3,846,0.715
3,847,0.75
3,848,0.7725
3,849,0.7575
3,850,0.6975
3,851,0.7350000000000001
3,852,0.725
3,853,0.67
3,854,0.6624999999999999
3,855,0.7
3,856,0.8775
3,857,0.7350000000000001
3,858,0.815
3,859,0.76
3,860,0.785
3,861,0.54
3,862,0.8049999999999999
3,863,0.815
3,864,0.7374999999999999
3,865,0.7324999999999999
3,866,0.6875
3,867,0.7749999999999999
3,868,0.74
3,869,0.8
3,870,0.7050000000000001
3,871,0.6950000000000001
3,872,0.685
3,873,0.8325
3,874,0.7625
3,875,0.7324999999999999
3,876,0.7449999999999999
3,877,0.7375
3,878,0.7675
3,879,0.7824999999999999
3,880,0.8075000000000001
3,881,0.6375
3,882,0.725
3,883,0.7449999999999999
3,884,0.7250000000000001
3,885,0.77
3,886,0.7575
3,887,0.77
3,888,0.7250000000000001
3,889,0.78
3,890,0.7925
3,891,0.7499999999999999
3,892,0.73
3,893,0.7775000000000001
3,894,0.7650000000000001
3,895,0.7275
3,896,0.8125
3,897,0.74
3,898,0.7949999999999999
3,899,0.6975
3,900,0.585
3,901,0.6799999999999999
3,902,0.6575
3,903,0.715
3,904,0.8025
3,905,0.8075
3,906,0.74
3,907,0.6825000000000001
3,908,0.715
3,909,0.745
3,910,0.76
3,911,0.7174999999999999
3,912,0.7175
3,913,0.78
3,914,0.7875
3,915,0.72
3,916,0.7875000000000001
3,917,0.7475
3,918,0.6799999999999999
3,919,0.72
3,920,0.77
3,921,0.715
3,922,0.7
3,923,0.7175
3,924,0.655
3,925,0.645
3,926,0.6575
3,927,0.7575000000000001
3,928,0.7424999999999999
3,929,0.675
3,930,0.7275
3,931,0.745
3,932,0.7925
3,933,0.6775
3,934,0.7
3,935,0.7849999999999999
3,936,0.7275
3,937,0.7950000000000002
3,938,0.7875
3,939,0.7075
3,940,0.8325
3,941,0.7649999999999999
3,942,0.665
3,943,0.7324999999999999
3,944,0.79
3,945,0.7675000000000001
3,946,0.7825
3,947,0.6949999999999998
3,948,0.7525
3,949,0.785
3,950,0.6775
3,951,0.76
3,952,0.75
3,953,0.6825
3,954,0.6950000000000001
3,955,0.6824999999999999
3,956,0.8150000000000002
3,957,0.765
3,958,0.625
3,959,0.79
3,960,0.745
3,961,0.7124999999999999
3,962,0.7
3,963,0.735
3,964,0.7074999999999999
3,965,0.7875
3,966,0.655
3,967,0.71
3,968,0.6975
3,969,0.77
3,970,0.735
3,971,0.765
3,972,0.7450000000000001
3,973,0.7075
3,974,0.6475
3,975,0.7450000000000001
3,976,0.5800000000000001
3,977,0.74
3,978,0.7474999999999999
3,979,0.7875
3,980,0.8
3,981,0.78
3,982,0.7625
3,983,0.7625
3,984,0.88
3,985,0.705
3,986,0.7825
3,987,0.735
3,988,0.68
3,989,0.7625
3,990,0.74
3,991,0.685
3,992,0.76
3,993,0.7575
3,994,0.7075
3,995,0.76
3,996,0.77
3,997,0.6725
3,998,0.7075
3,999,0.7175
4,0,0.765
4,1,0.6075
4,2,0.6775
4,3,0.6375
4,4,0.66
4,5,0.6825
4,6,0.64
4,7,0.5700000000000001
4,8,0.71
4,9,0.68
4,10,0.7050000000000001
4,11,0.67
4,12,0.6775
4,13,0.6824999999999999
4,14,0.6775
4,15,0.6074999999999999
4,16,0.63
4,17,0.7325
4,18,0.685
4,19,0.6025
4,20,0.6525000000000001
4,21,0.64
4,22,0.5725
4,23,0.755
4,24,0.645
4,25,0.5874999999999999
4,26,0.7525000000000001
4,27,0.5225
4,28,0.7
4,29,0.6375
4,30,0.54
4,31,0.685
4,32,0.6
4,33,0.6300000000000001
4,34,0.76
4,35,0.6475
4,36,0.6199999999999999
4,37,0.5675
4,38,0.6425000000000001
4,39,0.575
4,40,0.5475
4,41,0.6174999999999999
4,42,0.565
4,43,0.6175
4,44,0.6375
4,45,0.6725000000000001
4,46,0.6775
4,47,0.6725000000000001
4,48,0.695
4,49,0.6825
4,50,0.65
4,51,0.66
4,52,0.5075000000000001
4,53,0.5875000000000001
4,54,0.6425000000000001
4,55,0.6625
4,56,0.7350000000000001
4,57,0.605
4,58,0.665
4,59,0.5775
4,60,0.65
4,61,0.5775
4,62,0.6950000000000001
4,63,0.6525
4,64,0.6575
4,65,0.7325000000000002
4,66,0.5525
4,67,0.695
4,68,0.64
4,69,0.5974999999999999
4,70,0.5900000000000001
4,71,0.56
4,72,0.5425
4,73,0.5475
4,74,0.5625
4,75,0.6749999999999999
4,76,0.68
4,77,0.5825
4,78,0.54
4,79,0.6649999999999999
4,80,0.6224999999999999
4,81,0.7224999999999999
4,82,0.6425000000000001
4,83,0.6100000000000001
4,84,0.5850000000000001
4,85,0.7125
4,86,0.7625000000000001
4,87,0.6649999999999999
4,88,0.72
4,89,0.5125
4,90,0.61
4,91,0.67
4,92,0.685
4,93,0.5325
4,94,0.6175
4,95,0.46499999999999997
4,96,0.6575
4,97,0.6599999999999999
4,98,0.67
4,99,0.71
4,100,0.525
4,101,0.675
4,102,0.6225
4,103,0.5725
4,104,0.56
4,105,0.6074999999999999
4,106,0.59
4,107,0.48250000000000004
4,108,0.6699999999999999
4,109,0.645
4,110,0.53
4,111,0.62
4,112,0.6599999999999999
4,113,0.6475
4,114,0.595
4,115,0.65
4,116,0.6425
4,117,0.73
4,118,0.6499999999999999
4,119,0.575
4,120,0.745
4,121,0.6675
4,122,0.5900000000000001
4,123,0.54
4,124,0.685
4,125,0.6425
4,126,0.6
4,127,0.645
4,128,0.6975
4,129,0.7050000000000001
4,130,0.605
4,131,0.64
4,132,0.5874999999999999
4,133,0.5775
4,134,0.5999999999999999
4,135,0.7175
4,136,0.7575000000000001
4,137,0.6200000000000001
4,138,0.5825
4,139,0.7374999999999999
4,140,0.655
4,141,0.5825
4,142,0.5475
4,143,0.7125
4,144,0.5800000000000001
4,145,0.605
4,146,0.7549999999999999
4,147,0.6425000000000001
4,148,0.615
4,149,0.7725
4,150,0.76
4,151,0.6925
4,152,0.6675
4,153,0.58
4,154,0.7175
4,155,0.5449999999999999
4,156,0.6924999999999999
4,157,0.72
4,158,0.5499999999999999
4,159,0.6125
4,160,0.71
4,161,0.615
4,162,0.605
4,163,0.6025
4,164,0.665
4,165,0.57
4,166,0.6000000000000001
4,167,0.6224999999999999
4,168,0.635
4,169,0.5775000000000001
4,170,0.5475
4,171,0.5275000000000001
4,172,0.545
4,173,0.665
4,174,0.66
4,175,0.635
4,176,0.61
4,177,0.6725
4,178,0.6975
4,179,0.56
4,180,0.535
4,181,0.685
4,182,0.6075
4,183,0.6849999999999999
4,184,0.645
4,185,0.6875
4,186,0.61
4,187,0.6224999999999999
4,188,0.5
4,189,0.6499999999999999
4,190,0.6575
4,191,0.6375
4,192,0.6525000000000001
4,193,0.5800000000000001
4,194,0.68
4,195,0.6950000000000001
4,196,0.625
4,197,0.715
4,198,0.5999999999999999
4,199,0.67
4,200,0.5475
4,201,0.63
4,202,0.4875
4,203,0.5975
4,204,0.6199999999999999
4,205,0.5549999999999999
4,206,0.6950000000000001
4,207,0.6224999999999999
4,208,0.6525
4,209,0.6075
4,210,0.625
4,211,0.725
4,212,0.6025
4,213,0.5599999999999999
4,214,0.5225
4,215,0.78
4,216,0.5825
4,217,0.5425
4,218,0.725
4,219,0.515
4,220,0.755
4,221,0.6075
4,222,0.6425000000000001
4,223,0.565
4,224,0.735
4,225,0.73
4,226,0.6775
4,227,0.625
4,228,0.7475
4,229,0.6024999999999999
4,230,0.625
4,231,0.685
4,232,0.6575
4,233,0.58
4,234,0.7675
4,235,0.6575
4,236,0.645
4,237,0.6075
4,238,0.6525000000000001
4,239,0.7424999999999999
4,240,0.6725000000000001
4,241,0.5475000000000001
4,242,0.5825
4,243,0.6125
4,244,0.6075
4,245,0.6825000000000001
4,246,0.615
4,247,0.5
4,248,0.6475
4,249,0.6275000000000001
4,250,0.615
4,251,0.5375
4,252,0.5874999999999999
4,253,0.655
4,254,0.6200000000000001
4,255,0.5625
4,256,0.62
4,257,0.5675
4,258,0.6125
4,259,0.63
4,260,0.6074999999999999
4,261,0.7025
4,262,0.6074999999999999
4,263,0.6849999999999999
4,264,0.655
4,265,0.5975
4,266,0.645
4,267,0.71
4,268,0.6525
4,269,0.68
4,270,0.64
4,271,0.6925
4,272,0.7625
4,273,0.81
4,274,0.6375000000000001
4,275,0.56
4,276,0.6575
4,277,0.7324999999999999
4,278,0.5349999999999999
4,279,0.7999999999999999
4,280,0.62
4,281,0.6224999999999999
4,282,0.7175
4,283,0.5775
4,284,0.7150000000000001
4,285,0.6575
4,286,0.6125
4,287,0.6975
4,288,0.625
4,289,0.5800000000000001
4,290,0.6675
4,291,0.6675
4,292,0.69
4,293,0.625
4,294,0.645
4,295,0.655
4,296,0.5700000000000001
4,297,0.7075
4,298,0.65
4,299,0.63
4,300,0.7050000000000001
4,301,0.63
4,302,0.6925000000000001
4,303,0.7175
4,304,0.6799999999999999
4,305,0.7424999999999999
4,306,0.635
4,307,0.705
4,308,0.6575
4,309,0.5825
4,310,0.7725
4,311,0.7250000000000001
4,312,0.725
4,313,0.6875
4,314,0.6925
4,315,0.6325
4,316,0.71
4,317,0.5725
4,318,0.6475000000000001
4,319,0.5774999999999999
4,320,0.7224999999999999
4,321,0.635
4,322,0.625
4,323,0.6675
4,324,0.74
4,325,0.675
4,326,0.5975
4,327,0.63
4,328,0.6649999999999999
4,329,0.7424999999999999
4,330,0.685
4,331,0.6699999999999999
4,332,0.61
4,333,0.615
4,334,0.5674999999999999
4,335,0.51
4,336,0.6174999999999999
4,337,0.7375
4,338,0.6925000000000001
4,339,0.62
4,340,0.5725
4,341,0.62
4,342,0.825
4,343,0.7024999999999999
4,344,0.5875
4,345,0.6749999999999999
4,346,0.7125000000000001
4,347,0.62
4,348,0.6225
4,349,0.6225
4,350,0.6
4,351,0.7425
4,352,0.6300000000000001
4,353,0.645
4,354,0.5874999999999999
4,355,0.695
4,356,0.6825000000000001
4,357,0.5700000000000001
4,358,0.5775
4,359,0.6325
4,360,0.6075000000000002
4,361,0.7
4,362,0.52
4,363,0.705
4,364,0.6075
4,365,0.58
4,366,0.5425
4,367,0.6625
4,368,0.6425000000000001
4,369,0.7375
4,370,0.6749999999999999
4,371,0.7124999999999999
4,372,0.7150000000000001
4,373,0.62
4,374,0.62
4,375,0.6399999999999999
4,376,0.66
4,377,0.6749999999999999
4,378,0.6575
4,379,0.6299999999999999
4,380,0.6075000000000002
4,381,0.6625
4,382,0.52
4,383,0.6174999999999999
4,384,0.6475
4,385,0.6124999999999999
4,386,0.7100000000000001
4,387,0.7325
4,388,0.6675
4,389,0.6224999999999999
4,390,0.6625
4,391,0.6875
4,392,0.6175
4,393,0.6000000000000001
4,394,0.585
4,395,0.6525000000000001
4,396,0.6449999999999999
4,397,0.655
4,398,0.6975
4,399,0.5275
4,400,0.675
4,401,0.5824999999999999
4,402,0.635
4,403,0.7775
4,404,0.625
4,405,0.615
4,406,0.63
4,407,0.6675
4,408,0.7575
4,409,0.685
4,410,0.5675
4,411,0.52
4,412,0.75
4,413,0.7250000000000001
4,414,0.7050000000000001
4,415,0.5775
4,416,0.6025
4,417,0.685
4,418,0.645
4,419,0.6799999999999999
4,420,0.6900000000000001
4,421,0.5175000000000001
4,422,0.7350000000000001
4,423,0.7925000000000001
4,424,0.7025000000000001
4,425,0.6399999999999999
4,426,0.6825
4,427,0.69
4,428,0.6275
4,429,0.7975
4,430,0.6525000000000001
4,431,0.6725000000000001
4,432,0.56
4,433,0.61
4,434,0.6625
4,435,0.7175
4,436,0.6775
4,437,0.6525000000000001
4,438,0.5325
4,439,0.66
4,440,0.585
4,441,0.6325000000000001
4,442,0.69
4,443,0.55
4,444,0.5
4,445,0.6875
4,446,0.6875
4,447,0.43000000000000005
4,448,0.6649999999999999
4,449,0.65
4,450,0.615
4,451,0.5725
4,452,0.6825
4,453,0.68
4,454,0.5925
4,455,0.6525
4,456,0.5675
4,457,0.6325000000000001
4,458,0.6725
4,459,0.7125
4,460,0.6924999999999999
4,461,0.635
4,462,0.6625000000000001
4,463,0.685
4,464,0.685
4,465,0.5525
4,466,0.7000000000000001
4,467,0.575
4,468,0.65
4,469,0.5825
4,470,0.7474999999999999
4,471,0.6225
4,472,0.6800000000000002
4,473,0.6275
4,474,0.62
4,475,0.6799999999999999
4,476,0.5275
4,477,0.5375
4,478,0.62
4,479,0.555
4,480,0.65
4,481,0.6925000000000001
4,482,0.61
4,483,0.5725
4,484,0.69
4,485,0.6225
4,486,0.7124999999999999
4,487,0.5825
4,488,0.7225
4,489,0.7174999999999999
4,490,0.6875
4,491,0.715
4,492,0.6675
4,493,0.6525000000000001
4,494,0.6924999999999999
4,495,0.7424999999999999
4,496,0.73
4,497,0.6174999999999999
4,498,0.6375
4,499,0.6675
4,500,0.7025
4,501,0.56
4,502,0.485
4,503,0.6000000000000001
4,504,0.5875
4,505,0.6950000000000001
4,506,0.6725
4,507,0.5800000000000001
4,508,0.6025
4,509,0.6624999999999999
4,510,0.6025
4,511,0.6725
4,512,0.78
4,513,0.685
4,514,0.8125
4,515,0.6925
4,516,0.69
4,517,0.6375
4,518,0.6725
4,519,0.6375000000000001
4,520,0.6
4,521,0.5925
4,522,0.6900000000000001
4,523,0.6725
4,524,0.705
4,525,0.62
4,526,0.63
4,527,0.69
4,528,0.5525
4,529,0.6175
4,530,0.6575
4,531,0.6
4,532,0.62
4,533,0.7074999999999999
4,534,0.58
4,535,0.6125
4,536,0.6224999999999999
4,537,0.5750000000000001
4,538,0.6325000000000001
4,539,0.7324999999999999
4,540,0.6775
4,541,0.59
4,542,0.675
4,543,0.6224999999999999
4,544,0.6225
4,545,0.5625
4,546,0.6875
4,547,0.4925
4,548,0.6125
4,549,0.5774999999999999
4,550,0.5825
4,551,0.6749999999999999
4,552,0.6499999999999999
4,553,0.6175
4,554,0.625
4,555,0.72
4,556,0.63
4,557,0.6575
4,558,0.6475
4,559,0.7100000000000001
4,560,0.6825000000000001
4,561,0.6475
4,562,0.6275
4,563,0.5075000000000001
4,564,0.715
4,565,0.6575
4,566,0.64
4,567,0.7124999999999999
4,568,0.7
4,569,0.655
4,570,0.655
4,571,0.6375
4,572,0.595
4,573,0.6575
4,574,0.59
4,575,0.7675000000000001
4,576,0.6425
4,577,0.715
4,578,0.685
4,579,0.6625
4,580,0.6699999999999999
4,581,0.6025
4,582,0.62
4,583,0.7050000000000001
4,584,0.775
4,585,0.6875
4,586,0.7175
4,587,0.665
4,588,0.615
4,589,0.6
4,590,0.76
4,591,0.5825
4,592,0.6325
4,593,0.46499999999999997
4,594,0.635
4,595,0.68
4,596,0.6224999999999999
4,597,0.63
4,598,0.5525
4,599,0.5925
4,600,0.69
4,601,0.62
4,602,0.605
4,603,0.7075
4,604,0.7349999999999999
4,605,0.6025
4,606,0.5974999999999999
4,607,0.7
4,608,0.68
4,609,0.54
4,610,0.685
4,611,0.6825
4,612,0.665
4,613,0.76
4,614,0.5674999999999999
4,615,0.6475
4,616,0.6499999999999999
4,617,0.5225
4,618,0.6900000000000001
4,619,0.5575000000000001
4,620,0.715
4,621,0.7124999999999999
4,622,0.5925
4,623,0.6299999999999999
4,624,0.6075
4,625,0.62
4,626,0.6675
4,627,0.7474999999999999
4,628,0.655
4,629,0.6425
4,630,0.5425
4,631,0.6174999999999999
4,632,0.6399999999999999
4,633,0.595
4,634,0.56
4,635,0.585
4,636,0.765
4,637,0.7225
4,638,0.6425000000000001
4,639,0.7025000000000001
4,640,0.6825000000000001
4,641,0.565
4,642,0.625
4,643,0.6125
4,644,0.5925
4,645,0.6725
4,646,0.6775
4,647,0.5975
4,648,0.63
4,649,0.6475
4,650,0.6975
4,651,0.6649999999999999
4,652,0.6174999999999999
4,653,0.6025
4,654,0.665
4,655,0.565
4,656,0.6699999999999999
4,657,0.6625
4,658,0.5275000000000001
4,659,0.7150000000000001
4,660,0.6175
4,661,0.5900000000000001
4,662,0.525
4,663,0.5825
4,664,0.6275
4,665,0.5875
4,666,0.635
4,667,0.585
4,668,0.5675
4,669,0.6375
4,670,0.54
4,671,0.6325000000000001
4,672,0.6525000000000001
4,673,0.7025000000000001
4,674,0.6325000000000001
4,675,0.6849999999999999
4,676,0.565
4,677,0.645
4,678,0.725
4,679,0.7
4,680,0.59
4,681,0.6950000000000001
4,682,0.5575
4,683,0.6174999999999999
4,684,0.6675
4,685,0.7024999999999999
4,686,0.7050000000000001
4,687,0.645
4,688,0.6675
4,689,0.6325
4,690,0.635
4,691,0.705
4,692,0.625
4,693,0.7075
4,694,0.5824999999999999
4,695,0.6849999999999999
4,696,0.6375
4,697,0.56
4,698,0.5825
4,699,0.6975
4,700,0.575
4,701,0.725
4,702,0.58
4,703,0.7424999999999999
4,704,0.6400000000000001
4,705,0.7200000000000001
4,706,0.6325000000000001
4,707,0.6675
4,708,0.7725
4,709,0.63
4,710,0.6675
4,711,0.7075
4,712,0.715
4,713,0.685
4,714,0.675
4,715,0.7150000000000001
4,716,0.5325
4,717,0.6975
4,718,0.5700000000000001
4,719,0.675
4,720,0.55
4,721,0.7250000000000001
4,722,0.5750000000000001
4,723,0.625
4,724,0.5125
4,725,0.5375
4,726,0.67
4,727,0.615
4,728,0.5800000000000001
4,729,0.645
4,730,0.6275
4,731,0.6375000000000001
4,732,0.7625000000000001
4,733,0.605
4,734,0.685
4,735,0.6475000000000001
4,736,0.6525
4,737,0.7075
4,738,0.6525
4,739,0.6375
4,740,0.5874999999999999
4,741,0.7525
4,742,0.56
4,743,0.5850000000000001
4,744,0.715
4,745,0.5175000000000001
4,746,0.6799999999999999
4,747,0.66
4,748,0.6599999999999999
4,749,0.7250000000000001
4,750,0.585
4,751,0.6675
4,752,0.7050000000000001
4,753,0.5075
4,754,0.7625000000000001
4,755,0.715
4,756,0.715
4,757,0.625
4,758,0.5650000000000001
4,759,0.62
4,760,0.66
4,761,0.5525
4,762,0.6849999999999999
4,763,0.6275000000000001
4,764,0.5475
4,765,0.6875
4,766,0.6175
4,767,0.6100000000000001
4,768,0.66
4,769,0.5800000000000001
4,770,0.6875
4,771,0.6249999999999999
4,772,0.6399999999999999
4,773,0.6825
4,774,0.7449999999999999
4,775,0.575
4,776,0.7625
4,777,0.61
4,778,0.5725
4,779,0.6125
4,780,0.69
4,781,0.5925
4,782,0.6475
4,783,0.625
4,784,0.7325000000000002
4,785,0.74
4,786,0.625
4,787,0.6575
4,788,0.5375
4,789,0.5925
4,790,0.5575
4,791,0.7
4,792,0.6649999999999999
4,793,0.7425
4,794,0.6124999999999999
4,795,0.505
4,796,0.7300000000000001
4,797,0.6775
4,798,0.6125
4,799,0.6575
4,800,0.675
4,801,0.6074999999999999
4,802,0.5625
4,803,0.5675000000000001
4,804,0.6775000000000001
4,805,0.5399999999999999
4,806,0.75
4,807,0.7525
4,808,0.655
4,809,0.665
4,810,0.6225
4,811,0.7224999999999999
4,812,0.6775
4,813,0.6074999999999999
4,814,0.59
4,815,0.7000000000000001
4,816,0.675
4,817,0.7275
4,818,0.7
4,819,0.585
4,820,0.665
4,821,0.6599999999999999
4,822,0.5800000000000001
4,823,0.71
4,824,0.65
4,825,0.6775
4,826,0.565
4,827,0.73
4,828,0.6749999999999999
4,829,0.575
4,830,0.6425000000000001
4,831,0.675
4,832,0.7525
4,833,0.54
4,834,0.47750000000000004
4,835,0.6975
4,836,0.6025
4,837,0.7224999999999999
4,838,0.6499999999999999
4,839,0.5575
4,840,0.685
4,841,0.6150000000000001
4,842,0.7625
4,843,0.7250000000000001
4,844,0.6675
4,845,0.805
4,846,0.7150000000000001
4,847,0.6425
4,848,0.64
4,849,0.7625
4,850,0.7050000000000001
4,851,0.5974999999999999
4,852,0.6775
4,853,0.76
4,854,0.65
4,855,0.645
4,856,0.6325000000000001
4,857,0.585
4,858,0.7000000000000001
4,859,0.625
4,860,0.7475
4,861,0.635
4,862,0.63
4,863,0.5375000000000001
4,864,0.67
4,865,0.5875
4,866,0.68
4,867,0.6025
4,868,0.6
4,869,0.7000000000000002
4,870,0.6
4,871,0.71
4,872,0.7
4,873,0.5875
4,874,0.735
4,875,0.67
4,876,0.7075
4,877,0.5975
4,878,0.625
4,879,0.595
4,880,0.515
4,881,0.5525
4,882,0.75
4,883,0.71
4,884,0.7224999999999999
4,885,0.7325
4,886,0.665
4,887,0.655
4,888,0.6125
4,889,0.63
4,890,0.665
4,891,0.615
4,892,0.725
4,893,0.5900000000000001
4,894,0.5575000000000001
4,895,0.7475
4,896,0.6575
4,897,0.725
4,898,0.6174999999999999
4,899,0.71
4,900,0.6100000000000001
4,901,0.71
4,902,0.7175
4,903,0.6275
4,904,0.6
4,905,0.69
4,906,0.7124999999999999
4,907,0.7
4,908,0.6300000000000001
4,909,0.625
4,910,0.5875
4,911,0.72
4,912,0.765
4,913,0.6425000000000001
4,914,0.54
4,915,0.6749999999999999
4,916,0.635
4,917,0.6325
4,918,0.6875
4,919,0.5175000000000001
4,920,0.595
4,921,0.725
4,922,0.6325000000000001
4,923,0.65
4,924,0.66
4,925,0.6675
4,926,0.6775
4,927,0.6100000000000001
4,928,0.6375000000000001
4,929,0.7050000000000001
4,930,0.67
4,931,0.6625000000000001
4,932,0.6224999999999999
4,933,0.7024999999999999
4,934,0.6025
4,935,0.7074999999999999
4,936,0.5525
4,937,0.6749999999999999
4,938,0.5725
4,939,0.5375
4,940,0.605
4,941,0.6775
4,942,0.6575000000000001
4,943,0.49
4,944,0.56
4,945,0.6575
4,946,0.6625000000000001
4,947,0.5449999999999999
4,948,0.5
4,949,0.67
4,950,0.735
4,951,0.6425000000000001
4,952,0.6575
4,953,0.6425
4,954,0.7075
4,955,0.5275000000000001
4,956,0.7175
4,957,0.7575000000000001
4,958,0.655
4,959,0.5750000000000001
4,960,0.6325000000000001
4,961,0.625
4,962,0.6124999999999999
4,963,0.66
4,964,0.6825
4,965,0.6125
4,966,0.6675
4,967,0.6499999999999999
4,968,0.5874999999999999
4,969,0.6275000000000001
4,970,0.6225
4,971,0.64
4,972,0.65
4,973,0.61
4,974,0.5549999999999999
4,975,0.625
4,976,0.6400000000000001
4,977,0.6275000000000001
4,978,0.5874999999999999
4,979,0.565
4,980,0.595
4,981,0.635
4,982,0.6025
4,983,0.685
4,984,0.6725
4,985,0.6375
4,986,0.64
4,987,0.7224999999999999
4,988,0.6275000000000001
4,989,0.6849999999999999
4,990,0.6675
4,991,0.5375
4,992,0.7150000000000001
4,993,0.6675
4,994,0.5125
4,995,0.72
4,996,0.5974999999999999
4,997,0.5875
4,998,0.6975
4,999,0.585
5,0,0.8225
5,1,0.915
5,2,0.8025
5,3,0.8225
5,4,0.8224999999999999
5,5,0.745
5,6,0.8425
5,7,0.855
5,8,0.77
5,9,0.795
5,10,0.8574999999999999
5,11,0.785
5,12,0.9099999999999999
5,13,0.8025000000000001
5,14,0.8475
5,15,0.8524999999999999
5,16,0.83
5,17,0.8150000000000001
5,18,0.825
5,19,0.7525000000000001
5,20,0.64
5,21,0.81
5,22,0.8825
5,23,0.905
5,24,0.83
5,25,0.8099999999999999
5,26,0.8225
5,27,0.82
5,28,0.915
5,29,0.8150000000000001
5,30,0.755
5,31,0.725
5,32,0.7975
5,33,0.8099999999999999
5,34,0.8250000000000001
5,35,0.8025
5,36,0.7899999999999999
5,37,0.8625
5,38,0.85
5,39,0.78
5,40,0.8500000000000001
5,41,0.8775
5,42,0.86
5,43,0.8525
5,44,0.77
5,45,0.8250000000000001
5,46,0.86
5,47,0.825
5,48,0.715
5,49,0.8075
5,50,0.7375
5,51,0.8775000000000001
5,52,0.8999999999999999
5,53,0.8800000000000001
5,54,0.9249999999999999
5,55,0.875
5,56,0.8125
5,57,0.8625
5,58,0.8699999999999999
5,59,0.81
5,60,0.8424999999999999
5,61,0.8825000000000001
5,62,0.7600000000000001
5,63,0.8925000000000001
5,64,0.8975000000000001
5,65,0.865
5,66,0.885
5,67,0.82
5,68,0.7875
5,69,0.8075
5,70,0.8575
5,71,0.8025
5,72,0.8825000000000001
5,73,0.83
5,74,0.785
5,75,0.8225
5,76,0.845
5,77,0.8375
5,78,0.7575000000000001
5,79,0.89
5,80,0.915
5,81,0.81
5,82,0.745
5,83,0.8550000000000001
5,84,0.7925
5,85,0.8274999999999999
5,86,0.795
5,87,0.79
5,88,0.8374999999999999
5,89,0.845
5,90,0.805
5,91,0.8300000000000001
5,92,0.7375
5,93,0.8674999999999999
5,94,0.725
5,95,0.7675000000000001
5,96,0.8775000000000001
5,97,0.8075
5,98,0.795
5,99,0.8200000000000001
5,100,0.88
5,101,0.8474999999999999
5,102,0.785
5,103,0.8300000000000001
5,104,0.8324999999999999
5,105,0.77
5,106,0.8875000000000001
5,107,0.8574999999999999
5,108,0.8275
5,109,0.835
5,110,0.7725
5,111,0.865
5,112,0.7000000000000001
5,113,0.78
5,114,0.7975
5,115,0.76
5,116,0.8350000000000001
5,117,0.8750000000000001
5,118,0.875
5,119,0.7675
5,120,0.875
5,121,0.79
5,122,0.8300000000000001
5,123,0.7725
5,124,0.78
5,125,0.7925000000000001
5,126,0.9049999999999999
5,127,0.885
5,128,0.885
5,129,0.7675
5,130,0.7875
5,131,0.7975
5,132,0.7150000000000001
5,133,0.8624999999999999
5,134,0.7425
5,135,0.7525000000000001
5,136,0.8899999999999999
5,137,0.8899999999999999
5,138,0.885
5,139,0.7875
5,140,0.7700000000000001
5,141,0.825
5,142,0.8575000000000002
5,143,0.775
5,144,0.8175
5,145,0.8825000000000001
5,146,0.7799999999999999
5,147,0.7849999999999999
5,148,0.77
5,149,0.69
5,150,0.7775
5,151,0.7599999999999999
5,152,0.87
5,153,0.705
5,154,0.8525
5,155,0.8675
5,156,0.8975000000000001
5,157,0.8300000000000001
5,158,0.8400000000000001
5,159,0.74
5,160,0.8525
5,161,0.845
5,162,0.7725000000000001
5,163,0.8775
5,164,0.7825000000000001
5,165,0.74
5,166,0.9524999999999999
5,167,0.6950000000000001
5,168,0.8375
5,169,0.8375
5,170,0.8425
5,171,0.88
5,172,0.745
5,173,0.87
5,174,0.865
5,175,0.8475
5,176,0.825
5,177,0.8624999999999999
5,178,0.8175
5,179,0.9025
5,180,0.825
5,181,0.7825
5,182,0.81
5,183,0.79
5,184,0.78
5,185,0.765
5,186,0.795
5,187,0.765
5,188,0.845
5,189,0.8699999999999999
5,190,0.79
5,191,0.7075
5,192,0.8825
5,193,0.8075
5,194,0.86
5,195,0.885
5,196,0.8775
5,197,0.8425
5,198,0.835
5,199,0.8250000000000001
5,200,0.865
5,201,0.8950000000000001
5,202,0.735
5,203,0.7699999999999999
5,204,0.8525
5,205,0.745
5,206,0.86
5,207,0.8825
5,208,0.725
5,209,0.8224999999999999
5,210,0.86
5,211,0.7899999999999999
5,212,0.91
5,213,0.8450000000000001
5,214,0.8499999999999999
5,215,0.8250000000000001
5,216,0.8925
5,217,0.79
5,218,0.74
5,219,0.8524999999999999
5,220,0.8525
5,221,0.7999999999999999
5,222,0.845
5,223,0.835
5,224,0.83
5,225,0.8225
5,226,0.8099999999999999
5,227,0.8424999999999999
5,228,0.825
5,229,0.8525
5,230,0.8250000000000001
5,231,0.8
5,232,0.895
5,233,0.8150000000000001
5,234,0.915
5,235,0.85
5,236,0.885
5,237,0.8424999999999999
5,238,0.8125
5,239,0.78
5,240,0.83
5,241,0.8674999999999999
5,242,0.885
5,243,0.7374999999999999
5,244,0.8949999999999999
5,245,0.88
5,246,0.81
5,247,0.7875
5,248,0.7799999999999999
5,249,0.8724999999999999
5,250,0.8500000000000001
5,251,0.865
5,252,0.825
5,253,0.7525000000000001
5,254,0.8225
5,255,0.8625
5,256,0.7775
5,257,0.8449999999999999
5,258,0.8049999999999999
5,259,0.875
5,260,0.775
5,261,0.8975000000000001
5,262,0.7875000000000001
5,263,0.8975
5,264,0.8375
5,265,0.8375
5,266,0.9025
5,267,0.7374999999999999
5,268,0.735
5,269,0.8400000000000001
5,270,0.9125
5,271,0.8175
5,272,0.88
5,273,0.85
5,274,0.8450000000000001
5,275,0.755
5,276,0.7899999999999999
5,277,0.7625000000000001
5,278,0.8099999999999999
5,279,0.8
5,280,0.8175
5,281,0.845
5,282,0.8275
5,283,0.8674999999999999
5,284,0.8325
5,285,0.85
5,286,0.815
5,287,0.7825
5,288,0.8175
5,289,0.7075
5,290,0.875
5,291,0.8525
5,292,0.7725000000000001
5,293,0.8425
5,294,0.7775
5,295,0.7475
5,296,0.765
5,297,0.795
5,298,0.86
5,299,0.845
5,300,0.82
5,301,0.7875000000000001
5,302,0.815
5,303,0.7275
5,304,0.8125
5,305,0.7825
5,306,0.7999999999999999
5,307,0.8500000000000001
5,308,0.7849999999999999
5,309,0.8475
5,310,0.86
5,311,0.85
5,312,0.9025
5,313,0.8475
5,314,0.87
5,315,0.8475
5,316,0.8425
5,317,0.7825
5,318,0.8624999999999999
5,319,0.7975
5,320,0.89
5,321,0.86
5,322,0.8225
5,323,0.7875
5,324,0.9175
5,325,0.825
5,326,0.765
5,327,0.795
5,328,0.745
5,329,0.7675000000000001
5,330,0.785
5,331,0.87
5,332,0.7549999999999999
5,333,0.8125
5,334,0.8424999999999999
5,335,0.7650000000000001
5,336,0.77
5,337,0.8875
5,338,0.7975
5,339,0.7799999999999999
5,340,0.8099999999999999
5,341,0.695
5,342,0.895
5,343,0.8725
5,344,0.86
5,345,0.8699999999999999
5,346,0.765
5,347,0.895
5,348,0.7725
5,349,0.8099999999999999
5,350,0.765
5,351,0.8125
5,352,0.865
5,353,0.8099999999999999
5,354,0.8600000000000001
5,355,0.855
5,356,0.905
5,357,0.7675
5,358,0.855
5,359,0.865
5,360,0.865
5,361,0.8275
5,362,0.7999999999999999
5,363,0.8200000000000001
5,364,0.87
5,365,0.825
5,366,0.8225
5,367,0.8500000000000001
5,368,0.785
5,369,0.835
5,370,0.7374999999999999
5,371,0.8700000000000001
5,372,0.8225
5,373,0.8574999999999999
5,374,0.7775
5,375,0.8574999999999999
5,376,0.7549999999999999
5,377,0.8375
5,378,0.8475
5,379,0.8775
5,380,0.8524999999999999
5,381,0.925
5,382,0.84
5,383,0.8075
5,384,0.8875
5,385,0.8425
5,386,0.89
5,387,0.7225
5,388,0.7625
5,389,0.8525
5,390,0.7575000000000001
5,391,0.8474999999999999
5,392,0.7525000000000001
5,393,0.7474999999999999
5,394,0.8300000000000001
5,395,0.7725000000000001
5,396,0.8250000000000001
5,397,0.8675
5,398,0.8825
5,399,0.8225
5,400,0.82
5,401,0.6525
5,402,0.8674999999999999
5,403,0.88
5,404,0.8125
5,405,0.7775
5,406,0.7849999999999999
5,407,0.7625
5,408,0.8075
5,409,0.8325
5,410,0.8275
5,411,0.8424999999999999
5,412,0.8425
5,413,0.8175
5,414,0.8475
5,415,0.8225
5,416,0.8225
5,417,0.8175
5,418,0.89
5,419,0.92
5,420,0.81
5,421,0.8725
5,422,0.865
5,423,0.835
5,424,0.7875
5,425,0.7975
5,426,0.875
5,427,0.7925
5,428,0.8925000000000002
5,429,0.8825000000000001
5,430,0.8025
5,431,0.785
5,432,0.8075
5,433,0.7525000000000001
5,434,0.8175
5,435,0.8150000000000001
5,436,0.7725000000000001
5,437,0.8424999999999999
5,438,0.8125
5,439,0.855
5,440,0.8375
5,441,0.88
5,442,0.7825
5,443,0.835
5,444,0.8375
5,445,0.785
5,446,0.805
5,447,0.7975
5,448,0.7925
5,449,0.7325
5,450,0.755
5,451,0.9225
5,452,0.7575
5,453,0.9025
5,454,0.84
5,455,0.8624999999999999
5,456,0.735
5,457,0.8274999999999999
5,458,0.825
5,459,0.8074999999999999
5,460,0.83
5,461,0.895
5,462,0.8225
5,463,0.85
5,464,0.82
5,465,0.87
5,466,0.8275
5,467,0.7424999999999999
5,468,0.91
5,469,0.7725000000000001
5,470,0.8450000000000001
5,471,0.8374999999999999
5,472,0.8049999999999999
5,473,0.8825000000000001
5,474,0.8475000000000001
5,475,0.6275
5,476,0.8625
5,477,0.78
5,478,0.8099999999999999
5,479,0.7725000000000001
5,480,0.8474999999999999
5,481,0.865
5,482,0.7875
5,483,0.8075
5,484,0.77
5,485,0.7825000000000001
5,486,0.8074999999999999
5,487,0.7725
5,488,0.8899999999999999
5,489,0.8125
5,490,0.83
5,491,0.81
5,492,0.89
5,493,0.8925000000000001
5,494,0.8925
5,495,0.86
5,496,0.8724999999999999
5,497,0.77
5,498,0.9125
5,499,0.8
5,500,0.6749999999999999
5,501,0.8275
5,502,0.86
5,503,0.79
5,504,0.71
5,505,0.8799999999999999
5,506,0.8475
5,507,0.7675
5,508,0.7525000000000001
5,509,0.8474999999999999
5,510,0.755
5,511,0.785
5,512,0.8875
5,513,0.735
5,514,0.8825000000000001
5,515,0.9275
5,516,0.8975
5,517,0.8225
5,518,0.8875
5,519,0.815
5,520,0.835
5,521,0.7999999999999999
5,522,0.855
5,523,0.8
5,524,0.8575
5,525,0.8099999999999999
5,526,0.7899999999999999
5,527,0.8450000000000001
5,528,0.845
5,529,0.8925
5,530,0.8850000000000001
5,531,0.7450000000000001
5,532,0.7325
5,533,0.87
5,534,0.835
5,535,0.7925
5,536,0.83
5,537,0.81
5,538,0.7549999999999999
5,539,0.84
5,540,0.8075
5,541,0.885
5,542,0.8525
5,543,0.76
5,544,0.8725
5,545,0.8225
5,546,0.9125
5,547,0.805
5,548,0.7375
5,549,0.9
5,550,0.8175
5,551,0.805
5,552,0.8675
5,553,0.8
5,554,0.835
5,555,0.835
5,556,0.7549999999999999
5,557,0.8125
5,558,0.845
5,559,0.8674999999999999
5,560,0.7600000000000001
5,561,0.755
5,562,0.845
5,563,0.7275
5,564,0.835
5,565,0.8225
5,566,0.9400000000000001
5,567,0.85
5,568,0.8424999999999999
5,569,0.8725
5,570,0.8575000000000002
5,571,0.8325
5,572,0.7925
5,573,0.8775000000000001
5,574,0.8049999999999999
5,575,0.88
5,576,0.835
5,577,0.7375
5,578,0.7675
5,579,0.795
5,580,0.855
5,581,0.7949999999999999
5,582,0.735
5,583,0.845
5,584,0.8825
5,585,0.855
5,586,0.7725000000000001
5,587,0.755
5,588,0.795
5,589,0.8975
5,590,0.7225
5,591,0.7949999999999999
5,592,0.8324999999999999
5,593,0.7899999999999999
5,594,0.8674999999999999
5,595,0.7925
5,596,0.77
5,597,0.8425
5,598,0.835
5,599,0.785
5,600,0.8574999999999999
5,601,0.7275
5,602,0.7525
5,603,0.86
5,604,0.8525
5,605,0.8525
5,606,0.8875
5,607,0.82
5,608,0.8675
5,609,0.785
5,610,0.7875000000000001
5,611,0.77
5,612,0.8125
5,613,0.8350000000000001
5,614,0.77
5,615,0.765
5,616,0.875
5,617,0.6399999999999999
5,618,0.815
5,619,0.9075
5,620,0.7999999999999999
5,621,0.75
5,622,0.9125
5,623,0.8275
5,624,0.76
5,625,0.7775
5,626,0.755
5,627,0.7925
5,628,0.8525
5,629,0.835
5,630,0.855
5,631,0.8875000000000001
5,632,0.7875
5,633,0.7875
5,634,0.85
5,635,0.92
5,636,0.9150000000000001
5,637,0.855
5,638,0.7625000000000001
5,639,0.9025
5,640,0.8825000000000001
5,641,0.8625
5,642,0.795
5,643,0.765
5,644,0.8625
5,645,0.7725
5,646,0.8375000000000001
5,647,0.8675
5,648,0.7525000000000001
5,649,0.8425
5,650,0.8125
5,651,0.925
5,652,0.7775
5,653,0.7999999999999999
5,654,0.9025000000000001
5,655,0.88
5,656,0.8
5,657,0.8
5,658,0.8775
5,659,0.84
5,660,0.7474999999999999
5,661,0.8224999999999999
5,662,0.83
5,663,0.8225
5,664,0.8374999999999999
5,665,0.7925
5,666,0.8625
5,667,0.8375
5,668,0.8250000000000001
5,669,0.7425
5,670,0.7925
5,671,0.6725
5,672,0.7025
5,673,0.825
5,674,0.9075
5,675,0.8
5,676,0.8575
5,677,0.8324999999999999
5,678,0.8825000000000001
5,679,0.8500000000000001
5,680,0.875
5,681,0.835
5,682,0.81
5,683,0.8175
5,684,0.85
5,685,0.79
5,686,0.7825
5,687,0.8125000000000001
5,688,0.7949999999999999
5,689,0.7124999999999999
5,690,0.8300000000000001
5,691,0.8625
5,692,0.785
5,693,0.8624999999999999
5,694,0.87
5,695,0.9349999999999999
5,696,0.7825
5,697,0.8175
5,698,0.7325
5,699,0.8150000000000001
5,700,0.8325
5,701,0.7925000000000001
5,702,0.8825000000000001
5,703,0.8775
5,704,0.8775000000000001
5,705,0.8400000000000001
5,706,0.8099999999999999
5,707,0.82
5,708,0.8075
5,709,0.8424999999999999
5,710,0.715
5,711,0.8325
5,712,0.8099999999999999
5,713,0.8375
5,714,0.7575000000000001
5,715,0.8449999999999999
5,716,0.7500000000000001
5,717,0.77
5,718,0.8175
5,719,0.8474999999999999
5,720,0.8825
5,721,0.875
5,722,0.7975000000000001
5,723,0.8499999999999999
5,724,0.855
5,725,0.9199999999999999
5,726,0.8049999999999999
5,727,0.8275
5,728,0.7925
5,729,0.735
5,730,0.7725000000000001
5,731,0.8275
5,732,0.7875
5,733,0.85
5,734,0.8999999999999999
5,735,0.8975
5,736,0.835
5,737,0.83
5,738,0.7525000000000001
5,739,0.8925
5,740,0.7875
5,741,0.785
5,742,0.9025
5,743,0.845
5,744,0.8825000000000001
5,745,0.87
5,746,0.75
5,747,0.8200000000000001
5,748,0.775
5,749,0.8375
5,750,0.8174999999999999
5,751,0.8825
5,752,0.7275
5,753,0.7375
5,754,0.84
5,755,0.8075
5,756,0.8524999999999999
5,757,0.685
5,758,0.8575
5,759,0.8175
5,760,0.8
5,761,0.8525
5,762,0.74
5,763,0.9225
5,764,0.855
5,765,0.83
5,766,0.8375
5,767,0.6925000000000001
5,768,0.7899999999999999
5,769,0.745
5,770,0.78
5,771,0.7849999999999999
5,772,0.78
5,773,0.8275
5,774,0.82
5,775,0.7374999999999999
5,776,0.85
5,777,0.7949999999999999
5,778,0.8625
5,779,0.87
5,780,0.8624999999999999
5,781,0.8175
5,782,0.8425
5,783,0.8424999999999999
5,784,0.785
5,785,0.8999999999999999
5,786,0.8275
5,787,0.8899999999999999
5,788,0.795
5,789,0.8025
5,790,0.8575
5,791,0.84
5,792,0.7925
5,793,0.84
5,794,0.755
5,795,0.84
5,796,0.895
5,797,0.8450000000000001
5,798,0.8525
5,799,0.8375
5,800,0.745
5,801,0.7825
5,802,0.815
5,803,0.8925000000000001
5,804,0.8375
5,805,0.855
5,806,0.8350000000000001
5,807,0.9175
5,808,0.6525000000000001
5,809,0.745
5,810,0.8275
5,811,0.8175
5,812,0.7949999999999999
5,813,0.845
5,814,0.8450000000000001
5,815,0.8175
5,816,0.805
5,817,0.8574999999999999
5,818,0.8575
5,819,0.815
5,820,0.84
5,821,0.6950000000000001
5,822,0.8200000000000001
5,823,0.86
5,824,0.8474999999999999
5,825,0.7174999999999999
5,826,0.92
5,827,0.84
5,828,0.86
5,829,0.765
5,830,0.7775
5,831,0.7350000000000001
5,832,0.7575000000000001
5,833,0.895
5,834,0.8099999999999999
5,835,0.8525
5,836,0.7375
5,837,0.7925
5,838,0.8325
5,839,0.8225
5,840,0.8925
5,841,0.8925000000000001
5,842,0.6975
5,843,0.825
5,844,0.7375
5,845,0.95
5,846,0.8175
5,847,0.8150000000000001
5,848,0.8449999999999999
5,849,0.845
5,850,0.7775
5,851,0.865
5,852,0.8250000000000001
5,853,0.7525000000000001
5,854,0.8625
5,855,0.795
5,856,0.8224999999999999
5,857,0.8
5,858,0.8725
5,859,0.7975
5,860,0.7699999999999999
5,861,0.8025
5,862,0.6775000000000001
5,863,0.7374999999999999
5,864,0.7949999999999999
5,865,0.7949999999999999
5,866,0.7925000000000001
5,867,0.8624999999999999
5,868,0.7499999999999999
5,869,0.8474999999999999
5,870,0.8025
5,871,0.77
5,872,0.86
5,873,0.9475
5,874,0.8524999999999999
5,875,0.7825
5,876,0.82
5,877,0.8650000000000001
5,878,0.8150000000000001
5,879,0.7974999999999999
5,880,0.8125
5,881,0.7749999999999999
5,882,0.9375
5,883,0.705
5,884,0.7175
5,885,0.92
5,886,0.7799999999999999
5,887,0.7
5,888,0.7525
5,889,0.8275
5,890,0.7374999999999999
5,891,0.8775
5,892,0.775
5,893,0.8125
5,894,0.7825000000000001
5,895,0.905
5,896,0.8674999999999999
5,897,0.84
5,898,0.71
5,899,0.8125
5,900,0.8575
5,901,0.925
5,902,0.8299999999999998
5,903,0.8150000000000001
5,904,0.7775
5,905,0.8825000000000001
5,906,0.7875000000000001
5,907,0.89
5,908,0.8400000000000001
5,909,0.8525
5,910,0.8724999999999999
5,911,0.7475
5,912,0.765
5,913,0.7074999999999999
5,914,0.7925
5,915,0.865
5,916,0.865
5,917,0.865
5,918,0.8
5,919,0.8225
5,920,0.72
5,921,0.7599999999999999
5,922,0.68
5,923,0.8675
5,924,0.7125
5,925,0.895
5,926,0.8449999999999999
5,927,0.825
5,928,0.7999999999999999
5,929,0.8425
5,930,0.8025
5,931,0.875
5,932,0.8600000000000001
5,933,0.775
5,934,0.8125
5,935,0.8125
5,936,0.8775000000000001
5,937,0.8725
5,938,0.66
5,939,0.7899999999999999
5,940,0.8274999999999999
5,941,0.7874999999999999
5,942,0.8375
5,943,0.7875
5,944,0.8675
5,945,0.8975000000000001
5,946,0.8475
5,947,0.8799999999999999
5,948,0.845
5,949,0.8574999999999999
5,950,0.87
5,951,0.825
5,952,0.8175
5,953,0.8025
5,954,0.8625
5,955,0.905
5,956,0.8325
5,957,0.8225
5,958,0.83
5,959,0.8274999999999999
5,960,0.755
5,961,0.8675
5,962,0.7949999999999999
5,963,0.8325
5,964,0.7424999999999999
5,965,0.8525
5,966,0.9149999999999999
5,967,0.8350000000000001
5,968,0.795
5,969,0.8574999999999999
5,970,0.8124999999999999
5,971,0.7125
5,972,0.885
5,973,0.7450000000000001
5,974,0.8225
5,975,0.8175
5,976,0.8699999999999999
5,977,0.8400000000000001
5,978,0.9
5,979,0.8525
5,980,0.82
5,981,0.785
5,982,0.8225
5,983,0.7424999999999999
5,984,0.735
5,985,0.79
5,986,0.7975
5,987,0.74
5,988,0.79
5,989,0.74
5,990,0.8574999999999999
5,991,0.8925
5,992,0.785
5,993,0.7274999999999999
5,994,0.8025
5,995,0.875
5,996,0.8625
5,997,0.76
5,998,0.8450000000000001
5,999,0.8049999999999999
6,0,0.7550000000000001
6,1,0.7274999999999999
6,2,0.6275000000000001
6,3,0.6625000000000001
6,4,0.6975
6,5,0.6725000000000001
6,6,0.7174999999999999
6,7,0.7725000000000001
6,8,0.6875
6,9,0.7525
6,10,0.665
6,11,0.5775
6,12,0.75
6,13,0.6825
6,14,0.6199999999999999
6,15,0.725
6,16,0.5825
6,17,0.7074999999999999
6,18,0.71
6,19,0.6299999999999999
6,20,0.74
6,21,0.7
6,22,0.6725
6,23,0.5925
6,24,0.745
6,25,0.64
6,26,0.6575
6,27,0.635
6,28,0.66
6,29,0.7175
6,30,0.625
6,31,0.6224999999999999
6,32,0.725
6,33,0.72
6,34,0.5875
6,35,0.67
6,36,0.7274999999999999
6,37,0.5475000000000001
6,38,0.635
6,39,0.6075
6,40,0.8150000000000001
6,41,0.6575
6,42,0.7374999999999999
6,43,0.5925
6,44,0.7
6,45,0.67
6,46,0.6025
6,47,0.7825
6,48,0.6849999999999999
6,49,0.665
6,50,0.7875
6,51,0.675
6,52,0.63
6,53,0.715
6,54,0.69
6,55,0.765
6,56,0.7149999999999999
6,57,0.7425
6,58,0.7275
6,59,0.7625
6,60,0.71
6,61,0.6925
6,62,0.755
6,63,0.7599999999999999
6,64,0.7024999999999999
6,65,0.675
6,66,0.6499999999999999
6,67,0.6624999999999999
6,68,0.595
6,69,0.7925
6,70,0.69
6,71,0.7625
6,72,0.6
6,73,0.775
6,74,0.66
6,75,0.835
6,76,0.6225
6,77,0.7549999999999999
6,78,0.7125
6,79,0.625
6,80,0.7275
6,81,0.7275
6,82,0.625
6,83,0.635
6,84,0.5974999999999999
6,85,0.625
6,86,0.56
6,87,0.7075
6,88,0.78
6,89,0.73
6,90,0.81
6,91,0.6725
6,92,0.7025
6,93,0.655
6,94,0.88
6,95,0.77
6,96,0.7075
6,97,0.7649999999999999
6,98,0.71
6,99,0.6124999999999999
6,100,0.6725
6,101,0.775
6,102,0.7949999999999999
6,103,0.775
6,104,0.7025
6,105,0.7025
6,106,0.72
6,107,0.655
6,108,0.6875
6,109,0.6300000000000001
6,110,0.725
6,111,0.8025
6,112,0.615
6,113,0.5925
6,114,0.6624999999999999
6,115,0.7625000000000001
6,116,0.7050000000000001
6,117,0.7
6,118,0.6925
6,119,0.6775
6,120,0.6525000000000001
6,121,0.6625
6,122,0.7275
6,123,0.765
6,124,0.7525000000000001
6,125,0.6925
6,126,0.65
6,127,0.6775
6,128,0.6875
6,129,0.6925
6,130,0.64
6,131,0.79
6,132,0.6174999999999999
6,133,0.755
6,134,0.71
6,135,0.705
6,136,0.64
6,137,0.67
6,138,0.75
6,139,0.6825
6,140,0.81
6,141,0.7325
6,142,0.7249999999999999
6,143,0.7174999999999999
6,144,0.62
6,145,0.7
6,146,0.7975000000000001
6,147,0.6375000000000001
6,148,0.6775
6,149,0.655
6,150,0.8424999999999999
6,151,0.8099999999999999
6,152,0.69
6,153,0.815
6,154,0.7450000000000001
6,155,0.745
6,156,0.6675
6,157,0.7275
6,158,0.7125
6,159,0.7575000000000001
6,160,0.725
6,161,0.59
6,162,0.615
6,163,0.82
6,164,0.6825
6,165,0.5599999999999999
6,166,0.7525000000000001
6,167,0.5725
6,168,0.6
6,169,0.6575
6,170,0.6425
6,171,0.7425
6,172,0.7749999999999999
6,173,0.7100000000000001
6,174,0.7375
6,175,0.6900000000000001
6,176,0.7300000000000001
6,177,0.7224999999999999
6,178,0.6425000000000001
6,179,0.76
6,180,0.7374999999999999
6,181,0.7625
6,182,0.69
6,183,0.5675
6,184,0.67
6,185,0.7899999999999999
6,186,0.6575
6,187,0.6975
6,188,0.8075
6,189,0.64
6,190,0.7425
6,191,0.605
6,192,0.595
6,193,0.7125
6,194,0.6475
6,195,0.49749999999999994
6,196,0.695
6,197,0.6775
6,198,0.655
6,199,0.5825
6,200,0.7575000000000001
6,201,0.6
6,202,0.7125
6,203,0.69
6,204,0.77
6,205,0.6825
6,206,0.7075
6,207,0.6675
6,208,0.6025
6,209,0.74
6,210,0.6625
6,211,0.7474999999999999
6,212,0.725
6,213,0.7224999999999999
6,214,0.61
6,215,0.63
6,216,0.7625
6,217,0.6475
6,218,0.73
6,219,0.7625
6,220,0.72
6,221,0.845
6,222,0.71
6,223,0.6950000000000001
6,224,0.695
6,225,0.7474999999999999
6,226,0.775
6,227,0.6625
6,228,0.725
6,229,0.7575000000000001
6,230,0.7449999999999999
6,231,0.685
6,232,0.775
6,233,0.7075
6,234,0.7024999999999999
6,235,0.625
6,236,0.8125
6,237,0.7975
6,238,0.745
6,239,0.6749999999999999
6,240,0.605
6,241,0.6875
6,242,0.7450000000000001
6,243,0.5625
6,244,0.6675
6,245,0.7825000000000001
6,246,0.56
6,247,0.8475
6,248,0.74
6,249,0.6325
6,250,0.6799999999999999
6,251,0.7224999999999999
6,252,0.645
6,253,0.7499999999999999
6,254,0.765
6,255,0.635
6,256,0.805
6,257,0.75
6,258,0.6925
6,259,0.685
6,260,0.6675
6,261,0.7275
6,262,0.6399999999999999
6,263,0.655
6,264,0.6675000000000001
6,265,0.71
6,266,0.8125
6,267,0.73
6,268,0.7124999999999999
6,269,0.6849999999999999
6,270,0.7275
6,271,0.6925
6,272,0.6625000000000001
6,273,0.6325
6,274,0.7575000000000001
6,275,0.6249999999999999
6,276,0.6875
6,277,0.7
6,278,0.79
6,279,0.7424999999999999
6,280,0.6749999999999999
6,281,0.6225
6,282,0.6825
6,283,0.7575
6,284,0.8
6,285,0.6799999999999999
6,286,0.695
6,287,0.765
6,288,0.6
6,289,0.6950000000000001
6,290,0.6325000000000001
6,291,0.625
6,292,0.64
6,293,0.605
6,294,0.735
6,295,0.7275000000000001
6,296,0.845
6,297,0.72
6,298,0.73
6,299,0.6699999999999999
6,300,0.54
6,301,0.6525
6,302,0.7174999999999999
6,303,0.5725
6,304,0.66
6,305,0.6575
6,306,0.745
6,307,0.71
6,308,0.6675000000000001
6,309,0.7325
6,310,0.7000000000000001
6,311,0.68
6,312,0.7175
6,313,0.62
6,314,0.7000000000000001
6,315,0.6475000000000001
6,316,0.595
6,317,0.6325000000000001
6,318,0.7849999999999999
6,319,0.7949999999999999
6,320,0.5475
6,321,0.6775
6,322,0.6825
6,323,0.725
6,324,0.6875
6,325,0.7
6,326,0.7274999999999999
6,327,0.675
6,328,0.6675
6,329,0.6975
6,330,0.7475
6,331,0.69
6,332,0.7599999999999999
6,333,0.7175
6,334,0.785
6,335,0.6849999999999999
6,336,0.6174999999999999
6,337,0.6699999999999999
6,338,0.5925
6,339,0.7
6,340,0.645
6,341,0.7050000000000001
6,342,0.665
6,343,0.64
6,344,0.7725
6,345,0.7275
6,346,0.7100000000000001
6,347,0.7349999999999999
6,348,0.7225
6,349,0.6624999999999999
6,350,0.69
6,351,0.5874999999999999
6,352,0.635
6,353,0.7875
6,354,0.7224999999999999
6,355,0.6475000000000001
6,356,0.695
6,357,0.66
6,358,0.6825
6,359,0.625
6,360,0.74
6,361,0.7275
6,362,0.6875
6,363,0.6825
6,364,0.7225
6,365,0.7224999999999999
6,366,0.725
6,367,0.705
6,368,0.6675
6,369,0.73
6,370,0.7575000000000001
6,371,0.725
6,372,0.6549999999999999
6,373,0.815
6,374,0.5975
6,375,0.8125
6,376,0.615
6,377,0.765
6,378,0.7875
6,379,0.7374999999999999
6,380,0.625
6,381,0.7474999999999999
6,382,0.8
6,383,0.5175
6,384,0.595
6,385,0.705
6,386,0.64
6,387,0.615
6,388,0.6849999999999999
6,389,0.63
6,390,0.7350000000000001
6,391,0.685
6,392,0.8375
6,393,0.645
6,394,0.81
6,395,0.7899999999999999
6,396,0.6625
6,397,0.6950000000000001
6,398,0.6625
6,399,0.58
6,400,0.7
6,401,0.72
6,402,0.7224999999999999
6,403,0.7275
6,404,0.715
6,405,0.665
6,406,0.7325
6,407,0.635
6,408,0.7499999999999999
6,409,0.7949999999999999
6,410,0.7949999999999999
6,411,0.755
6,412,0.6325000000000001
6,413,0.585
6,414,0.5974999999999999
6,415,0.665
6,416,0.6575
6,417,0.7225
6,418,0.775
6,419,0.76
6,420,0.7825
6,421,0.585
6,422,0.765
6,423,0.5925
6,424,0.6699999999999999
6,425,0.6799999999999999
6,426,0.615
6,427,0.65
6,428,0.725
6,429,0.7175
6,430,0.7174999999999999
6,431,0.605
6,432,0.6375000000000001
6,433,0.785
6,434,0.745
6,435,0.8049999999999999
6,436,0.7224999999999999
6,437,0.775
6,438,0.6925
6,439,0.8025
6,440,0.75
6,441,0.625
6,442,0.6475
6,443,0.685
6,444,0.6125
6,445,0.785
6,446,0.6625000000000001
6,447,0.6950000000000001
6,448,0.725
6,449,0.6775
6,450,0.7525000000000001
6,451,0.6749999999999999
6,452,0.7025
6,453,0.6525
6,454,0.76
6,455,0.8049999999999999
6,456,0.7250000000000001
6,457,0.775
6,458,0.7075
6,459,0.7150000000000001
6,460,0.725
6,461,0.675
6,462,0.6549999999999999
6,463,0.595
6,464,0.6599999999999999
6,465,0.61
6,466,0.6675
6,467,0.7025
6,468,0.775
6,469,0.6325
6,470,0.59
6,471,0.7675000000000001
6,472,0.7425
6,473,0.7525
6,474,0.72
6,475,0.6875
6,476,0.715
6,477,0.675
6,478,0.735
6,479,0.79
6,480,0.605
6,481,0.7975
6,482,0.6875
6,483,0.75
6,484,0.71
6,485,0.7699999999999999
6,486,0.66
6,487,0.7824999999999999
6,488,0.685
6,489,0.735
6,490,0.6575
6,491,0.7775
6,492,0.675
6,493,0.6475000000000001
6,494,0.6925
6,495,0.8175
6,496,0.6599999999999999
6,497,0.6325000000000001
6,498,0.67
6,499,0.77
6,500,0.7525000000000001
6,501,0.71
6,502,0.7999999999999999
6,503,0.7075
6,504,0.76
6,505,0.725
6,506,0.6825
6,507,0.6125
6,508,0.6325000000000001
6,509,0.695
6,510,0.6550000000000001
6,511,0.6475
6,512,0.7374999999999999
6,513,0.6225
6,514,0.675
6,515,0.6900000000000001
6,516,0.7450000000000001
6,517,0.5925
6,518,0.7425
6,519,0.8325
6,520,0.6449999999999999
6,521,0.6649999999999999
6,522,0.595
6,523,0.7849999999999999
6,524,0.7425
6,525,0.6775
6,526,0.7124999999999999
6,527,0.7574999999999998
6,528,0.685
6,529,0.595
6,530,0.6525
6,531,0.75
6,532,0.72
6,533,0.75
6,534,0.6525
6,535,0.5599999999999999
6,536,0.77
6,537,0.685
6,538,0.6525
6,539,0.6849999999999999
6,540,0.705
6,541,0.8425
6,542,0.71
6,543,0.6525
6,544,0.5925
6,545,0.695
6,546,0.5825
6,547,0.785
6,548,0.6675000000000001
6,549,0.7499999999999999
6,550,0.685
6,551,0.6125
6,552,0.7225
6,553,0.5125
6,554,0.6825
6,555,0.7374999999999999
6,556,0.76
6,557,0.715
6,558,0.6975
6,559,0.635
6,560,0.76
6,561,0.675
6,562,0.67
6,563,0.6475000000000001
6,564,0.6575
6,565,0.6174999999999999
6,566,0.8075
6,567,0.6699999999999999
6,568,0.7475
6,569,0.755
6,570,0.62
6,571,0.7275
6,572,0.79
6,573,0.5974999999999999
6,574,0.8099999999999999
6,575,0.77
6,576,0.8075
6,577,0.7075
6,578,0.67
6,579,0.7675000000000001
6,580,0.7175
6,581,0.7324999999999999
6,582,0.74
6,583,0.6800000000000002
6,584,0.8125
6,585,0.6525
6,586,0.66
6,587,0.645
6,588,0.7424999999999999
6,589,0.68
6,590,0.6875
6,591,0.68
6,592,0.6975
6,593,0.6725000000000001
6,594,0.805
6,595,0.7525
6,596,0.6224999999999999
6,597,0.7124999999999999
6,598,0.7274999999999999
6,599,0.71
6,600,0.7225
6,601,0.7799999999999998
6,602,0.7
6,603,0.76
6,604,0.785
6,605,0.615
6,606,0.5875
6,607,0.6725
6,608,0.695
6,609,0.625
6,610,0.7475
6,611,0.6275
6,612,0.6775
6,613,0.48000000000000004
6,614,0.6825
6,615,0.7350000000000001
6,616,0.8400000000000001
6,617,0.5850000000000001
6,618,0.7
6,619,0.7625000000000001
6,620,0.8374999999999999
6,621,0.7749999999999999
6,622,0.755
6,623,0.67
6,624,0.635
6,625,0.6875
6,626,0.6475
6,627,0.705
6,628,0.7525
6,629,0.725
6,630,0.6625000000000001
6,631,0.6425
6,632,0.665
6,633,0.6775
6,634,0.6975
6,635,0.7525000000000001
6,636,0.6375
6,637,0.8225
6,638,0.7225
6,639,0.705
6,640,0.655
6,641,0.6825
6,642,0.7224999999999999
6,643,0.61
6,644,0.645
6,645,0.7
6,646,0.6575
6,647,0.7625
6,648,0.7124999999999999
6,649,0.715
6,650,0.73
6,651,0.7324999999999999
6,652,0.5925
6,653,0.7749999999999999
6,654,0.69
6,655,0.72
6,656,0.785
6,657,0.6124999999999998
6,658,0.7675
6,659,0.7525000000000001
6,660,0.6799999999999999
6,661,0.73
6,662,0.64
6,663,0.6275000000000001
6,664,0.69
6,665,0.655
6,666,0.74
6,667,0.67
6,668,0.82
6,669,0.605
6,670,0.8425
6,671,0.6775
6,672,0.755
6,673,0.7175
6,674,0.7000000000000001
6,675,0.7475
6,676,0.74
6,677,0.7525
6,678,0.6825
6,679,0.645
6,680,0.6599999999999999
6,681,0.5775
6,682,0.6875
6,683,0.7175
6,684,0.75
6,685,0.7625000000000001
6,686,0.7075
6,687,0.725
6,688,0.6725
6,689,0.735
6,690,0.7074999999999999
6,691,0.7025
6,692,0.7025
6,693,0.725
6,694,0.7625000000000001
6,695,0.6275
6,696,0.7200000000000001
6,697,0.685
6,698,0.645
6,699,0.665
6,700,0.755
6,701,0.6425
6,702,0.5974999999999999
6,703,0.6425
6,704,0.625
6,705,0.705
6,706,0.735
6,707,0.725
6,708,0.7575000000000001
6,709,0.675
6,710,0.6725
6,711,0.615
6,712,0.63
6,713,0.6875
6,714,0.7375
6,715,0.6425
6,716,0.6224999999999999
6,717,0.735
6,718,0.74
6,719,0.7274999999999999
6,720,0.6375
6,721,0.6649999999999999
6,722,0.86
6,723,0.71
6,724,0.635
6,725,0.6799999999999999
6,726,0.8049999999999999
6,727,0.755
6,728,0.6425000000000001
6,729,0.7050000000000001
6,730,0.7525
6,731,0.57
6,732,0.6775
6,733,0.7999999999999999
6,734,0.7349999999999999
6,735,0.7625
6,736,0.6449999999999999
6,737,0.71
6,738,0.7575
6,739,0.66
6,740,0.7649999999999999
6,741,0.7775
6,742,0.7425
6,743,0.7224999999999999
6,744,0.5999999999999999
6,745,0.6699999999999999
6,746,0.6050000000000001
6,747,0.685
6,748,0.5525
6,749,0.605
6,750,0.7474999999999999
6,751,0.745
6,752,0.73
6,753,0.72
6,754,0.81
6,755,0.7725
6,756,0.69
6,757,0.7025
6,758,0.7175
6,759,0.73
6,760,0.6625
6,761,0.5925
6,762,0.745
6,763,0.745
6,764,0.6325000000000001
6,765,0.8025
6,766,0.7625000000000001
6,767,0.745
6,768,0.6799999999999999
6,769,0.6575
6,770,0.7899999999999999
6,771,0.7425
6,772,0.585
6,773,0.6824999999999999
6,774,0.6675
6,775,0.6775
6,776,0.7349999999999999
6,777,0.615
6,778,0.7775
6,779,0.7075
6,780,0.6575
6,781,0.7625
6,782,0.7525
6,783,0.765
6,784,0.75
6,785,0.625
6,786,0.785
6,787,0.7875
6,788,0.7575000000000001
6,789,0.6625
6,790,0.835
6,791,0.56
6,792,0.74
6,793,0.675
6,794,0.6875
6,795,0.71
6,796,0.6625
6,797,0.7000000000000001
6,798,0.775
6,799,0.8175
6,800,0.8200000000000001
6,801,0.615
6,802,0.7275
6,803,0.6925
6,804,0.6174999999999999
6,805,0.6625
6,806,0.715
6,807,0.835
6,808,0.6775
6,809,0.8575
6,810,0.6325000000000001
6,811,0.68
6,812,0.8099999999999999
6,813,0.605
6,814,0.7175
6,815,0.7374999999999999
6,816,0.6825
6,817,0.6375
6,818,0.7275
6,819,0.7324999999999999
6,820,0.7425
6,821,0.7525
6,822,0.7374999999999999
6,823,0.7
6,824,0.6325
6,825,0.6925
6,826,0.6649999999999999
6,827,0.575
6,828,0.67
6,829,0.75
6,830,0.72
6,831,0.6675
6,832,0.7725
6,833,0.73
6,834,0.715
6,835,0.795
6,836,0.7649999999999999
6,837,0.6825
6,838,0.79
6,839,0.5475000000000001
6,840,0.74
6,841,0.63
6,842,0.6725
6,843,0.745
6,844,0.6649999999999999
6,845,0.6724999999999999
6,846,0.6975
6,847,0.6174999999999999
6,848,0.54
6,849,0.6375
6,850,0.73
6,851,0.6425000000000001
6,852,0.5725
6,853,0.77
6,854,0.6224999999999999
6,855,0.6525
6,856,0.77
6,857,0.6749999999999999
6,858,0.6675
6,859,0.69
6,860,0.6224999999999999
6,861,0.6825
6,862,0.7025
6,863,0.7
6,864,0.6499999999999999
6,865,0.7125
6,866,0.665
6,867,0.7374999999999999
6,868,0.735
6,869,0.6475
6,870,0.7474999999999999
6,871,0.7475
6,872,0.6675
6,873,0.6900000000000001
6,874,0.6924999999999999
6,875,0.6575
6,876,0.6499999999999999
6,877,0.6900000000000001
6,878,0.7625
6,879,0.755
6,880,0.67
6,881,0.6625
6,882,0.7000000000000001
6,883,0.6099999999999999
6,884,0.865
6,885,0.735
6,886,0.8225
6,887,0.665
6,888,0.775
6,889,0.65
6,890,0.6125
6,891,0.775
6,892,0.7474999999999999
6,893,0.67
6,894,0.7374999999999999
6,895,0.6699999999999999
6,896,0.61
6,897,0.7174999999999999
6,898,0.6975
6,899,0.7125
6,900,0.7275
6,901,0.6275
6,902,0.6525
6,903,0.7375
6,904,0.7474999999999999
6,905,0.7825
6,906,0.69
6,907,0.765
6,908,0.7325
6,909,0.6574999999999999
6,910,0.6925
6,911,0.6125
6,912,0.805
6,913,0.76
6,914,0.6525
6,915,0.7075
6,916,0.645
6,917,0.8049999999999999
6,918,0.8375
6,919,0.6725
6,920,0.765
6,921,0.585
6,922,0.725
6,923,0.81
6,924,0.655
6,925,0.6799999999999999
6,926,0.785
6,927,0.6925
6,928,0.71
6,929,0.6875
6,930,0.62
6,931,0.775
6,932,0.7025
6,933,0.7725
6,934,0.6925
6,935,0.7649999999999999
6,936,0.685
6,937,0.7875
6,938,0.755
6,939,0.71
6,940,0.715
6,941,0.6025
6,942,0.6000000000000001
6,943,0.6875
6,944,0.755
6,945,0.6425
6,946,0.7775
6,947,0.7899999999999999
6,948,0.8175
6,949,0.6875
6,950,0.685
6,951,0.72
6,952,0.785
6,953,0.6375
6,954,0.6775
6,955,0.575
6,956,0.8099999999999999
6,957,0.6175
6,958,0.7675
6,959,0.595
6,960,0.615
6,961,0.76
6,962,0.6625
6,963,0.77
6,964,0.75
6,965,0.6425
6,966,0.6499999999999999
6,967,0.8
6,968,0.56
6,969,0.7925
6,970,0.6625
6,971,0.8325
6,972,0.735
6,973,0.6725000000000001
6,974,0.6575
6,975,0.72
6,976,0.705
6,977,0.6100000000000001
6,978,0.6
6,979,0.755
6,980,0.6749999999999999
6,981,0.7625
6,982,0.6475
6,983,0.6649999999999999
6,984,0.79
6,985,0.6275000000000001
6,986,0.625
6,987,0.7424999999999999
6,988,0.69
6,989,0.6750000000000002
6,990,0.75
6,991,0.665
6,992,0.5475
6,993,0.8200000000000001
6,994,0.7074999999999999
6,995,0.625
6,996,0.6475
6,997,0.6975
6,998,0.805
6,999,0.74
7,0,0.8400000000000001
7,1,0.8899999999999999
7,2,0.7525
7,3,0.8400000000000001
7,4,0.8025
7,5,0.7750000000000001
7,6,0.8575
7,7,0.8125
7,8,0.835
7,9,0.8725
7,10,0.77
7,11,0.7925
7,12,0.7975
7,13,0.9325
7,14,0.8025
7,15,0.7849999999999999
7,16,0.76
7,17,0.8474999999999999
7,18,0.8125
7,19,0.715
7,20,0.865
7,21,0.78
7,22,0.7124999999999999
7,23,0.79
7,24,0.7899999999999999
7,25,0.7875
7,26,0.755
7,27,0.8049999999999999
7,28,0.8375000000000001
7,29,0.8275
7,30,0.8125
7,31,0.9
7,32,0.7324999999999999
7,33,0.7650000000000001
7,34,0.77
7,35,0.825
7,36,0.8525
7,37,0.8275
7,38,0.8274999999999999
7,39,0.8325
7,40,0.85
7,41,0.8025
7,42,0.86
7,43,0.885
7,44,0.9325
7,45,0.87
7,46,0.855
7,47,0.8949999999999999
7,48,0.845
7,49,0.84
7,50,0.8625
7,51,0.875
7,52,0.8250000000000002
7,53,0.7424999999999999
7,54,0.815
7,55,0.8375
7,56,0.8724999999999999
7,57,0.87
7,58,0.9025
7,59,0.8625
7,60,0.7224999999999999
7,61,0.7825
7,62,0.85
7,63,0.875
7,64,0.875
7,65,0.7875
7,66,0.89
7,67,0.9299999999999999
7,68,0.8374999999999999
7,69,0.9175
7,70,0.895
7,71,0.85
7,72,0.8975000000000001
7,73,0.8875
7,74,0.8025
7,75,0.8375
7,76,0.6524999999999999
7,77,0.7825
7,78,0.8
7,79,0.78
7,80,0.6875
7,81,0.7324999999999999
7,82,0.835
7,83,0.7474999999999999
7,84,0.8524999999999999
7,85,0.8075
7,86,0.87
7,87,0.78
7,88,0.7525
7,89,0.88
7,90,0.815
7,91,0.8725
7,92,0.905
7,93,0.8875
7,94,0.8675
7,95,0.7925000000000001
7,96,0.8325
7,97,0.885
7,98,0.8325
7,99,0.8524999999999999
7,100,0.7150000000000001
7,101,0.8125
7,102,0.7375
7,103,0.8674999999999999
7,104,0.8624999999999999
7,105,0.9075
7,106,0.78
7,107,0.8575
7,108,0.7549999999999999
7,109,0.8300000000000001
7,110,0.8574999999999999
7,111,0.8925000000000001
7,112,0.8925
7,113,0.8524999999999999
7,114,0.8025
7,115,0.8300000000000001
7,116,0.8825000000000001
7,117,0.77
7,118,0.9025
7,119,0.8375000000000001
7,120,0.8850000000000001
7,121,0.7125
7,122,0.7975
7,123,0.8174999999999999
7,124,0.87
7,125,0.84
7,126,0.8225
7,127,0.755
7,128,0.8525
7,129,0.7849999999999999
7,130,0.7675000000000001
7,131,0.8275
7,132,0.8174999999999999
7,133,0.8
7,134,0.7999999999999999
7,135,0.8625
7,136,0.8800000000000001
7,137,0.8899999999999999
7,138,0.7975
7,139,0.7525
7,140,0.8
7,141,0.79
7,142,0.815
7,143,0.8724999999999999
7,144,0.8125
7,145,0.8724999999999999
7,146,0.7949999999999999
7,147,0.8825000000000001
7,148,0.825
7,149,0.8674999999999999
7,150,0.75
7,151,0.8225
7,152,0.89
7,153,0.7725
7,154,0.8250000000000001
7,155,0.8575000000000002
7,156,0.79
7,157,0.81
7,158,0.73
7,159,0.81
7,160,0.7750000000000001
7,161,0.625
7,162,0.7424999999999999
7,163,0.8025
7,164,0.7899999999999999
7,165,0.8374999999999999
7,166,0.7949999999999999
7,167,0.745
7,168,0.82
7,169,0.825
7,170,0.7575000000000001
7,171,0.7775
7,172,0.8575
7,173,0.8425
7,174,0.8400000000000001
7,175,0.835
7,176,0.8025
7,177,0.915
7,178,0.8775
7,179,0.8724999999999999
7,180,0.8575
7,181,0.7150000000000001
7,182,0.8075
7,183,0.78
7,184,0.78
7,185,0.9225
7,186,0.8325
7,187,0.7525
7,188,0.85
7,189,0.85
7,190,0.8325
7,191,0.7075
7,192,0.76
7,193,0.7324999999999999
7,194,0.875
7,195,0.73
7,196,0.8474999999999999
7,197,0.7350000000000001
7,198,0.8525
7,199,0.83
7,200,0.8225
7,201,0.775
7,202,0.8500000000000001
7,203,0.9199999999999999
7,204,0.795
7,205,0.825
7,206,0.7625
7,207,0.7549999999999999
7,208,0.8400000000000001
7,209,0.755
7,210,0.76
7,211,0.7975
7,212,0.8200000000000001
7,213,0.8624999999999999
7,214,0.875
7,215,0.75
7,216,0.845
7,217,0.8625
7,218,0.8175
7,219,0.8875
7,220,0.9025
7,221,0.7875
7,222,0.7575
7,223,0.8724999999999999
7,224,0.71
7,225,0.8099999999999999
7,226,0.8175
7,227,0.925
7,228,0.84
7,229,0.7175
7,230,0.905
7,231,0.7525
7,232,0.8300000000000001
7,233,0.7749999999999999
7,234,0.88
7,235,0.815
7,236,0.855
7,237,0.7749999999999999
7,238,0.9175
7,239,0.81
7,240,0.9075
7,241,0.92
7,242,0.875
7,243,0.8624999999999999
7,244,0.7875000000000001
7,245,0.8575
7,246,0.89
7,247,0.8125
7,248,0.815
7,249,0.7975
7,250,0.78
7,251,0.8500000000000001
7,252,0.8225
7,253,0.7675000000000001
7,254,0.83
7,255,0.8475
7,256,0.8200000000000001
7,257,0.8275
7,258,0.8
7,259,0.8425
7,260,0.7650000000000001
7,261,0.8525
7,262,0.825
7,263,0.8425
7,264,0.715
7,265,0.825
7,266,0.83
7,267,0.8274999999999999
7,268,0.7725
7,269,0.8875
7,270,0.8575
7,271,0.8374999999999999
7,272,0.8950000000000001
7,273,0.7925
7,274,0.8674999999999999
7,275,0.79
7,276,0.9249999999999999
7,277,0.7525
7,278,0.7525
7,279,0.835
7,280,0.8099999999999999
7,281,0.9049999999999999
7,282,0.8175
7,283,0.7150000000000001
7,284,0.8049999999999999
7,285,0.7425000000000002
7,286,0.8474999999999999
7,287,0.81
7,288,0.78
7,289,0.8025
7,290,0.8075
7,291,0.7725000000000001
7,292,0.8525
7,293,0.7550000000000001
7,294,0.8825000000000001
7,295,0.7725
7,296,0.8475
7,297,0.885
7,298,0.835
7,299,0.835
7,300,0.87
7,301,0.745
7,302,0.8374999999999999
7,303,0.7925
7,304,0.8525
7,305,0.855
7,306,0.87
7,307,0.8375000000000001
7,308,0.8525
7,309,0.75
7,310,0.835
7,311,0.875
7,312,0.8474999999999999
7,313,0.8525
7,314,0.85
7,315,0.8925
7,316,0.78
7,317,0.8175
7,318,0.83
7,319,0.7875
7,320,0.6675
7,321,0.77
7,322,0.875
7,323,0.865
7,324,0.7925
7,325,0.83
7,326,0.7949999999999999
7,327,0.86
7,328,0.6575
7,329,0.78
7,330,0.8075
7,331,0.795
7,332,0.8674999999999999
7,333,0.8225
7,334,0.8975
7,335,0.785
7,336,0.8025
7,337,0.865
7,338,0.8125
7,339,0.855
7,340,0.8099999999999999
7,341,0.7525
7,342,0.8275
7,343,0.87
7,344,0.8799999999999999
7,345,0.885
7,346,0.8225
7,347,0.7525
7,348,0.7975000000000001
7,349,0.7675000000000001
7,350,0.85
7,351,0.9125
7,352,0.86
7,353,0.8425
7,354,0.8975
7,355,0.8625
7,356,0.7625
7,357,0.8125
7,358,0.875
7,359,0.795
7,360,0.79
7,361,0.87
7,362,0.7225
7,363,0.76
7,364,0.8225
7,365,0.8425
7,366,0.75
7,367,0.84
7,368,0.875
7,369,0.84
7,370,0.8925000000000001
7,371,0.9025000000000001
7,372,0.7825
7,373,0.88
7,374,0.7925
7,375,0.755
7,376,0.8474999999999999
7,377,0.8
7,378,0.8325
7,379,0.7975
7,380,0.875
7,381,0.775
7,382,0.8775
7,383,0.835
7,384,0.905
7,385,0.7675000000000001
7,386,0.8099999999999999
7,387,0.9349999999999999
7,388,0.8625
7,389,0.8725
7,390,0.9675
7,391,0.85
7,392,0.84
7,393,0.845
7,394,0.7675000000000001
7,395,0.8075
7,396,0.7900000000000001
7,397,0.88
7,398,0.8049999999999999
7,399,0.74
7,400,0.8675
7,401,0.8025
7,402,0.8575
7,403,0.79
7,404,0.8049999999999999
7,405,0.8575
7,406,0.7875000000000001
7,407,0.7975
7,408,0.8775
7,409,0.8275
7,410,0.835
7,411,0.78
7,412,0.72
7,413,0.8125
7,414,0.8224999999999999
7,415,0.8049999999999999
7,416,0.8074999999999999
7,417,0.8025
7,418,0.855
7,419,0.76
7,420,0.755
7,421,0.8025
7,422,0.855
7,423,0.8174999999999999
7,424,0.6900000000000001
7,425,0.8925
7,426,0.8775
7,427,0.8175
7,428,0.7675000000000001
7,429,0.8425
7,430,0.7424999999999999
7,431,0.795
7,432,0.895
7,433,0.8375
7,434,0.8375
7,435,0.8674999999999999
7,436,0.8674999999999999
7,437,0.75
7,438,0.78
7,439,0.7975
7,440,0.825
7,441,0.7974999999999999
7,442,0.72
7,443,0.8574999999999999
7,444,0.8574999999999999
7,445,0.8075000000000001
7,446,0.8075000000000001
7,447,0.855
7,448,0.7674999999999998
7,449,0.8400000000000001
7,450,0.8
7,451,0.7475
7,452,0.8750000000000001
7,453,0.78
7,454,0.8525
7,455,0.8075
7,456,0.7224999999999999
7,457,0.7850000000000001
7,458,0.7475
7,459,0.765
7,460,0.865
7,461,0.895
7,462,0.8425
7,463,0.9125
7,464,0.855
7,465,0.7175
7,466,0.8325
7,467,0.82
7,468,0.86
7,469,0.9125000000000001
7,470,0.9075000000000001
7,471,0.74
7,472,0.8025
7,473,0.8275
7,474,0.82
7,475,0.7575
7,476,0.8025
7,477,0.7550000000000001
7,478,0.76
7,479,0.87
7,480,0.835
7,481,0.8225
7,482,0.81
7,483,0.74
7,484,0.8375
7,485,0.82
7,486,0.815
7,487,0.87
7,488,0.8575
7,489,0.7875000000000001
7,490,0.8325
7,491,0.7375
7,492,0.825
7,493,0.8500000000000001
7,494,0.8475
7,495,0.9025
7,496,0.89
7,497,0.84
7,498,0.7425
7,499,0.8075000000000001
7,500,0.7725
7,501,0.7675
7,502,0.92
7,503,0.875
7,504,0.7975
7,505,0.8574999999999999
7,506,0.79
7,507,0.7375
7,508,0.78
7,509,0.8425
7,510,0.8625
7,511,0.78
7,512,0.79
7,513,0.7324999999999999
7,514,0.855
7,515,0.8999999999999999
7,516,0.8
7,517,0.8200000000000001
7,518,0.77
7,519,0.7925
7,520,0.8625
7,521,0.7849999999999999
7,522,0.835
7,523,0.7175
7,524,0.8775000000000001
7,525,0.8125
7,526,0.9049999999999999
7,527,0.7925
7,528,0.695
7,529,0.8174999999999999
7,530,0.8099999999999999
7,531,0.7775000000000001
7,532,0.7225
7,533,0.845
7,534,0.8674999999999999
7,535,0.8400000000000001
7,536,0.7675000000000001
7,537,0.725
7,538,0.875
7,539,0.77
7,540,0.75
7,541,0.87
7,542,0.8875
7,543,0.87
7,544,0.7224999999999999
7,545,0.93
7,546,0.7825
7,547,0.8699999999999999
7,548,0.8474999999999999
7,549,0.845
7,550,0.9
7,551,0.8775000000000001
7,552,0.8200000000000001
7,553,0.8099999999999999
7,554,0.8200000000000001
7,555,0.845
7,556,0.815
7,557,0.7475
7,558,0.8825000000000001
7,559,0.895
7,560,0.7899999999999999
7,561,0.73
7,562,0.7949999999999999
7,563,0.88
7,564,0.8600000000000001
7,565,0.8049999999999999
7,566,0.8
7,567,0.7325
7,568,0.8925
7,569,0.865
7,570,0.7574999999999998
7,571,0.895
7,572,0.825
7,573,0.76
7,574,0.8275
7,575,0.8150000000000001
7,576,0.7875
7,577,0.825
7,578,0.7575
7,579,0.7725
7,580,0.8225
7,581,0.765
7,582,0.7424999999999999
7,583,0.8225
7,584,0.8925
7,585,0.7749999999999999
7,586,0.8775
7,587,0.8574999999999999
7,588,0.7
7,589,0.7975000000000001
7,590,0.905
7,591,0.8150000000000001
7,592,0.87
7,593,0.7649999999999999
7,594,0.875
7,595,0.7975
7,596,0.8025
7,597,0.9125000000000001
7,598,0.9375
7,599,0.7875
7,600,0.7549999999999999
7,601,0.8574999999999999
7,602,0.8525
7,603,0.8574999999999999
7,604,0.8474999999999999
7,605,0.7725
7,606,0.7075
7,607,0.8825
7,608,0.8325
7,609,0.8750000000000001
7,610,0.7725
7,611,0.74
7,612,0.8375
7,613,0.8425
7,614,0.6799999999999999
7,615,0.8925000000000001
7,616,0.7775000000000001
7,617,0.8125
7,618,0.795
7,619,0.8525
7,620,0.8725
7,621,0.875
7,622,0.8199999999999998
7,623,0.7625
7,624,0.765
7,625,0.7925
7,626,0.785
7,627,0.835
7,628,0.72
7,629,0.8724999999999999
7,630,0.7925
7,631,0.77
7,632,0.8975
7,633,0.8625
7,634,0.8275
7,635,0.885
7,636,0.8274999999999999
7,637,0.8425
7,638,0.8799999999999999
7,639,0.8274999999999999
7,640,0.79
7,641,0.89
7,642,0.7925
7,643,0.8875000000000001
7,644,0.79
7,645,0.875
7,646,0.8875
7,647,0.8325
7,648,0.845
7,649,0.8875000000000001
7,650,0.8125
7,651,0.83
7,652,0.8125
7,653,0.725
7,654,0.7475
7,655,0.905
7,656,0.74
7,657,0.705
7,658,0.86
7,659,0.8300000000000001
7,660,0.8675
7,661,0.8049999999999999
7,662,0.8274999999999999
7,663,0.8225
7,664,0.74
7,665,0.75
7,666,0.7575
7,667,0.815
7,668,0.7775
7,669,0.7699999999999999
7,670,0.81
7,671,0.8500000000000001
7,672,0.8125
7,673,0.8474999999999999
7,674,0.8525
7,675,0.8675
7,676,0.8574999999999999
7,677,0.8574999999999999
7,678,0.775
7,679,0.85
7,680,0.8425
7,681,0.8225
7,682,0.6975
7,683,0.8875000000000001
7,684,0.8075
7,685,0.8125
7,686,0.7750000000000001
7,687,0.8375
7,688,0.78
7,689,0.905
7,690,0.8049999999999999
7,691,0.8475000000000001
7,692,0.85
7,693,0.7775
7,694,0.9175
7,695,0.765
7,696,0.8025
7,697,0.8200000000000001
7,698,0.71
7,699,0.8099999999999999
7,700,0.8525
7,701,0.7575000000000001
7,702,0.775
7,703,0.85
7,704,0.8675
7,705,0.8475000000000001
7,706,0.865
7,707,0.7649999999999999
7,708,0.8500000000000001
7,709,0.8200000000000001
7,710,0.7050000000000001
7,711,0.8300000000000001
7,712,0.8625
7,713,0.825
7,714,0.7975
7,715,0.7725
7,716,0.84
7,717,0.8125
7,718,0.845
7,719,0.905
7,720,0.8574999999999999
7,721,0.8625
7,722,0.87
7,723,0.755
7,724,0.8474999999999999
7,725,0.7274999999999998
7,726,0.8625
7,727,0.7525
7,728,0.8275
7,729,0.865
7,730,0.8049999999999999
7,731,0.7625000000000001
7,732,0.8049999999999999
7,733,0.8825000000000001
7,734,0.8374999999999999
7,735,0.825
7,736,0.94
7,737,0.8024999999999999
7,738,0.8675
7,739,0.8275
7,740,0.7475
7,741,0.8125
7,742,0.79
7,743,0.7224999999999999
7,744,0.695
7,745,0.8525
7,746,0.8875
7,747,0.8200000000000001
7,748,0.835
7,749,0.8525
7,750,0.8925000000000001
7,751,0.865
7,752,0.8675
7,753,0.845
7,754,0.8325
7,755,0.77
7,756,0.8250000000000001
7,757,0.7625
7,758,0.835
7,759,0.86
7,760,0.7424999999999999
7,761,0.9375
7,762,0.765
7,763,0.865
7,764,0.88
7,765,0.81
7,766,0.8425
7,767,0.8474999999999999
7,768,0.8425
7,769,0.735
7,770,0.82
7,771,0.82
7,772,0.8175
7,773,0.865
7,774,0.7375
7,775,0.8075
7,776,0.79
7,777,0.8325
7,778,0.94
7,779,0.7699999999999999
7,780,0.89
7,781,0.7825
7,782,0.8
7,783,0.9349999999999999
7,784,0.7849999999999999
7,785,0.8225
7,786,0.8949999999999999
7,787,0.8275
7,788,0.7825
7,789,0.9125000000000001
7,790,0.8375
7,791,0.8049999999999999
7,792,0.7925
7,793,0.8975
7,794,0.9025
7,795,0.8825
7,796,0.7424999999999999
7,797,0.8374999999999999
7,798,0.77
7,799,0.9025000000000001
7,800,0.7825
7,801,0.7075
7,802,0.7675000000000001
7,803,0.8325
7,804,0.7050000000000001
7,805,0.9
7,806,0.89
7,807,0.8125
7,808,0.8474999999999999
7,809,0.7575000000000001
7,810,0.8275
7,811,0.79
7,812,0.8775
7,813,0.8975
7,814,0.8925
7,815,0.8274999999999999
7,816,0.8625
7,817,0.8325
7,818,0.7725
7,819,0.865
7,820,0.7975
7,821,0.6925
7,822,0.69
7,823,0.885
7,824,0.885
7,825,0.78
7,826,0.7625
7,827,0.8600000000000001
7,828,0.8400000000000001
7,829,0.77
7,830,0.84
7,831,0.84
7,832,0.8475
7,833,0.7075
7,834,0.8474999999999999
7,835,0.8225
7,836,0.8
7,837,0.825
7,838,0.8574999999999999
7,839,0.8175
7,840,0.7375
7,841,0.8625
7,842,0.9
7,843,0.7525
7,844,0.7224999999999999
7,845,0.8
7,846,0.89
7,847,0.8674999999999999
7,848,0.9099999999999999
7,849,0.815
7,850,0.82
7,851,0.875
7,852,0.81
7,853,0.755
7,854,0.78
7,855,0.8325
7,856,0.8600000000000001
7,857,0.765
7,858,0.8
7,859,0.8625
7,860,0.9125
7,861,0.84
7,862,0.875
7,863,0.81
7,864,0.7775000000000001
7,865,0.83
7,866,0.8999999999999999
7,867,0.7599999999999999
7,868,0.8725
7,869,0.81
7,870,0.8425
7,871,0.8674999999999999
7,872,0.8175
7,873,0.8474999999999999
7,874,0.8775000000000001
7,875,0.8825000000000001
7,876,0.81
7,877,0.88
7,878,0.8049999999999999
7,879,0.8
7,880,0.865
7,881,0.7525
7,882,0.8475
7,883,0.7225
7,884,0.7475
7,885,0.8125
7,886,0.6775
7,887,0.8075
7,888,0.8049999999999999
7,889,0.825
7,890,0.8375
7,891,0.81
7,892,0.835
7,893,0.8400000000000001
7,894,0.7625
7,895,0.7949999999999999
7,896,0.7424999999999999
7,897,0.825
7,898,0.8649999999999999
7,899,0.8775
7,900,0.89
7,901,0.8075
7,902,0.7575000000000001
7,903,0.8175
7,904,0.845
7,905,0.7749999999999999
7,906,0.7875000000000001
7,907,0.7525
7,908,0.7925
7,909,0.815
7,910,0.7825
7,911,0.815
7,912,0.8525
7,913,0.8200000000000001
7,914,0.8375
7,915,0.7275
7,916,0.73
7,917,0.8625
7,918,0.88
7,919,0.7825
7,920,0.8475
7,921,0.7975
7,922,0.8875
7,923,0.7575000000000001
7,924,0.8525
7,925,0.83
7,926,0.8075
7,927,0.8049999999999999
7,928,0.85
7,929,0.8425
7,930,0.81
7,931,0.8125
7,932,0.8225
7,933,0.885
7,934,0.7875
7,935,0.7950000000000002
7,936,0.8025
7,937,0.7675
7,938,0.75
7,939,0.7324999999999999
7,940,0.8374999999999999
7,941,0.8675
7,942,0.7875
7,943,0.8049999999999999
7,944,0.7175
7,945,0.78
7,946,0.7975
7,947,0.78
7,948,0.77
7,949,0.8674999999999999
7,950,0.78
7,951,0.8175
7,952,0.7999999999999999
7,953,0.725
7,954,0.75
7,955,0.8375
7,956,0.835
7,957,0.8200000000000001
7,958,0.8150000000000002
7,959,0.8674999999999999
7,960,0.7825
7,961,0.8675
7,962,0.86
7,963,0.7725
7,964,0.8275
7,965,0.825
7,966,0.78
7,967,0.7825
7,968,0.825
7,969,0.7925
7,970,0.8625
7,971,0.8549999999999999
7,972,0.79
7,973,0.8075
7,974,0.74
7,975,0.9275
7,976,0.805
7,977,0.8075
7,978,0.8700000000000001
7,979,0.8400000000000001
7,980,0.7625
7,981,0.78
7,982,0.9075
7,983,0.8225
7,984,0.8575
7,985,0.8425
7,986,0.7850000000000001
7,987,0.865
7,988,0.8175
7,989,0.8375000000000001
7,990,0.8425
7,991,0.8825000000000001
7,992,0.78
7,993,0.8425
7,994,0.86
7,995,0.8475
7,996,0.9125
7,997,0.7375
7,998,0.8275
7,999,0.8400000000000001
8,0,0.6025
8,1,0.61
8,2,0.6275
8,3,0.6174999999999999
8,4,0.5725
8,5,0.54
8,6,0.51
8,7,0.535
8,8,0.515
8,9,0.5800000000000001
8,10,0.37749999999999995
8,11,0.63
8,12,0.54
8,13,0.4125
8,14,0.5675
8,15,0.5825
8,16,0.53
8,17,0.5624999999999999
8,18,0.4575
8,19,0.66
8,20,0.6625
8,21,0.5125
8,22,0.6325
8,23,0.4825
8,24,0.5750000000000001
8,25,0.54
8,26,0.575
8,27,0.6
8,28,0.41500000000000004
8,29,0.49
8,30,0.495
8,31,0.54
8,32,0.5225
8,33,0.6525
8,34,0.5349999999999999
8,35,0.54
8,36,0.5549999999999999
8,37,0.5025000000000001
8,38,0.555
8,39,0.6224999999999999
8,40,0.57
8,41,0.58
8,42,0.5025000000000001
8,43,0.6000000000000001
8,44,0.5700000000000001
8,45,0.47250000000000003
8,46,0.6050000000000001
8,47,0.5575
8,48,0.5025
8,49,0.7575000000000001
8,50,0.705
8,51,0.495
8,52,0.44250000000000006
8,53,0.4674999999999999
8,54,0.5050000000000001
8,55,0.505
8,56,0.5
8,57,0.54
8,58,0.5925
8,59,0.58
8,60,0.53
8,61,0.5375
8,62,0.505
8,63,0.5125
8,64,0.5449999999999999
8,65,0.48250000000000004
8,66,0.51
8,67,0.615
8,68,0.5449999999999999
8,69,0.575
8,70,0.565
8,71,0.5375
8,72,0.5025000000000001
8,73,0.5675
8,74,0.5625
8,75,0.6025
8,76,0.5125000000000001
8,77,0.5075
8,78,0.5175000000000001
8,79,0.6074999999999999
8,80,0.625
8,81,0.5800000000000001
8,82,0.5924999999999999
8,83,0.5325
8,84,0.5425
8,85,0.4725000000000001
8,86,0.5325
8,87,0.5025000000000001
8,88,0.46499999999999997
8,89,0.645
8,90,0.5825
8,91,0.6375
8,92,0.4675
8,93,0.5425
8,94,0.4525
8,95,0.5150000000000001
8,96,0.625
8,97,0.555
8,98,0.5824999999999999
8,99,0.55
8,100,0.59
8,101,0.49000000000000005
8,102,0.595
8,103,0.45499999999999996
8,104,0.4925
8,105,0.5825
8,106,0.52
8,107,0.41750000000000004
8,108,0.6325000000000001
8,109,0.4975
8,110,0.5725
8,111,0.4475
8,112,0.5650000000000001
8,113,0.6699999999999999
8,114,0.5025
8,115,0.5700000000000001
8,116,0.5375
8,117,0.6425000000000001
8,118,0.615
8,119,0.575
8,120,0.625
8,121,0.3625
8,122,0.7424999999999999
8,123,0.5725
8,124,0.5349999999999999
8,125,0.5275000000000001
8,126,0.5725
8,127,0.53
8,128,0.48250000000000004
8,129,0.54
8,130,0.5599999999999999
8,131,0.47
8,132,0.53
8,133,0.5349999999999999
8,134,0.5700000000000001
8,135,0.4675
8,136,0.535
8,137,0.5025000000000001
8,138,0.5375
8,139,0.45
8,140,0.44
8,141,0.5549999999999999
8,142,0.5375
8,143,0.605
8,144,0.62
8,145,0.6275
8,146,0.5399999999999999
8,147,0.6275
8,148,0.4975
8,149,0.5125
8,150,0.5625
8,151,0.625
8,152,0.5824999999999999
8,153,0.4175
8,154,0.5549999999999999
8,155,0.32999999999999996
8,156,0.6549999999999999
8,157,0.48750000000000004
8,158,0.53
8,159,0.6175
8,160,0.51
8,161,0.6099999999999999
8,162,0.5525
8,163,0.6325000000000001
8,164,0.5625
8,165,0.49250000000000005
8,166,0.52
8,167,0.6674999999999999
8,168,0.6349999999999999
8,169,0.585
8,170,0.495
8,171,0.5625
8,172,0.5275000000000001
8,173,0.6325
8,174,0.5925
8,175,0.645
8,176,0.72
8,177,0.395
8,178,0.545
8,179,0.465
8,180,0.615
8,181,0.6275
8,182,0.5225
8,183,0.5525
8,184,0.6075
8,185,0.4850000000000001
8,186,0.5374999999999999
8,187,0.515
8,188,0.4525
8,189,0.48250000000000004
8,190,0.5900000000000001
8,191,0.43250000000000005
8,192,0.5650000000000001
8,193,0.5925
8,194,0.595
8,195,0.64
8,196,0.6399999999999999
8,197,0.53
8,198,0.615
8,199,0.52
8,200,0.5475
8,201,0.5700000000000001
8,202,0.7275
8,203,0.5575
8,204,0.56
8,205,0.5025000000000001
8,206,0.5475
8,207,0.5775
8,208,0.49750000000000005
8,209,0.5375
8,210,0.605
8,211,0.55
8,212,0.5425000000000001
8,213,0.5700000000000001
8,214,0.5325
8,215,0.485
8,216,0.5774999999999999
8,217,0.6325000000000001
8,218,0.4525
8,219,0.4625
8,220,0.605
8,221,0.47750000000000004
8,222,0.6675
8,223,0.585
8,224,0.5125
8,225,0.41500000000000004
8,226,0.6499999999999999
8,227,0.6025
8,228,0.605
8,229,0.5549999999999999
8,230,0.49750000000000005
8,231,0.5549999999999999
8,232,0.5650000000000001
8,233,0.6525
8,234,0.545
8,235,0.6149999999999999
8,236,0.5349999999999999
8,237,0.6125
8,238,0.47250000000000003
8,239,0.5000000000000001
8,240,0.595
8,241,0.62
8,242,0.5750000000000001
8,243,0.48
8,244,0.5549999999999999
8,245,0.5775
8,246,0.5925
8,247,0.5675
8,248,0.48750000000000004
8,249,0.5225000000000001
8,250,0.5525
8,251,0.49
8,252,0.45749999999999996
8,253,0.57
8,254,0.565
8,255,0.6125
8,256,0.6625
8,257,0.5549999999999999
8,258,0.6325
8,259,0.635
8,260,0.5725
8,261,0.6574999999999999
8,262,0.47
8,263,0.7124999999999999
8,264,0.5375
8,265,0.5574999999999999
8,266,0.635
8,267,0.6425
8,268,0.63
8,269,0.545
8,270,0.42250000000000004
8,271,0.5175000000000001
8,272,0.59
8,273,0.5925
8,274,0.595
8,275,0.5675
8,276,0.6025
8,277,0.5599999999999999
8,278,0.455
8,279,0.5325
8,280,0.5800000000000001
8,281,0.635
8,282,0.5475
8,283,0.6575
8,284,0.5275
8,285,0.5875
8,286,0.56
8,287,0.6174999999999999
8,288,0.6000000000000001
8,289,0.51
8,290,0.4600000000000001
8,291,0.47
8,292,0.485
8,293,0.5625
8,294,0.47000000000000003
8,295,0.5725
8,296,0.4425
8,297,0.405
8,298,0.5275000000000001
8,299,0.585
8,300,0.5575000000000001
8,301,0.55
8,302,0.54
8,303,0.45749999999999996
8,304,0.51
8,305,0.62
8,306,0.6475000000000001
8,307,0.65
8,308,0.5175000000000001
8,309,0.47250000000000003
8,310,0.5825
8,311,0.5425
8,312,0.48250000000000004
8,313,0.5125
8,314,0.365
8,315,0.5125
8,316,0.55
8,317,0.49000000000000005
8,318,0.5975
8,319,0.525
8,320,0.72
8,321,0.66
8,322,0.5599999999999999
8,323,0.5675
8,324,0.57
8,325,0.61
8,326,0.49
8,327,0.615
8,328,0.575
8,329,0.5850000000000001
8,330,0.6050000000000001
8,331,0.55
8,332,0.5675000000000001
8,333,0.5725
8,334,0.52
8,335,0.5724999999999999
8,336,0.6
8,337,0.62
8,338,0.5549999999999999
8,339,0.43500000000000005
8,340,0.4775
8,341,0.4775
8,342,0.515
8,343,0.5175000000000001
8,344,0.6000000000000001
8,345,0.6100000000000001
8,346,0.41500000000000004
8,347,0.5825
8,348,0.5775
8,349,0.5700000000000001
8,350,0.4675
8,351,0.6249999999999999
8,352,0.5225
8,353,0.48249999999999993
8,354,0.5774999999999999
8,355,0.6775
8,356,0.505
8,357,0.5375
8,358,0.41500000000000004
8,359,0.6399999999999999
8,360,0.6425
8,361,0.5750000000000001
8,362,0.4149999999999999
8,363,0.5
8,364,0.5900000000000001
8,365,0.5375
8,366,0.6025
8,367,0.5824999999999999
8,368,0.5375000000000001
8,369,0.5175000000000001
8,370,0.5800000000000001
8,371,0.5575
8,372,0.6625000000000001
8,373,0.695
8,374,0.615
8,375,0.5525
8,376,0.6224999999999999
8,377,0.475
8,378,0.6425
8,379,0.53
8,380,0.4675
8,381,0.515
8,382,0.4625
8,383,0.5900000000000001
8,384,0.6300000000000001
8,385,0.6025
8,386,0.57
8,387,0.5825
8,388,0.57
8,389,0.615
8,390,0.44749999999999995
8,391,0.53
8,392,0.48
8,393,0.5075000000000001
8,394,0.6100000000000001
8,395,0.6849999999999999
8,396,0.5800000000000001
8,397,0.5800000000000001
8,398,0.49750000000000005
8,399,0.685
8,400,0.5375
8,401,0.4575
8,402,0.5700000000000001
8,403,0.545
8,404,0.6275
8,405,0.39749999999999996
8,406,0.55
8,407,0.5575
8,408,0.535
8,409,0.6124999999999999
8,410,0.6
8,411,0.4225
8,412,0.5925
8,413,0.4725
8,414,0.405
8,415,0.5399999999999999
8,416,0.64
8,417,0.4275
8,418,0.52
8,419,0.5075000000000001
8,420,0.5625
8,421,0.5575
8,422,0.5375
8,423,0.47750000000000004
8,424,0.6199999999999999
8,425,0.5075000000000001
8,426,0.5
8,427,0.515
8,428,0.5275
8,429,0.6599999999999999
8,430,0.525
8,431,0.62
8,432,0.4675
8,433,0.545
8,434,0.33999999999999997
8,435,0.49750000000000005
8,436,0.6074999999999999
8,437,0.595
8,438,0.5725
8,439,0.5924999999999999
8,440,0.5499999999999999
8,441,0.585
8,442,0.4325
8,443,0.47750000000000004
8,444,0.4725000000000001
8,445,0.5975
8,446,0.6399999999999999
8,447,0.44999999999999996
8,448,0.5474999999999999
8,449,0.475
8,450,0.49
8,451,0.5
8,452,0.685
8,453,0.5700000000000001
8,454,0.4375
8,455,0.5575
8,456,0.485
8,457,0.5725
8,458,0.49000000000000005
8,459,0.4
8,460,0.49
8,461,0.515
8,462,0.4625000000000001
8,463,0.5325
8,464,0.5425
8,465,0.59
8,466,0.6075
8,467,0.52
8,468,0.4725
8,469,0.615
8,470,0.5075000000000001
8,471,0.5700000000000001
8,472,0.5875
8,473,0.5425
8,474,0.51
8,475,0.4725
8,476,0.5525
8,477,0.4575
8,478,0.4425
8,479,0.555
8,480,0.64
8,481,0.53
8,482,0.6174999999999999
8,483,0.44499999999999995
8,484,0.625
8,485,0.58
8,486,0.61
8,487,0.6975
8,488,0.505
8,489,0.5925
8,490,0.5
8,491,0.42999999999999994
8,492,0.5775
8,493,0.41500000000000004
8,494,0.5475000000000001
8,495,0.61
8,496,0.4625
8,497,0.6475
8,498,0.6499999999999999
8,499,0.46
8,500,0.605
8,501,0.4
8,502,0.46749999999999997
8,503,0.5250000000000001
8,504,0.5575
8,505,0.62
8,506,0.6024999999999999
8,507,0.5
8,508,0.47250000000000003
8,509,0.5125
8,510,0.61
8,511,0.47250000000000003
8,512,0.5650000000000001
8,513,0.63
8,514,0.46
8,515,0.6699999999999999
8,516,0.515
8,517,0.5249999999999999
8,518,0.585
8,519,0.5675
8,520,0.48249999999999993
8,521,0.6024999999999999
8,522,0.5750000000000001
8,523,0.6300000000000001
8,524,0.5950000000000001
8,525,0.52
8,526,0.41
8,527,0.5475000000000001
8,528,0.5325
8,529,0.5
8,530,0.5325
8,531,0.6625000000000001
8,532,0.5449999999999999
8,533,0.6675
8,534,0.49250000000000005
8,535,0.55
8,536,0.4625
8,537,0.6025
8,538,0.4525
8,539,0.4875
8,540,0.475
8,541,0.555
8,542,0.5650000000000001
8,543,0.5475000000000001
8,544,0.565
8,545,0.595
8,546,0.5725
8,547,0.465
8,548,0.5525
8,549,0.61
8,550,0.605
8,551,0.4725
8,552,0.5075
8,553,0.6375
8,554,0.5425
8,555,0.545
8,556,0.5474999999999999
8,557,0.52
8,558,0.6075
8,559,0.54
8,560,0.635
8,561,0.48250000000000004
8,562,0.505
8,563,0.4575
8,564,0.5449999999999999
8,565,0.485
8,566,0.6799999999999999
8,567,0.5
8,568,0.41
8,569,0.58
8,570,0.5250000000000001
8,571,0.62
8,572,0.485
8,573,0.48000000000000004
8,574,0.5525
8,575,0.5249999999999999
8,576,0.5275000000000001
8,577,0.55
8,578,0.5675
8,579,0.5175
8,580,0.5575
8,581,0.52
8,582,0.51
8,583,0.5425
8,584,0.5075
8,585,0.6075
8,586,0.545
8,587,0.6799999999999999
8,588,0.5125
8,589,0.6425
8,590,0.6124999999999999
8,591,0.5125
8,592,0.59
8,593,0.5175000000000001
8,594,0.605
8,595,0.44499999999999995
8,596,0.6075
8,597,0.575
8,598,0.5175
8,599,0.6000000000000001
8,600,0.6849999999999999
8,601,0.4600000000000001
8,602,0.40750000000000003
8,603,0.5625
8,604,0.5225000000000001
8,605,0.5825
8,606,0.54
8,607,0.5175
8,608,0.6025
8,609,0.5950000000000001
8,610,0.5725
8,611,0.48250000000000004
8,612,0.65
8,613,0.53
8,614,0.5275
8,615,0.6125
8,616,0.6025
8,617,0.6575
8,618,0.5175
8,619,0.5
8,620,0.5800000000000001
8,621,0.5774999999999999
8,622,0.44750000000000006
8,623,0.505
8,624,0.495
8,625,0.6075
8,626,0.525
8,627,0.4975
8,628,0.48749999999999993
8,629,0.5425
8,630,0.355
8,631,0.5475000000000001
8,632,0.5449999999999999
8,633,0.4675
8,634,0.5825
8,635,0.51
8,636,0.5575
8,637,0.52
8,638,0.585
8,639,0.6575
8,640,0.5225
8,641,0.555
8,642,0.5
8,643,0.6224999999999999
8,644,0.5700000000000001
8,645,0.625
8,646,0.5375
8,647,0.5175
8,648,0.6125
8,649,0.535
8,650,0.5825
8,651,0.495
8,652,0.6174999999999999
8,653,0.5625
8,654,0.52
8,655,0.49000000000000005
8,656,0.5950000000000001
8,657,0.6575
8,658,0.4625
8,659,0.54
8,660,0.5974999999999999
8,661,0.45
8,662,0.6225
8,663,0.7424999999999999
8,664,0.51
8,665,0.5725
8,666,0.7125
8,667,0.575
8,668,0.45999999999999996
8,669,0.5750000000000001
8,670,0.41250000000000003
8,671,0.455
8,672,0.5575
8,673,0.4425
8,674,0.47750000000000004
8,675,0.5874999999999999
8,676,0.5775
8,677,0.38999999999999996
8,678,0.6024999999999999
8,679,0.5349999999999999
8,680,0.5275
8,681,0.40750000000000003
8,682,0.54
8,683,0.6275000000000001
8,684,0.5299999999999999
8,685,0.42500000000000004
8,686,0.4575
8,687,0.5525
8,688,0.5425
8,689,0.6250000000000001
8,690,0.5625
8,691,0.4725
8,692,0.605
8,693,0.5225
8,694,0.52
8,695,0.6375
8,696,0.585
8,697,0.5125000000000001
8,698,0.48750000000000004
8,699,0.5025000000000001
8,700,0.5525
8,701,0.5575
8,702,0.59
8,703,0.6799999999999999
8,704,0.515
8,705,0.5075000000000001
8,706,0.48
8,707,0.5750000000000001
8,708,0.6074999999999999
8,709,0.65
8,710,0.61
8,711,0.5925
8,712,0.5075000000000001
8,713,0.4925
8,714,0.5825
8,715,0.5125000000000001
8,716,0.4875
8,717,0.5125000000000001
8,718,0.545
8,719,0.6599999999999999
8,720,0.5875
8,721,0.4325
8,722,0.39
8,723,0.5925
8,724,0.5650000000000001
8,725,0.6025
8,726,0.47500000000000003
8,727,0.505
8,728,0.5075
8,729,0.5675
8,730,0.4275
8,731,0.5725
8,732,0.48750000000000004
8,733,0.5875
8,734,0.6625000000000001
8,735,0.575
8,736,0.565
8,737,0.5575000000000001
8,738,0.5625
8,739,0.45
8,740,0.6425
8,741,0.5325
8,742,0.5875000000000001
8,743,0.525
8,744,0.605
8,745,0.48
8,746,0.51
8,747,0.535
8,748,0.5125
8,749,0.495
8,750,0.5475
8,751,0.5075000000000001
8,752,0.58
8,753,0.5325000000000001
8,754,0.6599999999999999
8,755,0.505
8,756,0.5549999999999999
8,757,0.575
8,758,0.5299999999999999
8,759,0.59
8,760,0.4825
8,761,0.48250000000000004
8,762,0.545
8,763,0.535
8,764,0.6399999999999999
8,765,0.48250000000000004
8,766,0.5025000000000001
8,767,0.525
8,768,0.53
8,769,0.52
8,770,0.5025
8,771,0.5475
8,772,0.49750000000000005
8,773,0.4975
8,774,0.43000000000000005
8,775,0.5800000000000001
8,776,0.5574999999999999
8,777,0.5525
8,778,0.47000000000000003
8,779,0.61
8,780,0.57
8,781,0.575
8,782,0.4525
8,783,0.545
8,784,0.5549999999999999
8,785,0.5475
8,786,0.5275
8,787,0.5700000000000001
8,788,0.56
8,789,0.6475
8,790,0.465
8,791,0.5725
8,792,0.5599999999999999
8,793,0.5175000000000001
8,794,0.5175000000000001
8,795,0.6749999999999999
8,796,0.6050000000000001
8,797,0.57
8,798,0.5
8,799,0.4225
8,800,0.5075000000000001
8,801,0.55
8,802,0.5925
8,803,0.625
8,804,0.56
8,805,0.445
8,806,0.4275
8,807,0.5974999999999999
8,808,0.6174999999999999
8,809,0.5
8,810,0.5325
8,811,0.5650000000000001
8,812,0.5825
8,813,0.4875
8,814,0.6174999999999999
8,815,0.5575
8,816,0.5575
8,817,0.5075000000000001
8,818,0.48
8,819,0.6199999999999999
8,820,0.6599999999999999
8,821,0.5700000000000001
8,822,0.4625
8,823,0.535
8,824,0.5175000000000001
8,825,0.48750000000000004
8,826,0.495
8,827,0.515
8,828,0.5
8,829,0.52
8,830,0.5175000000000001
8,831,0.5425000000000001
8,832,0.5375000000000001
8,833,0.5525
8,834,0.635
8,835,0.595
8,836,0.4675
8,837,0.5825
8,838,0.54
8,839,0.6625
8,840,0.49250000000000005
8,841,0.43250000000000005
8,842,0.5824999999999999
8,843,0.5575
8,844,0.5125000000000001
8,845,0.47750000000000004
8,846,0.59
8,847,0.53
8,848,0.555
8,849,0.6475
8,850,0.595
8,851,0.4025
8,852,0.595
8,853,0.495
8,854,0.565
8,855,0.5
8,856,0.48000000000000004
8,857,0.49749999999999994
8,858,0.575
8,859,0.515
8,860,0.6299999999999999
8,861,0.5599999999999999
8,862,0.565
8,863,0.6300000000000001
8,864,0.595
8,865,0.6
8,866,0.47750000000000004
8,867,0.44499999999999995
8,868,0.54
8,869,0.505
8,870,0.63
8,871,0.5225
8,872,0.44750000000000006
8,873,0.6275
8,874,0.535
8,875,0.595
8,876,0.5674999999999999
8,877,0.5675
8,878,0.375
8,879,0.575
8,880,0.4675
8,881,0.53
8,882,0.5625
8,883,0.5375
8,884,0.53
8,885,0.5625
8,886,0.4675
8,887,0.535
8,888,0.5050000000000001
8,889,0.515
8,890,0.605
8,891,0.45000000000000007
8,892,0.5675
8,893,0.5375000000000001
8,894,0.5075000000000001
8,895,0.36250000000000004
8,896,0.55
8,897,0.5499999999999999
8,898,0.615
8,899,0.5250000000000001
8,900,0.46249999999999997
8,901,0.51
8,902,0.5475000000000001
8,903,0.525
8,904,0.6775
8,905,0.5549999999999999
8,906,0.5449999999999999
8,907,0.46
8,908,0.6325000000000001
8,909,0.48250000000000004
8,910,0.5874999999999999
8,911,0.5775
8,912,0.59
8,913,0.49749999999999994
8,914,0.55
8,915,0.49
8,916,0.6100000000000001
8,917,0.5175
8,918,0.5049999999999999
8,919,0.625
8,920,0.4875
8,921,0.5275
8,922,0.58
8,923,0.47250000000000003
8,924,0.43000000000000005
8,925,0.34249999999999997
8,926,0.5025000000000001
8,927,0.5375
8,928,0.5325000000000001
8,929,0.635
8,930,0.4175
8,931,0.5375
8,932,0.4825
8,933,0.57
8,934,0.5125
8,935,0.575
8,936,0.58
8,937,0.525
8,938,0.55
8,939,0.5349999999999999
8,940,0.49000000000000005
8,941,0.5375000000000001
8,942,0.40249999999999997
8,943,0.5475
8,944,0.505
8,945,0.585
8,946,0.625
8,947,0.5625
8,948,0.6625
8,949,0.54
8,950,0.5449999999999999
8,951,0.4825
8,952,0.49
8,953,0.5800000000000001
8,954,0.49500000000000005
8,955,0.4975
8,956,0.57
8,957,0.6349999999999999
8,958,0.49249999999999994
8,959,0.48
8,960,0.5974999999999999
8,961,0.5
8,962,0.61
8,963,0.6174999999999999
8,964,0.4575
8,965,0.58
8,966,0.5325
8,967,0.6000000000000001
8,968,0.5674999999999999
8,969,0.5150000000000001
8,970,0.5275
8,971,0.49500000000000005
8,972,0.5325
8,973,0.5075
8,974,0.53
8,975,0.6575000000000001
8,976,0.5175
8,977,0.5325
8,978,0.6325000000000001
8,979,0.4975
8,980,0.45500000000000007
8,981,0.51
8,982,0.6675
8,983,0.4275
8,984,0.5624999999999999
8,985,0.5825
8,986,0.585
8,987,0.545
8,988,0.53
8,989,0.585
8,990,0.46
8,991,0.595
8,992,0.56
8,993,0.51
8,994,0.46499999999999997
8,995,0.6575
8,996,0.5775
8,997,0.48750000000000004
8,998,0.5750000000000001
8,999,0.5850000000000001
9,0,0.8099999999999999
9,1,0.74
9,2,0.7425
9,3,0.7675000000000001
9,4,0.7375
9,5,0.65
9,6,0.76
9,7,0.74
9,8,0.6825000000000001
9,9,0.79
9,10,0.6975
9,11,0.7575
9,12,0.665
9,13,0.7775000000000001
9,14,0.7275
9,15,0.7175
9,16,0.77
9,17,0.7225
9,18,0.72
9,19,0.7825
9,20,0.655
9,21,0.76
9,22,0.79
9,23,0.7424999999999999
9,24,0.75
9,25,0.6699999999999999
9,26,0.755
9,27,0.72
9,28,0.7625
9,29,0.7275
9,30,0.7175
9,31,0.715
9,32,0.85
9,33,0.75
9,34,0.7849999999999999
9,35,0.7775
9,36,0.8324999999999999
9,37,0.7675
9,38,0.7224999999999999
9,39,0.745
9,40,0.7425
9,41,0.755
9,42,0.6950000000000001
9,43,0.775
9,44,0.6625
9,45,0.7749999999999999
9,46,0.72
9,47,0.7949999999999999
9,48,0.705
9,49,0.7975
9,50,0.6749999999999999
9,51,0.7375
9,52,0.6975
9,53,0.745
9,54,0.72
9,55,0.81
9,56,0.7125
9,57,0.7899999999999999
9,58,0.6825
9,59,0.7
9,60,0.725
9,61,0.6825
9,62,0.6575
9,63,0.7224999999999999
9,64,0.815
9,65,0.74
9,66,0.8325
9,67,0.7875000000000001
9,68,0.7775
9,69,0.8575
9,70,0.6925
9,71,0.6875
9,72,0.6575
9,73,0.8274999999999999
9,74,0.725
9,75,0.6025
9,76,0.815
9,77,0.6525
9,78,0.73
9,79,0.8325
9,80,0.8400000000000001
9,81,0.7875000000000001
9,82,0.74
9,83,0.6299999999999999
9,84,0.6825
9,85,0.6950000000000001
9,86,0.8125
9,87,0.6875
9,88,0.75
9,89,0.8074999999999999
9,90,0.7424999999999999
9,91,0.7
9,92,0.73
9,93,0.7725
9,94,0.7649999999999999
9,95,0.7474999999999999
9,96,0.69
9,97,0.77
9,98,0.7175
9,99,0.79
9,100,0.8150000000000001
9,101,0.73
9,102,0.7975
9,103,0.7525
9,104,0.7075
9,105,0.7250000000000001
9,106,0.78
9,107,0.7625
9,108,0.765
9,109,0.7275
9,110,0.6399999999999999
9,111,0.7250000000000001
9,112,0.73
9,113,0.775
9,114,0.7025
9,115,0.6925
9,116,0.6725
9,117,0.755
9,118,0.6124999999999999
9,119,0.7625
9,120,0.7325
9,121,0.61
9,122,0.7525
9,123,0.6699999999999999
9,124,0.7225
9,125,0.72
9,126,0.675
9,127,0.6975
9,128,0.745
9,129,0.73
9,130,0.6799999999999999
9,131,0.7450000000000001
9,132,0.74
9,133,0.7275
9,134,0.6725
9,135,0.6799999999999999
9,136,0.7675000000000001
9,137,0.7075
9,138,0.7375
9,139,0.7725
9,140,0.7325
9,141,0.725
9,142,0.7025
9,143,0.73
9,144,0.7075
9,145,0.685
9,146,0.665
9,147,0.8099999999999999
9,148,0.685
9,149,0.6950000000000001
9,150,0.7975000000000001
9,151,0.74
9,152,0.7124999999999999
9,153,0.7175
9,154,0.69
9,155,0.7775
9,156,0.7999999999999999
9,157,0.7575
9,158,0.6399999999999999
9,159,0.7625000000000001
9,160,0.6975
9,161,0.785
9,162,0.715
9,163,0.79
9,164,0.7425
9,165,0.71
9,166,0.7375
9,167,0.765
9,168,0.8125
9,169,0.7725
9,170,0.7949999999999999
9,171,0.7375
9,172,0.6625000000000001
9,173,0.7224999999999999
9,174,0.7975000000000001
9,175,0.77
9,176,0.7275
9,177,0.7075
9,178,0.82
9,179,0.715
9,180,0.7575000000000001
9,181,0.73
9,182,0.8400000000000001
9,183,0.74
9,184,0.7275
9,185,0.745
9,186,0.7325
9,187,0.6925
9,188,0.8475
9,189,0.64
9,190,0.6849999999999999
9,191,0.76
9,192,0.88
9,193,0.73
9,194,0.69
9,195,0.7250000000000001
9,196,0.76
9,197,0.66
9,198,0.7525000000000001
9,199,0.655
9,200,0.7425
9,201,0.755
9,202,0.77
9,203,0.7849999999999999
9,204,0.7525
9,205,0.7725
9,206,0.7775
9,207,0.7275
9,208,0.6625
9,209,0.72
9,210,0.685
9,211,0.725
9,212,0.8200000000000001
9,213,0.7125
9,214,0.7175
9,215,0.6975
9,216,0.765
9,217,0.76
9,218,0.6575
9,219,0.6950000000000001
9,220,0.72
9,221,0.82
9,222,0.6025
9,223,0.7625000000000001
9,224,0.9199999999999999
9,225,0.7625
9,226,0.745
9,227,0.6875
9,228,0.77
9,229,0.7374999999999999
9,230,0.7475
9,231,0.655
9,232,0.73
9,233,0.6625000000000001
9,234,0.7175
9,235,0.7975
9,236,0.72
9,237,0.6775
9,238,0.6924999999999999
9,239,0.7975
9,240,0.6925
9,241,0.8174999999999999
9,242,0.85
9,243,0.7875000000000001
9,244,0.7575
9,245,0.745
9,246,0.76
9,247,0.8025
9,248,0.77
9,249,0.69
9,250,0.71
9,251,0.785
9,252,0.8374999999999999
9,253,0.7125
9,254,0.7525
9,255,0.7875000000000001
9,256,0.7975000000000001
9,257,0.6325
9,258,0.7875
9,259,0.7075
9,260,0.7675000000000001
9,261,0.8
9,262,0.8025
9,263,0.7375
9,264,0.7225
9,265,0.705
9,266,0.78
9,267,0.7875
9,268,0.72
9,269,0.775
9,270,0.7325
9,271,0.7475
9,272,0.6625
9,273,0.7825000000000001
9,274,0.6174999999999999
9,275,0.7525
9,276,0.71
9,277,0.7
9,278,0.7424999999999999
9,279,0.73
9,280,0.81
9,281,0.7175
9,282,0.71
9,283,0.7175
9,284,0.7375
9,285,0.6975
9,286,0.8025
9,287,0.77
9,288,0.7050000000000001
9,289,0.7675000000000001
9,290,0.75
9,291,0.7424999999999999
9,292,0.7075
9,293,0.6975
9,294,0.6775
9,295,0.725
9,296,0.685
9,297,0.7725
9,298,0.8200000000000001
9,299,0.755
9,300,0.6175
9,301,0.7675
9,302,0.72
9,303,0.7925
9,304,0.7075
9,305,0.7675
9,306,0.7325
9,307,0.6425000000000001
9,308,0.7625
9,309,0.7025
9,310,0.6675
9,311,0.6975
9,312,0.7525000000000001
9,313,0.75
9,314,0.76
9,315,0.6875
9,316,0.7150000000000001
9,317,0.6975
9,318,0.8250000000000001
9,319,0.6875
9,320,0.7525
9,321,0.8
9,322,0.6875
9,323,0.6375
9,324,0.71
9,325,0.8275
9,326,0.7375
9,327,0.8025
9,328,0.805
9,329,0.765
9,330,0.7150000000000001
9,331,0.6950000000000001
9,332,0.755
9,333,0.7450000000000001
9,334,0.6849999999999999
9,335,0.795
9,336,0.77
9,337,0.7075
9,338,0.7625000000000001
9,339,0.6775
9,340,0.745
9,341,0.7775000000000001
9,342,0.7775000000000001
9,343,0.675
9,344,0.7925
9,345,0.7424999999999999
9,346,0.6775
9,347,0.7549999999999999
9,348,0.8225
9,349,0.7225
9,350,0.635
9,351,0.76
9,352,0.7
9,353,0.72
9,354,0.6875
9,355,0.7475
9,356,0.7175
9,357,0.6599999999999999
9,358,0.6825
9,359,0.67
9,360,0.7025
9,361,0.855
9,362,0.6725
9,363,0.7
9,364,0.7575000000000001
9,365,0.6925
9,366,0.8225
9,367,0.7424999999999999
9,368,0.72
9,369,0.8175
9,370,0.8175
9,371,0.76
9,372,0.7175
9,373,0.8575
9,374,0.7675000000000001
9,375,0.7525000000000001
9,376,0.8025
9,377,0.7525
9,378,0.7075
9,379,0.6325
9,380,0.7325
9,381,0.7124999999999999
9,382,0.68
9,383,0.7275
9,384,0.7375
9,385,0.7975
9,386,0.8575
9,387,0.7925
9,388,0.685
9,389,0.6875
9,390,0.78
9,391,0.7875
9,392,0.6825
9,393,0.675
9,394,0.825
9,395,0.6425
9,396,0.73
9,397,0.715
9,398,0.7325
9,399,0.7999999999999999
9,400,0.8
9,401,0.6825
9,402,0.7725
9,403,0.72
9,404,0.7525
9,405,0.7225
9,406,0.69
9,407,0.69
9,408,0.805
9,409,0.7074999999999999
9,410,0.7400000000000001
9,411,0.7150000000000001
9,412,0.7125
9,413,0.7625000000000001
9,414,0.725
9,415,0.8225
9,416,0.655
9,417,0.7825
9,418,0.645
9,419,0.7625000000000001
9,420,0.78
9,421,0.6875
9,422,0.7575
9,423,0.6075
9,424,0.8275
9,425,0.7475
9,426,0.77
9,427,0.8425
9,428,0.735
9,429,0.75
9,430,0.705
9,431,0.75
9,432,0.755
9,433,0.645
9,434,0.7575000000000001
9,435,0.6925
9,436,0.7274999999999999
9,437,0.84
9,438,0.675
9,439,0.71
9,440,0.715
9,441,0.665
9,442,0.7375
9,443,0.7275
9,444,0.765
9,445,0.7000000000000001
9,446,0.79
9,447,0.6975
9,448,0.7325
9,449,0.755
9,450,0.7375
9,451,0.665
9,452,0.77
9,453,0.6799999999999999
9,454,0.7425
9,455,0.6875
9,456,0.7225
9,457,0.7675
9,458,0.615
9,459,0.72
9,460,0.8975
9,461,0.7025000000000001
9,462,0.7875000000000001
9,463,0.76
9,464,0.6625
9,465,0.7575000000000001
9,466,0.825
9,467,0.7625
9,468,0.7675000000000001
9,469,0.64
9,470,0.8025
9,471,0.6725
9,472,0.7275
9,473,0.6775
9,474,0.82
9,475,0.7175
9,476,0.7474999999999999
9,477,0.8049999999999999
9,478,0.71
9,479,0.7775000000000001
9,480,0.72
9,481,0.75
9,482,0.7625
9,483,0.7625
9,484,0.7925
9,485,0.7
9,486,0.7275
9,487,0.8125
9,488,0.7424999999999999
9,489,0.725
9,490,0.7449999999999999
9,491,0.75
9,492,0.865
9,493,0.675
9,494,0.7325
9,495,0.7375
9,496,0.74
9,497,0.835
9,498,0.7075
9,499,0.8300000000000001
9,500,0.7925
9,501,0.7775
9,502,0.7050000000000001
9,503,0.7625
9,504,0.67
9,505,0.64
9,506,0.65
9,507,0.655
9,508,0.8
9,509,0.7525
9,510,0.655
9,511,0.6775
9,512,0.7675
9,513,0.8049999999999999
9,514,0.825
9,515,0.75
9,516,0.7
9,517,0.7225
9,518,0.6725
9,519,0.7875
9,520,0.77
9,521,0.6975
9,522,0.7374999999999999
9,523,0.7825
9,524,0.74
9,525,0.8300000000000001
9,526,0.8025
9,527,0.6950000000000001
9,528,0.7000000000000001
9,529,0.7025
9,530,0.8274999999999999
9,531,0.7
9,532,0.7025000000000001
9,533,0.7575
9,534,0.745
9,535,0.7350000000000001
9,536,0.7675000000000001
9,537,0.7450000000000001
9,538,0.7575000000000001
9,539,0.725
9,540,0.7324999999999999
9,541,0.845
9,542,0.7375
9,543,0.72
9,544,0.7450000000000001
9,545,0.745
9,546,0.6825
9,547,0.745
9,548,0.7275
9,549,0.7275
9,550,0.735
9,551,0.8674999999999999
9,552,0.775
9,553,0.755
9,554,0.775
9,555,0.7275
9,556,0.7075
9,557,0.7825
9,558,0.6975
9,559,0.6475
9,560,0.8274999999999999
9,561,0.73
9,562,0.7625
9,563,0.8625
9,564,0.745
9,565,0.7825
9,566,0.7275
9,567,0.78
9,568,0.74
9,569,0.8150000000000001
9,570,0.77
9,571,0.7
9,572,0.8
9,573,0.7175
9,574,0.7949999999999999
9,575,0.8125
9,576,0.7375
9,577,0.6825
9,578,0.7124999999999999
9,579,0.7925
9,580,0.6825
9,581,0.7125
9,582,0.7
9,583,0.745
9,584,0.685
9,585,0.7125
9,586,0.7625
9,587,0.7625
9,588,0.7325
9,589,0.805
9,590,0.7
9,591,0.7675000000000001
9,592,0.675
9,593,0.6675
9,594,0.6375
9,595,0.725
9,596,0.775
9,597,0.815
9,598,0.805
9,599,0.7275
9,600,0.76
9,601,0.7274999999999999
9,602,0.7224999999999999
9,603,0.76
9,604,0.8049999999999999
9,605,0.6975
9,606,0.7325
9,607,0.655
9,608,0.7675
9,609,0.6925000000000001
9,610,0.7775
9,611,0.745
9,612,0.6950000000000001
9,613,0.7275
9,614,0.71
9,615,0.7675000000000001
9,616,0.7875
9,617,0.7325
9,618,0.7725
9,619,0.78
9,620,0.8049999999999999
9,621,0.675
9,622,0.7849999999999999
9,623,0.65
9,624,0.7075
9,625,0.7825
9,626,0.71
9,627,0.7124999999999999
9,628,0.7875
9,629,0.7350000000000001
9,630,0.6924999999999999
9,631,0.765
9,632,0.7999999999999999
9,633,0.755
9,634,0.6925
9,635,0.78
9,636,0.625
9,637,0.795
9,638,0.745
9,639,0.76
9,640,0.7775000000000001
9,641,0.73
9,642,0.7075
9,643,0.725
9,644,0.7224999999999999
9,645,0.7625
9,646,0.7250000000000001
9,647,0.73
9,648,0.68
9,649,0.755
9,650,0.755
9,651,0.67
9,652,0.6725
9,653,0.7625
9,654,0.7725000000000001
9,655,0.8425
9,656,0.7575
9,657,0.73
9,658,0.7224999999999999
9,659,0.815
9,660,0.7475
9,661,0.6225
9,662,0.7474999999999999
9,663,0.7675
9,664,0.79
9,665,0.8125
9,666,0.6900000000000001
9,667,0.7
9,668,0.68
9,669,0.8400000000000001
9,670,0.7749999999999999
9,671,0.7150000000000001
9,672,0.7775000000000001
9,673,0.6275000000000001
9,674,0.67
9,675,0.825
9,676,0.7825
9,677,0.755
9,678,0.7375
9,679,0.79
9,680,0.815
9,681,0.7325
9,682,0.7775
9,683,0.7925
9,684,0.7475
9,685,0.6675
9,686,0.6775
9,687,0.6799999999999999
9,688,0.78
9,689,0.655
9,690,0.775
9,691,0.8099999999999999
9,692,0.7225
9,693,0.7150000000000001
9,694,0.7375
9,695,0.6775
9,696,0.8125
9,697,0.7975
9,698,0.845
9,699,0.75
9,700,0.7825
9,701,0.665
9,702,0.8325
9,703,0.71
9,704,0.78
9,705,0.7375
9,706,0.7475
9,707,0.7725
9,708,0.8074999999999999
9,709,0.74
9,710,0.76
9,711,0.7575
9,712,0.78
9,713,0.7324999999999999
9,714,0.73
9,715,0.7775
9,716,0.785
9,717,0.7424999999999999
9,718,0.7325
9,719,0.7274999999999999
9,720,0.7849999999999999
9,721,0.78
9,722,0.8175
9,723,0.72
9,724,0.7675000000000001
9,725,0.775
9,726,0.7324999999999999
9,727,0.785
9,728,0.7025
9,729,0.72
9,730,0.785
9,731,0.735
9,732,0.6925
9,733,0.6399999999999999
9,734,0.745
9,735,0.62
9,736,0.7150000000000001
9,737,0.745
9,738,0.73
9,739,0.8025
9,740,0.725
9,741,0.8
9,742,0.7675
9,743,0.6475
9,744,0.64
9,745,0.7875000000000001
9,746,0.6725
9,747,0.84
9,748,0.7
9,749,0.73
9,750,0.6599999999999999
9,751,0.7575
9,752,0.7375
9,753,0.8175
9,754,0.7
9,755,0.795
9,756,0.7975
9,757,0.7424999999999999
9,758,0.7949999999999999
9,759,0.8724999999999999
9,760,0.7600000000000001
9,761,0.6525
9,762,0.7725000000000001
9,763,0.735
9,764,0.8125
9,765,0.6925
9,766,0.7275
9,767,0.725
9,768,0.8075
9,769,0.6975
9,770,0.7625000000000001
9,771,0.7225
9,772,0.6924999999999999
9,773,0.7224999999999999
9,774,0.7125
9,775,0.7025
9,776,0.88
9,777,0.7525
9,778,0.7324999999999999
9,779,0.8374999999999999
9,780,0.83
9,781,0.6925
9,782,0.7350000000000001
9,783,0.7025
9,784,0.8300000000000001
9,785,0.7275
9,786,0.7875000000000001
9,787,0.725
9,788,0.65
9,789,0.755
9,790,0.825
9,791,0.7150000000000001
9,792,0.6975
9,793,0.64
9,794,0.7625
9,795,0.725
9,796,0.73
9,797,0.68
9,798,0.7625
9,799,0.8099999999999999
9,800,0.8075
9,801,0.7775
9,802,0.62
9,803,0.73
9,804,0.6749999999999999
9,805,0.7725
9,806,0.6174999999999999
9,807,0.7424999999999999
9,808,0.7125
9,809,0.8474999999999999
9,810,0.6950000000000001
9,811,0.7775000000000001
9,812,0.7424999999999999
9,813,0.8075
9,814,0.6775
9,815,0.72
9,816,0.6275
9,817,0.8
9,818,0.8175
9,819,0.68
9,820,0.73
9,821,0.755
9,822,0.7275
9,823,0.72
9,824,0.785
9,825,0.7625
9,826,0.6399999999999999
9,827,0.6875
9,828,0.7775
9,829,0.7450000000000001
9,830,0.7625
9,831,0.7374999999999999
9,832,0.785
9,833,0.7175
9,834,0.75
9,835,0.7775000000000001
9,836,0.755
9,837,0.7225
9,838,0.75
9,839,0.7875
9,840,0.8049999999999999
9,841,0.7450000000000001
9,842,0.77
9,843,0.8775000000000001
9,844,0.7474999999999999
9,845,0.75
9,846,0.77
9,847,0.75
9,848,0.7725
9,849,0.6499999999999999
9,850,0.685
9,851,0.76
9,852,0.7525
9,853,0.71
9,854,0.7875
9,855,0.76
9,856,0.7275
9,857,0.7675
9,858,0.7125
9,859,0.8175
9,860,0.69
9,861,0.63
9,862,0.7825000000000001
9,863,0.8125
9,864,0.7050000000000001
9,865,0.7725
9,866,0.75
9,867,0.775
9,868,0.64
9,869,0.7025
9,870,0.7749999999999999
9,871,0.6799999999999999
9,872,0.76
9,873,0.73
9,874,0.735
9,875,0.72
9,876,0.73
9,877,0.6325000000000001
9,878,0.6900000000000001
9,879,0.715
9,880,0.7575000000000001
9,881,0.765
9,882,0.72
9,883,0.76
9,884,0.7224999999999999
9,885,0.755
9,886,0.6925
9,887,0.7375
9,888,0.6325
9,889,0.7525000000000001
9,890,0.81
9,891,0.7224999999999999
9,892,0.7424999999999999
9,893,0.8125
9,894,0.6775
9,895,0.75
9,896,0.7125
9,897,0.77
9,898,0.655
9,899,0.7224999999999999
9,900,0.6675
9,901,0.825
9,902,0.8049999999999999
9,903,0.705
9,904,0.7024999999999999
9,905,0.7475
9,906,0.7525
9,907,0.8075
9,908,0.75
9,909,0.7750000000000001
9,910,0.79
9,911,0.785
9,912,0.7275
9,913,0.7649999999999999
9,914,0.69
9,915,0.75
9,916,0.745
9,917,0.81
9,918,0.7275
9,919,0.7025
9,920,0.715
9,921,0.725
9,922,0.72
9,923,0.685
9,924,0.785
9,925,0.7125
9,926,0.78
9,927,0.7225
9,928,0.7225
9,929,0.8025
9,930,0.7675000000000001
9,931,0.76
9,932,0.86
9,933,0.6575
9,934,0.7925
9,935,0.7775
9,936,0.725
9,937,0.78
9,938,0.845
9,939,0.6325000000000001
9,940,0.8300000000000001
9,941,0.7375
9,942,0.785
9,943,0.7725
9,944,0.7175
9,945,0.785
9,946,0.71
9,947,0.79
9,948,0.6
9,949,0.825
9,950,0.6625
9,951,0.8124999999999999
9,952,0.7625
9,953,0.72
9,954,0.72
9,955,0.8425
9,956,0.7649999999999999
9,957,0.815
9,958,0.705
9,959,0.7324999999999999
9,960,0.6950000000000001
9,961,0.6625
9,962,0.7175
9,963,0.6775
9,964,0.7175
9,965,0.745
9,966,0.6174999999999999
9,967,0.775
9,968,0.7925
9,969,0.6675
9,970,0.7675000000000001
9,971,0.7625000000000001
9,972,0.66
9,973,0.745
9,974,0.765
9,975,0.7575
9,976,0.8150000000000001
9,977,0.79
9,978,0.7
9,979,0.72
9,980,0.8475
9,981,0.775
9,982,0.6174999999999999
9,983,0.7525
9,984,0.635
9,985,0.7575
9,986,0.7424999999999999
9,987,0.7224999999999999
9,988,0.7124999999999999
9,989,0.76
9,990,0.7
9,991,0.69
9,992,0.7525
9,993,0.6975
9,994,0.71
9,995,0.6775
9,996,0.7549999999999999
9,997,0.7275
9,998,0.7925
9,999,0.7475
10,0,0.7024999999999999
10,1,0.74
10,2,0.7474999999999998
10,3,0.74
10,4,0.7424999999999999
10,5,0.8300000000000001
10,6,0.7474999999999999
10,7,0.8225
10,8,0.8375000000000001
10,9,0.6925
10,10,0.7975
10,11,0.73
10,12,0.7149999999999999
10,13,0.7
10,14,0.7324999999999999
10,15,0.7525000000000002
10,16,0.7625
10,17,0.6724999999999999
10,18,0.7275
10,19,0.665
10,20,0.7575000000000001
10,21,0.7075
10,22,0.6875
10,23,0.6924999999999999
10,24,0.815
10,25,0.84
10,26,0.665
10,27,0.8425
10,28,0.8150000000000001
10,29,0.875
10,30,0.7150000000000001
10,31,0.7575000000000001
10,32,0.745
10,33,0.705
10,34,0.7475
10,35,0.755
10,36,0.7649999999999999
10,37,0.7775
10,38,0.81
10,39,0.64
10,40,0.74
10,41,0.8225
10,42,0.815
10,43,0.735
10,44,0.7050000000000001
10,45,0.7575
10,46,0.7250000000000001
10,47,0.7975
10,48,0.75
10,49,0.7575
10,50,0.655
10,51,0.7925
10,52,0.7224999999999999
10,53,0.75
10,54,0.8174999999999999
10,55,0.58
10,56,0.78
10,57,0.7400000000000001
10,58,0.8200000000000001
10,59,0.755
10,60,0.79
10,61,0.705
10,62,0.76
10,63,0.7449999999999999
10,64,0.7225
10,65,0.6849999999999998
10,66,0.7025000000000001
10,67,0.7700000000000001
10,68,0.66
10,69,0.7225
10,70,0.6699999999999999
10,71,0.7474999999999998
10,72,0.7649999999999999
10,73,0.8025000000000001
10,74,0.7525
10,75,0.6749999999999999
10,76,0.64
10,77,0.71
10,78,0.7474999999999999
10,79,0.6950000000000001
10,80,0.8200000000000001
10,81,0.7875000000000001
10,82,0.725
10,83,0.7999999999999999
10,84,0.675
10,85,0.7925
10,86,0.6475
10,87,0.68
10,88,0.7725
10,89,0.7350000000000001
10,90,0.895
10,91,0.7850000000000001
10,92,0.7675000000000001
10,93,0.71
10,94,0.8200000000000001
10,95,0.86
10,96,0.7625
10,97,0.6949999999999998
10,98,0.755
10,99,0.8275000000000001
10,100,0.6875
10,101,0.835
10,102,0.74
10,103,0.7224999999999999
10,104,0.72
10,105,0.73
10,106,0.7975000000000001
10,107,0.83
10,108,0.7875000000000001
10,109,0.71
10,110,0.755
10,111,0.88
10,112,0.64
10,113,0.6675
10,114,0.7775000000000001
10,115,0.7274999999999999
10,116,0.8125
10,117,0.6025
10,118,0.775
10,119,0.77
10,120,0.6849999999999999
10,121,0.6575
10,122,0.7949999999999999
10,123,0.77
10,124,0.8300000000000001
10,125,0.845
10,126,0.7050000000000001
10,127,0.8075
10,128,0.7175
10,129,0.7324999999999999
10,130,0.7474999999999999
10,131,0.735
10,132,0.7749999999999999
10,133,0.8325
10,134,0.675
10,135,0.8175
10,136,0.6900000000000001
10,137,0.7299999999999999
10,138,0.8250000000000001
10,139,0.82
10,140,0.84
10,141,0.74
10,142,0.7575000000000001
10,143,0.7025
10,144,0.7325000000000002
10,145,0.7125
10,146,0.6974999999999999
10,147,0.785
10,148,0.6875
10,149,0.775
10,150,0.7450000000000001
10,151,0.7150000000000001
10,152,0.6325
10,153,0.685
10,154,0.76
10,155,0.675
10,156,0.78
10,157,0.7150000000000001
10,158,0.6975
10,159,0.6675
10,160,0.7175
10,161,0.6575
10,162,0.745
10,163,0.7750000000000001
10,164,0.745
10,165,0.6625
10,166,0.7825
10,167,0.6875
10,168,0.7949999999999999
10,169,0.7925
10,170,0.77
10,171,0.74
10,172,0.8
10,173,0.7625000000000001
10,174,0.8075
10,175,0.7
10,176,0.8025
10,177,0.7775000000000001
10,178,0.8625
10,179,0.745
10,180,0.6675
10,181,0.8225000000000001
10,182,0.62
10,183,0.7975
10,184,0.7075
10,185,0.7425
10,186,0.8475
10,187,0.685
10,188,0.7075
10,189,0.8325
10,190,0.7675
10,191,0.755
10,192,0.695
10,193,0.73
10,194,0.7825
10,195,0.73
10,196,0.795
10,197,0.6775
10,198,0.695
10,199,0.6975
10,200,0.6849999999999999
10,201,0.7675
10,202,0.76
10,203,0.7625
10,204,0.6875
10,205,0.7949999999999999
10,206,0.64
10,207,0.8925000000000001
10,208,0.7825000000000001
10,209,0.74
10,210,0.81
10,211,0.6925000000000001
10,212,0.76
10,213,0.735
10,214,0.6675
10,215,0.705
10,216,0.6799999999999999
10,217,0.8
10,218,0.74
10,219,0.7450000000000001
10,220,0.7675000000000001
10,221,0.7225
10,222,0.69
10,223,0.6675
10,224,0.7749999999999999
10,225,0.6424999999999998
10,226,0.76
10,227,0.8474999999999999
10,228,0.7625
10,229,0.755
10,230,0.685
10,231,0.7625
10,232,0.6775
10,233,0.7525000000000001
10,234,0.7875000000000001
10,235,0.7975000000000001
10,236,0.6525
10,237,0.6925000000000001
10,238,0.7250000000000001
10,239,0.6675
10,240,0.8175000000000001
10,241,0.83
10,242,0.7575000000000001
10,243,0.6575
10,244,0.7050000000000001
10,245,0.8400000000000001
10,246,0.9125
10,247,0.74
10,248,0.7374999999999999
10,249,0.7975000000000001
10,250,0.8325
10,251,0.7125000000000001
10,252,0.6975
10,253,0.8099999999999999
10,254,0.6825
10,255,0.78
10,256,0.785
10,257,0.73
10,258,0.6849999999999999
10,259,0.6975
10,260,0.73
10,261,0.77
10,262,0.765
10,263,0.73
10,264,0.7374999999999999
10,265,0.7975
10,266,0.7675000000000001
10,267,0.8325
10,268,0.785
10,269,0.7475
10,270,0.77
10,271,0.69
10,272,0.84
10,273,0.8225
10,274,0.7350000000000001
10,275,0.7400000000000001
10,276,0.66
10,277,0.7275
10,278,0.6974999999999999
10,279,0.655
10,280,0.6724999999999999
10,281,0.74
10,282,0.7575000000000001
10,283,0.8074999999999999
10,284,0.7825
10,285,0.64
10,286,0.7749999999999999
10,287,0.655
10,288,0.6950000000000001
10,289,0.8050000000000002
10,290,0.8400000000000001
10,291,0.8250000000000001
10,292,0.7575000000000001
10,293,0.74
10,294,0.7925
10,295,0.7075
10,296,0.6875
10,297,0.76
10,298,0.8025000000000002
10,299,0.7625
10,300,0.695
10,301,0.7475
10,302,0.7374999999999999
10,303,0.76
10,304,0.7475
10,305,0.665
10,306,0.755
10,307,0.78
10,308,0.7325
10,309,0.7
10,310,0.79
10,311,0.73
10,312,0.6875
10,313,0.7175
10,314,0.775
10,315,0.8375
10,316,0.7324999999999999
10,317,0.7975
10,318,0.745
10,319,0.735
10,320,0.76
10,321,0.78
10,322,0.7075
10,323,0.6775
10,324,0.6775
10,325,0.86
10,326,0.74
10,327,0.7425000000000002
10,328,0.7925
10,329,0.73
10,330,0.69
10,331,0.815
10,332,0.6599999999999999
10,333,0.6125
10,334,0.6424999999999998
10,335,0.725
10,336,0.7649999999999999
10,337,0.7050000000000001
10,338,0.7725000000000001
10,339,0.6275000000000001
10,340,0.67
10,341,0.675
10,342,0.81
10,343,0.7375
10,344,0.7925
10,345,0.6875
10,346,0.7649999999999999
10,347,0.7100000000000001
10,348,0.795
10,349,0.69
10,350,0.8025
10,351,0.72
10,352,0.79
10,353,0.665
10,354,0.8125
10,355,0.775
10,356,0.6825
10,357,0.6375
10,358,0.8125
10,359,0.7249999999999999
10,360,0.8150000000000001
10,361,0.7224999999999999
10,362,0.7975
10,363,0.7675000000000001
10,364,0.6975
10,365,0.755
10,366,0.72
10,367,0.77
10,368,0.755
10,369,0.8350000000000001
10,370,0.7625000000000001
10,371,0.7699999999999998
10,372,0.7124999999999999
10,373,0.8325
10,374,0.755
10,375,0.68
10,376,0.77
10,377,0.6924999999999999
10,378,0.62
10,379,0.7725000000000001
10,380,0.7649999999999999
10,381,0.89
10,382,0.6975
10,383,0.8275
10,384,0.695
10,385,0.7125
10,386,0.6749999999999999
10,387,0.7899999999999999
10,388,0.77
10,389,0.7825
10,390,0.7075
10,391,0.75
10,392,0.7775
10,393,0.8325
10,394,0.7349999999999999
10,395,0.675
10,396,0.7975
10,397,0.7525
10,398,0.6724999999999999
10,399,0.8375
10,400,0.7649999999999999
10,401,0.7575000000000001
10,402,0.8825000000000001
10,403,0.8025
10,404,0.6925000000000001
10,405,0.845
10,406,0.835
10,407,0.8424999999999999
10,408,0.6425000000000001
10,409,0.7725
10,410,0.805
10,411,0.6625000000000001
10,412,0.7675
10,413,0.8225
10,414,0.8125
10,415,0.645
10,416,0.8125
10,417,0.725
10,418,0.765
10,419,0.77
10,420,0.735
10,421,0.6675
10,422,0.7050000000000001
10,423,0.765
10,424,0.64
10,425,0.73
10,426,0.8150000000000002
10,427,0.7899999999999999
10,428,0.77
10,429,0.735
10,430,0.8225
10,431,0.7474999999999999
10,432,0.7100000000000001
10,433,0.7849999999999999
10,434,0.7275
10,435,0.7575
10,436,0.7474999999999999
10,437,0.7424999999999999
10,438,0.7975
10,439,0.675
10,440,0.74
10,441,0.7975000000000001
10,442,0.78
10,443,0.8025
10,444,0.6174999999999999
10,445,0.74
10,446,0.7975
10,447,0.835
10,448,0.85
10,449,0.8
10,450,0.72
10,451,0.715
10,452,0.74
10,453,0.7325
10,454,0.725
10,455,0.605
10,456,0.7224999999999999
10,457,0.6525
10,458,0.7650000000000001
10,459,0.7450000000000001
10,460,0.7025
10,461,0.7
10,462,0.6799999999999999
10,463,0.7775000000000001
10,464,0.6649999999999999
10,465,0.685
10,466,0.6699999999999999
10,467,0.7850000000000001
10,468,0.675
10,469,0.79
10,470,0.77
10,471,0.76
10,472,0.78
10,473,0.7324999999999999
10,474,0.7649999999999999
10,475,0.78
10,476,0.75
10,477,0.6875
10,478,0.8
10,479,0.7374999999999999
10,480,0.6900000000000001
10,481,0.745
10,482,0.7175
10,483,0.6950000000000001
10,484,0.7349999999999999
10,485,0.69
10,486,0.7575000000000001
10,487,0.8099999999999999
10,488,0.7750000000000001
10,489,0.6825
10,490,0.7550000000000001
10,491,0.7775
10,492,0.765
10,493,0.7625000000000001
10,494,0.62
10,495,0.8
10,496,0.7775
10,497,0.6425
10,498,0.7375
10,499,0.84
10,500,0.6875
10,501,0.6774999999999999
10,502,0.7075
10,503,0.805
10,504,0.71
10,505,0.7575000000000001
10,506,0.8225
10,507,0.645
10,508,0.8524999999999999
10,509,0.7525000000000001
10,510,0.6925
10,511,0.78
10,512,0.7699999999999999
10,513,0.69
10,514,0.7450000000000001
10,515,0.7275
10,516,0.6875
10,517,0.79
10,518,0.76
10,519,0.7324999999999999
10,520,0.675
10,521,0.7299999999999999
10,522,0.7225000000000001
10,523,0.7949999999999999
10,524,0.73
10,525,0.6875
10,526,0.7675000000000001
10,527,0.74
10,528,0.6975
10,529,0.74
10,530,0.7200000000000001
10,531,0.775
10,532,0.7625
10,533,0.8250000000000001
10,534,0.7625000000000001
10,535,0.795
10,536,0.7549999999999999
10,537,0.6449999999999999
10,538,0.835
10,539,0.7525
10,540,0.7224999999999999
10,541,0.7575000000000001
10,542,0.73
10,543,0.63
10,544,0.7324999999999999
10,545,0.615
10,546,0.7949999999999999
10,547,0.745
10,548,0.7450000000000001
10,549,0.6875
10,550,0.6749999999999999
10,551,0.72
10,552,0.76
10,553,0.75
10,554,0.8225
10,555,0.6025
10,556,0.8075000000000001
10,557,0.6175
10,558,0.78
10,559,0.7649999999999998
10,560,0.685
10,561,0.75
10,562,0.7475
10,563,0.735
10,564,0.5624999999999999
10,565,0.6675
10,566,0.725
10,567,0.7575
10,568,0.72
10,569,0.8075
10,570,0.705
10,571,0.6525000000000001
10,572,0.765
10,573,0.7450000000000001
10,574,0.7849999999999999
10,575,0.65
10,576,0.79
10,577,0.7875000000000001
10,578,0.6725
10,579,0.6825
10,580,0.7625
10,581,0.665
10,582,0.685
10,583,0.7324999999999999
10,584,0.7325
10,585,0.7224999999999999
10,586,0.7374999999999999
10,587,0.77
10,588,0.8325000000000001
10,589,0.6875
10,590,0.7324999999999999
10,591,0.7274999999999999
10,592,0.7000000000000001
10,593,0.7400000000000001
10,594,0.775
10,595,0.82
10,596,0.7625
10,597,0.77
10,598,0.7349999999999999
10,599,0.6924999999999999
10,600,0.7325
10,601,0.79
10,602,0.7575000000000001
10,603,0.65
10,604,0.69
10,605,0.7775
10,606,0.6900000000000001
10,607,0.6924999999999999
10,608,0.7825
10,609,0.7525
10,610,0.7925
10,611,0.79
10,612,0.7375
10,613,0.7274999999999999
10,614,0.7375
10,615,0.725
10,616,0.64
10,617,0.7049999999999998
10,618,0.79
10,619,0.725
10,620,0.76
10,621,0.7125
10,622,0.7725
10,623,0.7125000000000001
10,624,0.73
10,625,0.8375
10,626,0.7375
10,627,0.6499999999999999
10,628,0.6924999999999999
10,629,0.7425
10,630,0.7775
10,631,0.7275
10,632,0.6500000000000001
10,633,0.6975
10,634,0.7850000000000001
10,635,0.68
10,636,0.8225
10,637,0.905
10,638,0.7975
10,639,0.7450000000000001
10,640,0.815
10,641,0.6725000000000001
10,642,0.7325
10,643,0.76
10,644,0.7849999999999999
10,645,0.73
10,646,0.7550000000000001
10,647,0.7425
10,648,0.7225
10,649,0.7374999999999999
10,650,0.81
10,651,0.7525000000000001
10,652,0.7324999999999999
10,653,0.825
10,654,0.81
10,655,0.755
10,656,0.8425
10,657,0.8950000000000001
10,658,0.7150000000000001
10,659,0.79
10,660,0.78
10,661,0.775
10,662,0.7324999999999999
10,663,0.7325
10,664,0.7424999999999999
10,665,0.7174999999999999
10,666,0.8025
10,667,0.635
10,668,0.6549999999999999
10,669,0.6524999999999999
10,670,0.6299999999999999
10,671,0.74
10,672,0.7999999999999999
10,673,0.7375
10,674,0.7350000000000001
10,675,0.785
10,676,0.825
10,677,0.8025
10,678,0.77
10,679,0.81
10,680,0.8050000000000002
10,681,0.7375
10,682,0.6375
10,683,0.6799999999999999
10,684,0.8250000000000001
10,685,0.6799999999999999
10,686,0.7525
10,687,0.69
10,688,0.83
10,689,0.6399999999999999
10,690,0.6724999999999999
10,691,0.7474999999999998
10,692,0.845
10,693,0.7975000000000001
10,694,0.8125
10,695,0.7450000000000001
10,696,0.7075
10,697,0.7150000000000001
10,698,0.7549999999999999
10,699,0.6975
10,700,0.7424999999999999
10,701,0.7825
10,702,0.81
10,703,0.775
10,704,0.675
10,705,0.6199999999999999
10,706,0.785
10,707,0.865
10,708,0.7
10,709,0.6925
10,710,0.7000000000000001
10,711,0.7525
10,712,0.81
10,713,0.7324999999999999
10,714,0.76
10,715,0.76
10,716,0.8075000000000001
10,717,0.69
10,718,0.7149999999999999
10,719,0.8125
10,720,0.815
10,721,0.7775000000000001
10,722,0.8099999999999999
10,723,0.715
10,724,0.8
10,725,0.7649999999999999
10,726,0.7024999999999999
10,727,0.625
10,728,0.7325
10,729,0.7049999999999998
10,730,0.7525
10,731,0.815
10,732,0.7825
10,733,0.7625000000000001
10,734,0.7050000000000001
10,735,0.7825
10,736,0.7575000000000001
10,737,0.755
10,738,0.635
10,739,0.79
10,740,0.685
10,741,0.6475
10,742,0.78
10,743,0.7000000000000001
10,744,0.7124999999999999
10,745,0.7075
10,746,0.8150000000000002
10,747,0.7375
10,748,0.6025
10,749,0.79
10,750,0.8625
10,751,0.69
10,752,0.72
10,753,0.725
10,754,0.6825
10,755,0.6975
10,756,0.7375
10,757,0.845
10,758,0.72
10,759,0.8150000000000002
10,760,0.7125
10,761,0.7825
10,762,0.7575000000000001
10,763,0.7149999999999999
10,764,0.8225
10,765,0.7625
10,766,0.7075
10,767,0.87
10,768,0.7025000000000001
10,769,0.715
10,770,0.725
10,771,0.7375
10,772,0.64
10,773,0.7575
10,774,0.6275
10,775,0.7974999999999999
10,776,0.695
10,777,0.7124999999999999
10,778,0.755
10,779,0.7649999999999999
10,780,0.795
10,781,0.67
10,782,0.8049999999999999
10,783,0.7949999999999999
10,784,0.7825
10,785,0.725
10,786,0.7875
10,787,0.7050000000000001
10,788,0.72
10,789,0.81
10,790,0.695
10,791,0.7124999999999999
10,792,0.62
10,793,0.7224999999999999
10,794,0.7025
10,795,0.7725
10,796,0.7625000000000001
10,797,0.7925
10,798,0.825
10,799,0.705
10,800,0.755
10,801,0.8075
10,802,0.86
10,803,0.7775000000000001
10,804,0.8525
10,805,0.67
10,806,0.7175
10,807,0.7725000000000001
10,808,0.78
10,809,0.7
10,810,0.7124999999999999
10,811,0.7275
10,812,0.6475
10,813,0.7625
10,814,0.72
10,815,0.7949999999999999
10,816,0.7174999999999999
10,817,0.8025
10,818,0.685
10,819,0.715
10,820,0.7625
10,821,0.8275
10,822,0.705
10,823,0.85
10,824,0.745
10,825,0.705
10,826,0.7175
10,827,0.7
10,828,0.8050000000000002
10,829,0.77
10,830,0.74
10,831,0.68
10,832,0.8125
10,833,0.7474999999999999
10,834,0.6725
10,835,0.81
10,836,0.755
10,837,0.715
10,838,0.8
10,839,0.7825
10,840,0.69
10,841,0.7224999999999999
10,842,0.6950000000000001
10,843,0.6975
10,844,0.7725
10,845,0.6325
10,846,0.675
10,847,0.6799999999999999
10,848,0.8025
10,849,0.8474999999999999
10,850,0.7124999999999999
10,851,0.6475
10,852,0.7650000000000001
10,853,0.8125
10,854,0.7875
10,855,0.71
10,856,0.7725000000000001
10,857,0.6925
10,858,0.6975
10,859,0.7
10,860,0.6975
10,861,0.7374999999999999
10,862,0.7925
10,863,0.6025
10,864,0.8325
10,865,0.7275
10,866,0.785
10,867,0.7549999999999999
10,868,0.7424999999999999
10,869,0.77
10,870,0.7324999999999999
10,871,0.7725000000000001
10,872,0.595
10,873,0.7775000000000001
10,874,0.7175
10,875,0.7775000000000001
10,876,0.86
10,877,0.6375
10,878,0.815
10,879,0.655
10,880,0.8175
10,881,0.6474999999999999
10,882,0.7725
10,883,0.7574999999999998
10,884,0.7650000000000001
10,885,0.7175
10,886,0.6875
10,887,0.6924999999999999
10,888,0.6325
10,889,0.79
10,890,0.715
10,891,0.75
10,892,0.68
10,893,0.6425
10,894,0.7175
10,895,0.7475
10,896,0.7775000000000001
10,897,0.7424999999999999
10,898,0.74
10,899,0.6975
10,900,0.76
10,901,0.685
10,902,0.7875000000000001
10,903,0.7749999999999999
10,904,0.71
10,905,0.7974999999999999
10,906,0.665
10,907,0.7325
10,908,0.7174999999999999
10,909,0.8049999999999999
10,910,0.6475
10,911,0.815
10,912,0.7625000000000001
10,913,0.745
10,914,0.7175
10,915,0.6199999999999999
10,916,0.6375
10,917,0.73
10,918,0.7825
10,919,0.7575000000000001
10,920,0.7100000000000001
10,921,0.7699999999999999
10,922,0.6975
10,923,0.78
10,924,0.6100000000000001
10,925,0.6624999999999999
10,926,0.8275000000000001
10,927,0.7275
10,928,0.7575
10,929,0.7475
10,930,0.7849999999999999
10,931,0.8025
10,932,0.7575
10,933,0.73
10,934,0.7549999999999999
10,935,0.6775
10,936,0.7925
10,937,0.7250000000000001
10,938,0.7825
10,939,0.7649999999999999
10,940,0.7749999999999999
10,941,0.78
10,942,0.8525
10,943,0.7
10,944,0.7575
10,945,0.795
10,946,0.6525000000000001
10,947,0.8675
10,948,0.78
10,949,0.8125
10,950,0.8200000000000001
10,951,0.7
10,952,0.905
10,953,0.6624999999999999
10,954,0.6799999999999999
10,955,0.7025
10,956,0.7274999999999999
10,957,0.6325000000000001
10,958,0.7175
10,959,0.7625000000000001
10,960,0.6875
10,961,0.8
10,962,0.7625
10,963,0.7525000000000002
10,964,0.7050000000000001
10,965,0.705
10,966,0.8675000000000002
10,967,0.7024999999999999
10,968,0.6775
10,969,0.8650000000000001
10,970,0.75
10,971,0.7275
10,972,0.6775
10,973,0.73
10,974,0.775
10,975,0.6925000000000001
10,976,0.6875
10,977,0.765
10,978,0.72
10,979,0.6924999999999999
10,980,0.6525000000000001
10,981,0.6875
10,982,0.7625
10,983,0.89
10,984,0.8674999999999999
10,985,0.6975
10,986,0.635
10,987,0.845
10,988,0.665
10,989,0.7725000000000001
10,990,0.7949999999999999
10,991,0.7775000000000001
10,992,0.71
10,993,0.9199999999999999
10,994,0.6824999999999999
10,995,0.7175
10,996,0.6575000000000001
10,997,0.675
10,998,0.7725
10,999,0.755
