"method","abs_diff"
"equi",0.00389613055661814
"equi",0.0299755876894438
"equi",0.0498107980523319
"equi",0.0596892098609895
"equi",0.127089086643444
"equi",0.00453836300821964
"equi",0.0493964471319782
"equi",0.0659195107924752
"equi",0.0133766491177655
"equi",0.00131081947875766
"equi",0.00983105088386514
"equi",0.0603753925557819
"equi",0.0684266090612165
"equi",0.204412908509456
"equi",0.056799141323612
"equi",0.081469684703928
"equi",0.0107419948692571
"equi",0.0528831607717038
"equi",0.201023015752178
"equi",0.00951032867747664
"equi",0.0641914150328831
"equi",0.00470099211790752
"equi",0.0835319353218762
"equi",0.0190356650500204
"equi",0.0339445859859155
"equi",0.00986905163598836
"equi",0.0627901369058301
"equi",0.0661801351253721
"equi",0.00108217942298516
"equi",0.0436789259183849
"equi",0.19959027386871
"equi",0.0954416691714952
"equi",0.00543422617069106
"equi",0.121995462060731
"equi",0.0948701167693326
"equi",0.139967319143285
"equi",0.0949495178514249
"equi",0.0143562887193183
"equi",0.00217222662263838
"equi",0.072312714358273
"equi",0.0870832421287127
"equi",0.0254346207722147
"equi",0.0014743788093682
"equi",0.0965323421154143
"equi",0.031683233773256
"equi",0.156990940211785
"equi",0.0764564218611532
"equi",0.11727343537367
"equi",0.219747095059699
"equi",0.00236937218520644
"equi",0.0811102135078217
"equi",0.110921030746303
"equi",0.164234439655772
"equi",0.0800058058815278
"equi",0.0234072032860947
"equi",0.180887036603725
"equi",0.0106362798125599
"equi",0.103362835607933
"equi",0.0258681606165572
"equi",0.0844768056520462
"equi",0.0299900087110141
"equi",0.0346623318030917
"equi",0.00943069824739501
"equi",0.0524222588370172
"equi",0.0351516013672813
"equi",0.0677942061805417
"equi",0.0299769104468686
"equi",0.0229772441431705
"equi",0.257405794879583
"equi",0.0429051445860296
"equi",0.156274261068488
"equi",0.052601409829843
"equi",0.0734732009517574
"equi",0.116777596749459
"equi",0.185667118961654
"equi",0.126112096901088
"equi",0.191892902161591
"equi",0.0216880495940545
"equi",0.0792741973029855
"equi",0.125449057416774
"equi",0.0412614350863602
"equi",0.161443130126285
"equi",0.0423345715943193
"equi",0.0200258400273278
"equi",0.157562928371852
"equi",0.0158159358856038
"equi",0.139768444563038
"equi",0.023928647795687
"equi",0.16334210218299
"equi",0.113557042755811
"equi",0.295146614462492
"equi",0.0970109315745809
"equi",0.160897535699691
"equi",0.0429817821239759
"equi",0.012022267970647
"equi",0.00242546719767487
"equi",0.00900629042342706
"equi",0.0225981069436805
"equi",0.0186896876342918
"equi",0.0601612994641782
"equi",0.00384125563283372
"equi",0.0373797452559997
"equi",0.0663159452357036
"equi",0.0527080155737586
"equi",0.0539238183839455
"equi",0.0700150666898561
"equi",0.0583629637560997
"equi",0.0771486411427497
"equi",0.113032829389936
"equi",0.096326057820907
"equi",0.103688901799423
"equi",0.028417708785508
"equi",0.0100768889165119
"equi",0.0495598177923922
"equi",0.0437008494610221
"equi",0.0838118210605165
"equi",0.0743200590982136
"equi",0.0817007471407992
"equi",0.277086625001828
"equi",0.0217549443659702
"equi",0.120568544327098
"equi",0.088538265365396
"equi",0.158173090655545
"equi",0.166855034648372
"equi",0.081582904039264
"equi",0.0735208884340832
"equi",0.0349426093348507
"equi",0.15403177368137
"equi",0.128754585631663
"equi",0.159092500167926
"equi",0.0292553109571294
"equi",0.00125095051574983
"equi",0.11513545469897
"equi",0.0808881732469283
"equi",0.023832424444505
"equi",0.0163296130589496
"equi",0.0867429291736631
"equi",0.0269057282265731
"equi",0.135635574535373
"equi",0.107166874088531
"equi",0.010676403567591
"equi",0.121531291054336
"equi",0.0673688079313164
"equi",0.0594687635387213
"equi",0.0788364925762102
"equi",0.0295463775580723
"equi",0.0487142030577938
"equi",0.0830747686943146
"equi",0.0247049404505519
"equi",0.194982082776781
"equi",0.024970578799348
"equi",0.020232937828416
"equi",0.139481427998907
"equi",0.121358369819151
"equi",0.0428389476276953
"equi",0.0629173721302728
"equi",0.00800593853499171
"equi",0.144844855464237
"equi",0.0538271622130701
"equi",0.0804203498368613
"equi",0.0376696971434363
"equi",0.0154493764915327
"equi",0.0606884818289078
"equi",0.028503116083191
"equi",0.0736620444885179
"equi",0.0299053178985272
"equi",0.00837735613958107
"equi",0.109639829010158
"equi",0.0775874083438592
"equi",0.0855158947684279
"equi",0.0681905335990704
"equi",0.0660685553846086
"equi",0.10012842998162
"equi",0.0825363308623265
"equi",0.251266301300827
"equi",0.239939221415502
"equi",0.0739363819018093
"equi",0.0632830086285948
"equi",0.21853168705958
"equi",0.241236732408366
"equi",0.22423773043975
"equi",0.315317034121142
"equi",0.0675206469641831
"equi",0.234320766673121
"equi",0.243242940077775
"equi",0.0908352301840752
"equi",0.0374240054677922
"equi",0.121575502228164
"equi",0.00906612794993648
"equi",0.151330985552805
"equi",0.021745119598829
"equi",0.0571988512924735
"equi",0.0608431121024608
"equi",0.101548325402917
"equi",0.040226214355223
"equi",0.0674351427666057
"equi",0.00229019186840734
"equi",0.110861173609262
"equi",0.122309747026256
"equi",0.101398325717717
"equi",0.112388205878841
"equi",0.124889884803399
"equi",0.0465827774538184
"equi",0.170089922799622
"equi",0.020404538435756
"equi",0.142698681460986
"equi",0.115191598432957
"equi",0.0760701089378327
"equi",0.103983730006031
"equi",0.116537894628012
"equi",0.0977797202303984
"equi",0.0688820288114683
"equi",0.105674685228284
"equi",0.0893148090588582
"equi",0.0117437191097808
"equi",0.199269858534423
"equi",0.0307423422446989
"equi",0.105917414825596
"equi",0.0061106985986078
"equi",0.126438091418438
"equi",0.00116805205133316
"equi",0.136874944684014
"equi",0.294820140988082
"equi",0.174477964141267
"equi",0.0231607668582979
"equi",0.0233825194110797
"equi",0.249174139803484
"equi",0.196900369947551
"equi",0.0572114522417819
"equi",0.128535118915081
"equi",0.0437468654992015
"equi",0.104350158333172
"equi",0.284653771458068
"equi",0.309379729245029
"equi",0.169193673766728
"equi",0.0701973174878772
"equi",0.146712074339507
"equi",0.01831334910352
"equi",0.242766103201188
"equi",0.236131166531862
"equi",0.173757704488623
"equi",0.255249038230171
"equi",0.184390351383923
"equi",0.427636787324761
"equi",0.330189717939207
"equi",0.0132165442061866
"equi",0.175281787653414
"equi",0.251416430533479
"equi",0.0149852152555558
"equi",0.141294527156173
"equi",0.279486007179329
"equi",0.073819555283828
"equi",0.237686691289906
"equi",0.0908241623060363
"equi",0.00767610473319191
"equi",0.225749316298361
"equi",0.0470868189772038
"equi",0.00595202545780954
"equi",0.067176987688216
"equi",0.0578059646808659
"equi",0.0964091890541299
"equi",0.181656690257583
"equi",0.0282643571267386
"equi",0.0971578638431671
"equi",0.0990656449361045
"equi",0.181709099577747
"equi",0.250803676249835
"equi",0.0221857396672592
"equi",0.151833882469765
"equi",0.00990190866565932
"equi",0.0788037712473892
"equi",0.0598672695251483
"equi",0.161013070880072
"equi",0.0255553635891755
"equi",0.200809368756938
"equi",0.0190339263173225
"equi",0.0831124300324362
"equi",0.00872655910560444
"equi",0.260141678724556
"equi",0.076402890830512
"equi",0.0736314957587824
"equi",0.186869484539127
"equi",0.00935937559451508
"equi",0.0160753623588086
"equi",0.17536896518066
"equi",0.0431507953560018
"equi",0.0779398955220054
"equi",0.14173426805959
"equi",0.235574350122836
"equi",0.07183695951993
"equi",0.0274066667431148
"equi",0.128428210107556
"equi",0.123212099843716
"equi",0.149703488457691
"equi",0.0896631459480428
"equi",0.240244511044632
"equi",0.0726542778861707
"equi",0.273275142820968
"equi",0.346839505736857
"equi",0.10630559273845
"equi",0.0346657493572971
"equi",0.0777146101879015
"equi",0.0943598683822564
"equi",0.0593816548219032
"equi",0.0119575661366216
"equi",0.122340275826919
"equi",0.0623621961851117
"equi",0.00566922472207709
"equi",0.107208952444
"equi",0.0303916577376457
"equi",0.0188977804246504
"equi",0.0405117261431424
"equi",0.0884587130527995
"equi",0.195863394368442
"equi",0.00375633510101486
"equi",0.0865275831738459
"equi",0.045198570260062
"equi",0.178089289388031
"equi",0.0388942892267054
"equi",0.066382065447604
"equi",0.0771643129855774
"equi",0.260753917650115
"equi",0.137963721539996
"equi",0.173001795477302
"equi",0.0155898499872146
"equi",0.0392311377508046
"equi",0.250807531132782
"equi",0.0234140548473543
"equi",0.0533946740944156
"equi",0.141191026788141
"equi",0.0773385603000578
"equi",0.0334911301098117
"equi",0.0562988797834309
"equi",0.0854744753572368
"equi",0.0268584760142663
"equi",0.0168832927982516
"equi",0.172796465123839
"equi",0.0370065455063847
"equi",0.053594215513244
"equi",0.0213562277568797
"equi",0.0129488171794951
"equi",0.0119047255150855
"equi",0.0962759037945651
"equi",0.113841537826156
"equi",0.014292456322681
"equi",0.00181602680739236
"equi",0.050372736186566
"equi",0.0967182772755458
"equi",0.1113283900112
"equi",0.174417912183033
"equi",0.0517199992307285
"equi",0.03580026452639
"equi",0.0257037722119305
"equi",0.0551292549638358
"equi",0.100566812895829
"equi",0.0604265794079274
"equi",0.103978232693027
"equi",0.109532452460892
"equi",0.00191768480917612
"equi",0.0452773103561564
"equi",0.000234248490871031
"equi",0.0904233804582754
"equi",0.183307015243078
"equi",0.00831832355624954
"equi",0.0347636111914723
"equi",0.100417164368173
"equi",0.0967027958614798
"equi",0.104942031557809
"equi",0.0757198169030547
"equi",0.0756802163084537
"equi",0.104461648304943
"equi",0.0613762794306125
"equi",0.0392760101838652
"equi",0.177525110707626
"equi",0.207877688009991
"equi",0.0166796684070983
"equi",0.0749286505409919
"equi",0.0561551369770434
"equi",0.00573616803919055
"equi",0.0966106201807723
"equi",0.108875391471003
"equi",0.0943678233378251
"equi",0.0744214967365289
"equi",0.0745780345945162
"equi",0.0165749628685801
"equi",0.0265883673062281
"equi",0.0863835759943986
"equi",0.0110912593172585
"equi",0.0257774307572037
"equi",0.0165071049227447
"equi",0.00830589690584321
"equi",0.0425890332424815
"equi",0.0246536744246222
"equi",0.0143538318435777
"equi",0.102441168094987
"equi",0.0975200753934235
"equi",0.0845123199365698
"equi",0.101938690298625
"equi",0.00908642550237496
"equi",0.149940297750836
"equi",0.257102786624796
"equi",0.0474039242758066
"equi",0.0285669152688748
"equi",0.154924567069604
"equi",0.0517624556418743
"equi",0.0656300807866438
"equi",0.0665567501859431
"equi",0.0121580716163318
"equi",0.0400072475198593
"equi",0.0596562230654206
"equi",0.0605479961096955
"equi",0.0299789098106864
"equi",0.0145465954973127
"equi",0.0278285729135587
"equi",0.076494957007572
"equi",0.122889778847334
"equi",0.00243315368674009
"equi",0.0854876341043426
"equi",0.023412813964678
"equi",0.0721558400914978
"equi",0.0463306130652176
"equi",0.0458284249718939
"equi",0.125142702775084
"equi",0.0294521959445465
"equi",0.113685424190369
"equi",0.0940842444196111
"equi",0.0701168813697647
"equi",0.0220881109328813
"equi",0.0275250444360701
"equi",0.0664928322465788
"equi",0.0260276395496813
"equi",7.13091239489261e-05
"equi",0.0446273805003844
"equi",0.0987372452583747
"equi",0.0637305081110923
"equi",0.014242753233073
"equi",0.0212231484923872
"equi",0.0534119333376241
"equi",0.0667421439027977
"equi",0.050136298986754
"equi",0.0527835174727408
"equi",0.0716712723329285
"equi",0.0378640384967266
"equi",0.0313461150668739
"equi",0.0918391157648852
"equi",0.168481686747218
"equi",0.0453001135310091
"equi",0.00156133908215225
"equi",0.0863043288283784
"equi",0.0561352202993331
"equi",0.0615521355538955
"equi",0.169598177484068
"equi",0.0416274840912086
"equi",0.0366217963509137
"equi",0.189688156050735
"equi",0.117099431980617
"equi",0.0373752901454878
"equi",0.113679131549096
"equi",0.00450529798542809
"equi",0.0548809206648059
"equi",0.0690059731797452
"equi",0.0278450885473138
"equi",0.0644356427287501
"equi",0.0530318384438164
"equi",0.0646942708446866
"equi",0.0162696945541592
"equi",0.0788612431149796
"equi",0.0712493330919463
"equi",0.153955621528951
"equi",0.0420912348183574
"equi",0.177102236410499
"equi",0.088727676156843
"equi",0.148965219043598
"equi",0.132170570848061
"equi",0.0287688128402166
"equi",0.157875585284408
"equi",0.0430826612096259
"equi",0.0110329460652929
"equi",0.0634100353017162
"equi",0.0646855636485171
"equi",0.0631583344508012
"equi",0.0170595254423528
"equi",0.210720131112854
"equi",0.100470107960057
"equi",0.00507334487884262
"equi",0.00907038734147592
"equi",0.0323661762928509
"equi",0.000544770534546934
"equi",0.0771959190934536
"equi",0.156702695981313
"equi",0.0791800207748872
"equi",0.166020292417516
"equi",0.161413422006443
"equi",0.088020409338791
"equi",0.00390003025669675
"equi",0.13383304301697
"equi",0.0839592895652877
"equi",0.00268182697778666
"equi",0.0726077217119791
"equi",0.0912374858767248
"equi",0.116064188281338
"equi",0.0874472361878098
"equi",0.0560166133164391
"equi",0.0758887119514423
"equi",0.0998335583963478
"equi",0.0243597600158039
"equi",0.112217573578494
"equi",0.127943174338963
"equi",0.182035100486881
"equi",0.0445022225940211
"equi",0.0166089706131144
"equi",0.119779891241762
"equi",0.0775132191418254
"equi",0.0608188836065121
"equi",0.0483757401951244
"equi",0.14936141085073
"equi",0.142881571127182
"equi",0.0135396237199217
"equi",0.0702009753302741
"equi",0.128867028079782
"equi",0.152527522283224
"equi",0.0855461761812495
"equi",0.0864420381672602
"equi",0.0810297011924467
"equi",0.067272351073653
"equi",0.151203249746627
"equi",0.150620655496708
"equi",0.121167981067397
"equi",0.0132167307062624
"equi",0.0530763646365429
"equi",0.137088611317984
"equi",0.00168462209465753
"equi",0.0850531901438255
"equi",0.0236034136510035
"equi",0.0125614818610742
"equi",0.0629856671791779
"equi",0.0899784333771105
"equi",0.0215579287667236
"equi",0.250938390438884
"equi",0.0430260373194309
"equi",0.210377068235439
"equi",0.196581386995824
"equi",0.0427834841208714
"equi",0.0334620328493856
"equi",0.259756879475953
"equi",0.0431080489075187
"equi",0.0260798901551952
"equi",0.15805366867832
"equi",0.0184516515020645
"equi",0.244199282192867
"equi",0.321269523443195
"equi",0.00500131919325533
"equi",0.00469779157441802
"equi",0.119623979651743
"equi",0.019956265042222
"equi",0.0360012363429765
"equi",0.0178277739576324
"equi",0.116764163297687
"equi",0.179845556400295
"equi",0.152990315224568
"equi",0.11347765661975
"equi",0.111508769311481
"equi",0.0388003197917283
"equi",0.0678349042023267
"equi",0.0679751091436791
"equi",0.0862165024129501
"equi",0.0265373331210826
"equi",0.0321302548550033
"equi",0.0133427901434706
"equi",0.0707543128225681
"equi",0.0210678323784832
"equi",0.00454555529800388
"equi",0.0556591469289858
"equi",0.012533839203519
"equi",0.0301495029635778
"equi",0.0271153762622254
"equi",0.0689842109159354
"equi",0.0800865380175392
"equi",0.0406547355933624
"equi",0.0593892936563589
"equi",0.171919773764009
"equi",0.0288195590722316
"equi",0.00269981818135479
"equi",0.0947661965011308
"equi",0.102059312038885
"equi",0.0730618899795897
"equi",0.0732316783971334
"equi",0.133281354825851
"equi",0.0921138408875057
"equi",0.0551492672439659
"equi",0.0865056955986435
"equi",0.00836966498211898
"equi",0.115341624583145
"equi",0.103162060025996
"equi",0.0284412133008368
"equi",0.00708695622887628
"equi",0.0488816283684142
"equi",0.105558006771666
"equi",0.0103093546420873
"equi",0.0934962039111712
"equi",0.0625954224018052
"equi",0.0388614836652326
"equi",0.0464992182024361
"equi",0.114230449739779
"equi",0.010752626871869
"equi",0.00441169938815346
"equi",0.0225708084996024
"equi",0.00837538081332884
"equi",0.17158456748955
"equi",0.0389114212421464
"equi",0.00431391163326153
"equi",0.107290788051548
"equi",0.186190279924658
"equi",0.0507263401878623
"equi",0.00406028107206421
"equi",0.17873433357379
"equi",0.0641683948679782
"equi",0.048457777758117
"equi",0.0482670772602095
"equi",0.00999458357637567
"equi",0.10046296065562
"equi",0.13051808643925
"equi",0.0835649819139468
"equi",0.0133978780663503
"equi",0.0124640219566274
"equi",0.0935166726270113
"equi",0.0713267835295714
"equi",0.162930016374433
"equi",0.19384831610274
"equi",0.0935593736520242
"equi",0.0209451839162465
"equi",0.054407055909425
"equi",0.0740137295923538
"equi",0.111480560127093
"equi",0.014353361560872
"equi",0.0677062304530792
"equi",0.0503086866275151
"equi",0.0523398530026089
"equi",0.0757363579109632
"equi",0.0476156568330251
"equi",0.0542734637575316
"equi",0.0889925821991409
"equi",0.0420603376167951
"equi",0.258456277952743
"equi",0.0354062659494437
"equi",0.0313387584384273
"equi",0.0590547595505243
"equi",0.0469216300689818
"equi",0.0141072459931101
"equi",0.0276685790241237
"equi",0.0534158650880582
"equi",0.107106403475107
"equi",0.128514032910311
"equi",0.162592906984844
"equi",0.00776972025351197
"equi",0.0358512775537231
"equi",0.0890111542458568
"equi",0.0860184029687129
"equi",0.181239651877521
"equi",0.0744279098623162
"equi",0.00322258762313855
"equi",0.047875753302628
"equi",0.000519530019908593
"equi",0.267858949517293
"equi",0.0910063003966185
"equi",0.0307452815925352
"equi",0.0811817552502024
"equi",0.100830304603969
"equi",0.0200646633004306
"equi",0.020411856488576
"equi",0.0909745088253919
"equi",0.0699666965449839
"equi",0.0369419842231672
"equi",0.0226544598510935
"equi",0.0180482860131826
"equi",0.0547945336954792
"equi",0.0175911555664406
"equi",0.0210187060301526
"equi",0.0210404784281182
"equi",0.0330310626780303
"equi",0.0119868378319583
"equi",0.0401473786878956
"equi",0.00738910689008594
"equi",0.104090927308939
"equi",0.0923258838654808
"equi",0.0362572883155848
"equi",0.0573124970157535
"equi",0.00897391559949733
"equi",0.152173310054966
"equi",0.00128489079839869
"equi",0.0465257391565257
"equi",0.0311623102566294
"equi",0.0616294951991758
"equi",0.118530213332889
"equi",0.0440783246025402
"equi",0.0576871744345059
"equi",0.00588581014490067
"equi",0.0128941028945073
"equi",0.0133072150496481
"equi",0.0834440306232804
"equi",0.0278500206913929
"equi",0.0740330822617982
"equi",0.0168780410829008
"equi",0.0601155305203903
"equi",0.00283105000072273
"equi",0.0328242615836488
"equi",0.0305912193830781
"equi",0.0279357309661997
"equi",0.0904532320828703
"equi",0.00406990079943816
"equi",0.0531935239989088
"equi",0.0267422095738894
"equi",0.0274330623271725
"equi",0.018137241731942
"equi",0.0197018659197414
"equi",0.0459451832303902
"equi",0.138178455212779
"equi",0.0173437742874132
"equi",0.0314020604500266
"equi",0.029422982291074
"equi",0.047920130191074
"equi",0.0614111290582512
"equi",0.0642956624787769
"equi",0.0129617050211676
"equi",0.105357343609839
"equi",0.197465297512667
"equi",0.0289078868266949
"equi",0.0359246513882802
"equi",0.156469932369282
"equi",0.0938935982080805
"equi",0.0312273855672259
"equi",0.0472249321905871
"equi",0.00826204574000264
"equi",0.0540453534048543
"equi",0.102756982591431
"equi",0.00580100297263324
"equi",0.060862856601561
"equi",0.0782120850303109
"equi",0.0476551288143754
"equi",0.117841469920452
"equi",0.0139252138259699
"equi",0.0181691983670897
"equi",0.00631304620000167
"equi",0.0391189229154102
"equi",0.00919629620914136
"equi",0.0164608722430655
"equi",0.0224821543297454
"equi",0.0463542202283056
"equi",0.00212235231677341
"equi",0.150708272361846
"equi",0.0122849322251138
"equi",0.0191456739507174
"equi",0.124544407149971
"equi",0.0173193849901497
"equi",0.12264795954287
"equi",0.087526843966526
"equi",0.0270032054021037
"equi",0.071849309411245
"equi",0.171983794323375
"equi",0.0447192051949629
"equi",0.00738653200282868
"equi",0.113511696639166
"equi",0.00866596773727451
"equi",0.204999490497604
"equi",0.0932943446967213
"equi",0.180551109307587
"equi",0.0366462542126735
"equi",0.187786580628577
"equi",0.148556448808866
"equi",0.00575874102217949
"equi",0.0243322050528325
"equi",0.0654517171680088
"equi",0.129705176560465
"equi",0.00624024894723023
"equi",0.047131894754884
"equi",0.0383674749279795
"equi",0.122738241959528
"equi",0.00239560967099317
"equi",0.0434688959372802
"equi",0.112209258015705
"equi",0.13817102738762
"equi",0.053866897631257
"equi",0.104187693323504
"equi",0.0522295903276316
"equi",0.118466306667186
"equi",0.0637341781537875
"equi",0.0528547613452988
"equi",0.0166000570560166
"equi",0.136837910945127
"equi",0.0499995500749567
"equi",0.0615161998742809
"equi",0.156120442894093
"equi",0.0479907398383364
"equi",0.126889110424869
"equi",0.03331221807023
"equi",0.0857775543380341
"equi",0.0817904978675079
"equi",0.00496225447880847
"equi",0.0311876814598226
"equi",0.112145109153795
"equi",0.1899573095194
"equi",0.0795285655519013
"equi",0.0533464027198628
"equi",0.024477011083216
"equi",0.133996270352306
"equi",0.121059544384989
"equi",0.0956583842564899
"equi",0.0948112454335528
"equi",0.050939462268885
"equi",0.150799661172798
"equi",0.0495695013110586
"equi",0.185556220313157
"equi",0.0687753173618278
"equi",0.0646749088231381
"equi",0.172663783853091
"equi",0.146177217255128
"equi",0.08658381483134
"equi",0.0929860162034862
"equi",0.0725231999135282
"equi",0.092174539442928
"equi",0.173651600523609
"equi",0.0137170942580892
"equi",0.0525806680118274
"equi",0.062087442521094
"equi",0.0297448748630203
"equi",0.0206539556510092
"equi",0.00985429929279702
"equi",0.208977999346047
"equi",0.127031301282168
"equi",0.0890142036304319
"equi",0.000964272096077357
"equi",0.0143323734138945
"equi",0.00662623617859701
"equi",0.338916033752037
"equi",0.0247611006103892
"equi",0.0509372330952868
"equi",0.121007589296102
"equi",0.0908729284201071
"equi",0.00711091890997609
"equi",0.140755087032644
"equi",0.0276055263977995
"equi",0.192398769488776
"equi",0.142830409383439
"equi",0.0976137380487639
"equi",0.0451087571197107
"equi",0.0900710316523901
"equi",0.00549833031613348
"equi",0.022055014016081
"equi",0.0801609505384006
"equi",0.103235231555746
"equi",0.0216014868302985
"equi",0.133264790650863
"equi",0.00552713202020924
"equi",0.155335214319033
"equi",0.122875602811157
"equi",0.00408835298550447
"equi",0.0306233723149553
"equi",0.0826346294184903
"equi",0.123126919201693
"equi",0.0630986905452743
"equi",0.0556807078582862
"equi",0.0295212067318725
"equi",0.0203581361172608
"equi",0.0529393219082784
"equi",0.0817391777307234
"equi",0.0136229459280109
"equi",0.104433408503831
"equi",0.0266664444829874
"equi",0.104030092372416
"equi",0.100715262572997
"equi",0.0184680985331346
"equi",0.119676037504575
"equi",0.0116512979541704
"equi",0.182560919704086
"equi",0.0904262870253009
"equi",0.121410640552418
"equi",0.0899450298051334
"equi",0.0390926505829937
"equi",0.0404966492350462
"equi",0.125724017144018
"equi",0.140525319015933
"equi",0.108980900175212
"equi",0.155169592583647
"equi",0.0364250827078673
"equi",0.0596261424421956
"equi",0.0668746769701013
"equi",0.0402637663604161
"equi",0.0827815672202541
"equi",0.0295847309356567
"equi",0.00520738495281087
"equi",0.0120258936623499
"equi",0.0283600249150747
"equi",0.0208584526942728
"equi",0.0795080189419571
"equi",0.0296881243111616
"equi",0.103518651779318
"equi",0.00141056095488248
"equi",0.046526068784921
"equi",0.00792476446599755
"equi",0.0150517542095409
"equi",0.0526396207691289
"equi",0.00187236835815965
"equi",0.115758222975867
"equi",0.0656715158785765
"equi",0.0399037419005241
"equi",0.0199598889450917
"equi",0.0379104133778739
"equi",0.0175802387857902
"equi",0.106987226285371
"equi",0.030856498664855
"equi",0.148696095383265
"equi",0.045311472684963
"equi",0.0151200224371266
"equi",0.101071960283283
"equi",0.00161539718387246
"equi",0.00294159205074312
"equi",0.163593455808516
"equi",0.00792306487437761
"equi",0.0519641953267704
"equi",0.11805920245005
"equi",0.129831435430558
"equi",0.0194330336312946
"equi",0.323126287646031
"equi",0.00802074231028862
"equi",0.185029470111703
"equi",0.21545691938792
"equi",0.0366642790757458
"equi",0.0058368743617736
"equi",0.034462690094235
"equi",0.0824966716991608
"equi",0.00751045986666379
"equi",0.0382318761724624
"equi",0.0931350391248685
"equi",0.0731861145212937
"equi",0.0206829913551642
"equi",0.0509491883322241
"equi",0.0427852326110428
"equi",0.0476572962779933
"equi",0.0415877076605021
"equi",0.0784080419971692
"equi",0.0248118589281614
"equi",0.000484948376022809
"equi",0.00969986934445204
"equi",0.0633233202962557
"equi",0.100081470052581
"equi",0.0459926067996941
"equi",0.016499331633394
"equi",0.0756980251071073
"equi",0.0449844414661562
"equi",0.0943106522859087
"equi",0.0433279247759306
"equi",0.0480154883107218
"equi",0.115247448186327
"equi",0.0619190792413801
"equi",0.039905304420529
"equi",0.00970561094021019
"equi",0.248086014416293
"equi",0.0673393712310382
"equi",0.0190951985337618
"equi",0.0717443894129013
"equi",0.0640271953825158
"equi",0.0409218557678982
"equi",0.0469479109138065
"equi",0.065202071841121
"equi",0.040993424149614
"equi",0.0293136739974764
"equi",0.164505095534257
"equi",0.0611799757871641
"equi",0.154879461104592
"equi",0.074523068589381
"equi",0.00226155512328369
"equi",0.0276396750127521
"equi",0.0284470788663387
"equi",0.0655341518178111
"equi",0.107615658966474
"equi",0.0632855588342351
"equi",0.03626426287534
"equi",0.0760948803923377
"equi",0.054781166988522
"equi",0.0513537169195535
"equi",0.039498199629377
"equi",0.00240347914411992
"equi",0.0988591814944796
"equi",0.0711303356209503
"equi",0.0145202746580139
"equi",0.0662022309399673
"equi",0.0204357191433065
"equi",0.0172253576056227
"equi",0.0454277890594328
"equi",0.085555552499094
"equi",0.0215681336841356
"equi",0.0619730765393434
"equi",0.0692458206335441
"equi",0.0599554310390597
"equi",0.00114925233159086
"equi",0.120785006469807
"equi",0.185695471820603
"equi",0.0535287088668
"equi",0.0926851650080455
"equi",0.0545494666819785
"equi",0.0950351334040697
"equi",0.0447395839281924
"equi",0.00153794906040883
"equi",0.114053227059699
"equi",0.0510739580058272
"equi",0.12408495846905
"equi",0.135357943408986
"equi",0.0156136879603014
"equi",0.0332282181533592
"equi",0.246489827321345
"equi",0.178605622725728
"equi",0.0747091735179332
"equi",0.206915713205701
"equi",0.0697559743017346
"equi",0.0341509600989626
"equi",0.0765552190460007
"equi",0.0702346724593373
"equi",0.0591867678073478
"equi",0.0568553917548238
"equi",0.0528478124632643
"equi",0.0712003001744126
"equi",0.0557072415992398
"equi",0.0116161451651875
"equi",0.149778820979822
"equi",0.0723268540687397
"equi",0.0244913817926718
"equi",0.0589897420670456
"equi",0.0131234535412234
"equi",0.0939084259591628
"equi",0.0668851117725166
"equi",0.0309210977952533
"equi",0.0782916601312061
"equi",0.0448357401380527
"equi",0.150793414181557
"equi",0.0701769675024734
"equi",0.0960934557713569
"equi",0.129411852587807
"equi",0.000128611027133615
"equi",0.0513466863199692
"equi",0.169802757730971
"equi",0.0332991562758424
"equi",0.00985123709392216
"equi",0.0180180380293042
"equi",0.0294601073780088
"equi",0.0625780269846435
"equi",0.0262755646268313
"equi",0.0747851329403725
"equi",0.0307759214422019
"equi",0.0140586543991463
"equi",0.0511381096310433
"equi",0.0705689336482773
"equi",0.0132058474066728
"equi",0.126257402636611
"equi",0.10294008027943
"equi",0.0153985083772284
"equi",0.0267373163900858
"equi",0.0774472649748651
"equi",0.00732420229522128
"equi",0.082420717979612
"equi",0.116596735492472
"equi",0.056521217567163
"equi",0.0886822562899211
"equi",0.126971691361419
"equi",0.0596255873400742
"equi",0.0455140047364695
"equi",0.00059185238509403
"equi",0.033465527815678
"equi",0.0565708608611107
"equi",0.113496051205207
"equi",0.128184870377422
"equi",0.136403880602081
"equi",0.0559581756815045
"equi",0.0971870842939977
"equi",0.0685177367234006
"equi",0.0516511169310856
"equi",0.101306183950547
"equi",0.159276874261383
"equi",0.0910717167355076
"equi",0.157016776953006
"equi",0.0208741018890544
"equi",0.0195202209366314
"equi",0.0880515350917227
"equi",0.0378594751427202
"equi",0.232023881718613
"equi",0.046977047734053
"equi",0.0355210690030493
"equi",0.138652300465342
"equi",0.0858049548126392
"equi",0.0878215423635459
"equi",0.139367363661011
"equi",0.00948394052582799
"equi",0.0506983628802874
"equi",0.110882752459261
"equi",0.429285741116565
"equi",0.11209570789811
"equi",0.126853409484011
"equi",0.00654110229329999
"equi",0.153914847060692
"equi",0.0347021958387004
"equi",0.0893255901951271
"equi",0.0494860755532198
"equi",0.0411094891911623
"equi",0.0297512824176048
"equi",0.245843056241259
"equi",0.149446441958012
"equi",0.220922707888029
"equi",0.0377120760556921
"equi",0.137320916541133
"equi",0.177783167571496
"equi",0.0784324371353474
"equi",0.163450316662366
"equi",0.0276970179951146
"equi",0.0925658230556449
"equi",0.0945364962219187
"equi",0.0854751929563551
"equi",0.126652177195886
"equi",0.116264405758154
"equi",0.0663676636554358
"equi",0.000570999900271055
"equi",0.0554969137147275
"equi",0.0631129590797452
"equi",0.135854063537367
"equi",0.09376775662409
"equi",0.0356175161121743
"equi",0.0420832530470743
"equi",0.0194620383064925
"equi",0.123498628000419
"equi",0.106381096569888
"equi",0.073171668657326
"equi",0.170162947376242
"equi",0.132795262784656
"equi",0.0732128099822122
"equi",0.074645633445059
"equi",0.0598217527836856
"equi",0.0648052091946356
"equi",0.217561654645173
"equi",0.123067164223207
"equi",0.0754689684861279
"equi",0.180269082376315
"equi",0.04803400881327
"equi",0.0284373954661788
"equi",0.210621269877446
"equi",0.0306257086749034
"equi",0.0858968564462053
"equi",0.216708553551809
"equi",0.00761082686489023
"equi",0.062355129926354
"equi",0.227887881708714
"equi",0.0254998160424441
"equi",0.260839909733464
"equi",0.121968072302519
"equi",0.130041537335849
"equi",0.13621104054276
"equi",0.0873775659658245
"equi",0.0597174661485631
"equi",0.0793735417546448
"equi",0.00542994029888472
"equi",0.0305914276664302
"equi",0.0582345970464452
"equi",0.0496876233606225
"equi",0.00686766061629826
"equi",0.119911335646189
"equi",0.119639609663967
"equi",0.0777320648544751
"equi",0.106954022974317
"equi",0.0568990028183833
"equi",0.0648034709625632
"equi",0.221114205443789
"equi",0.0207937663859507
"equi",0.0203748080031422
"equi",0.117109838683058
"equi",0.0771142413347888
"equi",0.0348047975051388
"equi",0.0594724229681469
"equi",0.0926643468113435
"equi",0.0717141805072259
"equi",0.0471917742258223
"equi",0.0387974157478503
"equi",0.165993406232342
"equi",0.067588100842461
"equi",0.0490058923530847
"equi",0.0240759084414444
"equi",0.0182712286551494
"equi",0.0813284331208087
"equi",0.0612433986717111
"equi",0.0560450381977626
"equi",0.0515257350697265
"equi",0.100200512845792
"equi",0.047625044436932
"equi",0.0810505818482704
"equi",0.0136752944216316
"equi",0.000982229581577954
"equi",0.149024281621098
"equi",0.0237749920838451
"equi",0.047142413026359
"equi",0.0666372758007382
"equi",0.102198303991496
"equi",0.0294405771306103
"equi",0.0305082060069697
"equi",0.0884126639633556
"equi",0.0256531450602473
"equi",0.047653824376154
"equi",0.144105672620511
"equi",0.0797486822945172
"equi",0.0816260086809251
"equi",0.0611047875693583
"equi",0.103324575496565
"equi",0.108381881042288
"equi",0.108987872195222
"equi",0.0866166770168563
"equi",0.115419465092991
"equi",0.0681722595170407
"equi",0.0491651523857087
"equi",0.0627338074822138
"equi",0.051137544907576
"equi",0.0337813404665311
"equi",0.0101644931688927
"equi",0.0518181669199163
"equi",0.000753765342768081
"equi",0.037297632974377
"equi",0.0845626472098509
"equi",0.105565309189111
"equi",0.110691671113781
"equi",0.125918108259454
"equi",0.111942766215997
"equi",0.126664938945167
"equi",0.0702476364860877
"equi",0.0692632177729536
"equi",0.076028027985212
"equi",0.0244982606252079
"equi",0.0483991947906196
"equi",0.0658534782103547
"equi",0.0940341040268484
"equi",0.0812570703341068
"equi",0.0699157704695404
"equi",0.0565426350948902
"equi",0.00760873210401845
"equi",0.185473141924416
"equi",0.104567468585263
"equi",0.0175824114886475
"equi",0.191014202921776
"equi",0.169126056937101
"equi",0.0416886751984729
"equi",0.0184189729084068
"equi",0.174882889206596
"equi",0.0633120441061386
"equi",0.13523377542277
"equi",0.137725086777107
"equi",0.0443547660599784
"equi",0.0749641411542201
"equi",0.0235601847833667
"equi",0.0884925903075263
"equi",0.0334879341609801
"equi",0.00507571957289193
"equi",0.00420430674502872
"equi",0.0619374368473753
"equi",0.00335121415431641
"equi",0.0813430213582516
"equi",0.13707863430352
"equi",0.0759896713929564
"equi",0.0224488871878259
"equi",0.00964102472056355
"equi",0.0472169535172137
"equi",0.0398875134630746
"equi",0.0279815912069158
"equi",0.0324587253961295
"equi",0.0992441390643567
"equi",0.00496193400399653
"equi",0.0664846223217108
"equi",0.0180549268546635
"equi",0.13727940584362
"equi",0.0464439594514768
"equi",0.0242570700638249
"equi",0.1395917041459
"equi",0.0256462854737388
"equi",0.117890085628262
"equi",0.0684462855480878
"equi",0.0881011058618454
"equi",0.289066148996542
"equi",0.0217694116438586
"equi",0.0174200090381186
"equi",0.159223197133556
"equi",0.0732360646227289
"equi",0.00320642159527801
"equi",0.116659251372947
"equi",0.134759378792535
"equi",0.0240033154695204
"equi",0.035283779730179
"equi",0.14424777099153
"equi",0.000367063955683387
"equi",0.06669349223975
"equi",0.201451601694461
"equi",0.20341182027804
"equi",0.0436047382693035
"equi",0.298200668237126
"equi",0.107383418784514
"equi",0.191567325042591
"equi",0.377476076954552
"equi",0.130915620136097
"equi",0.033347745319246
"equi",0.150191770409035
"equi",0.0641498810648432
"equi",0.148796309360091
"equi",0.0567306856732528
"equi",0.0861270396983361
"equi",0.0733294743380025
"equi",0.0449819625264502
"equi",0.00809567271154849
"equi",0.0316216801256994
"equi",0.00412359705811538
"equi",0.106569749432473
"equi",0.115056502366741
"equi",0.0530098803901041
"equi",0.00626282764797978
"equi",0.133841370737587
"equi",0.0251251498760137
"equi",0.0660530239655308
"equi",0.0423329755288355
"equi",0.12237878831329
"equi",0.0763669307306706
"equi",0.100017503742399
"equi",0.0789419122119328
"equi",0.15417486783715
"equi",0.0821262213352834
"equi",0.00506328472029408
"equi",0.164442929713509
"equi",0.0123835150972372
"equi",0.0861434571457982
"equi",0.138769793553571
"equi",0.0438451225200497
"equi",0.0511520170867892
"equi",0.0103700883206861
"equi",0.0943661011174722
"equi",0.0515676869833632
"equi",0.0544526074832406
"equi",0.0655214225315113
"equi",0.0434712651224574
"equi",0.0142077253236035
"equi",0.0075621314338749
"equi",0.0165652933518122
"equi",0.0725586168499371
"equi",0.0117694690715841
"equi",0.0196229718127349
"equi",0.00103405510103312
"equi",0.0231436655258845
"equi",0.161429049979404
"equi",0.0867914296592294
"equi",0.0729987463905234
"equi",0.059864166750547
"equi",0.129119683452458
"equi",0.0282467269060717
"equi",0.0615615933140532
"equi",0.0452953380151736
"equi",0.027728410983464
"equi",0.111217501991082
"equi",0.0451769600445379
"equi",0.0801092012447716
"equi",0.115463834440424
"equi",0.0453329632787087
"equi",0.00876960001515432
"equi",0.0537421278290953
"equi",0.151013802458302
"equi",0.0769552041636526
"equi",0.0255485268166441
"equi",0.0564484062568606
"equi",0.0631115344694815
"equi",0.0444220328459331
"equi",0.0693623384701729
"equi",0.0087049655735614
"equi",0.0974047200884061
"equi",0.0680056926290156
"equi",0.139369774681225
"equi",0.0340902122819125
"equi",0.0840634667600082
"equi",0.01655264261887
"equi",0.0681823116944216
"equi",0.00905050184248152
"equi",0.0273851624873934
"equi",0.0534297121879136
"equi",0.0120340360466182
"equi",0.194596099821698
"equi",0.00518946328838976
"equi",0.0305674318998511
"equi",0.0593986199147117
"equi",0.13203034902193
"equi",0.00593961682497865
"equi",0.15207380071966
"equi",0.0261660261273725
"equi",0.0270781677738811
"equi",0.034034477190639
"equi",0.100808197409906
"equi",0.385031345406495
"equi",0.048990684037326
"equi",0.0403138427312875
"equi",0.179998813517918
"equi",0.0883899616414406
"equi",0.0167740927725202
"equi",0.167694594557831
"equi",0.164160974224835
"equi",0.171349157075302
"equi",0.233842963304304
"equi",0.0546915317722815
"equi",0.109687675824901
"equi",0.0127397728291769
"equi",0.035714329959706
"equi",0.0485718889859801
"equi",0.0357541244848575
"equi",0.0615102884853687
"equi",0.000318930501912978
"equi",0.205317983841429
"equi",0.0401461590558484
"equi",0.173062921305157
"equi",0.0452474915143309
"equi",0.0693629426018599
"equi",0.0139387925521498
"equi",0.057164955170732
"equi",0.0837062127877471
"equi",0.175859820179994
"equi",0.0480230803672746
"equi",0.104411200863844
"equi",0.0417404224689251
"equi",0.101222531018941
"equi",0.0300594748939074
"equi",0.204853855223683
"equi",0.0518622825160295
"equi",0.0863264166870656
"equi",0.197214842585622
"equi",0.0211680299917486
"equi",0.0379253333806734
"equi",0.187625045928452
"equi",0.0254024768326018
"equi",0.059910792051443
"equi",0.0809549847003651
"equi",0.043030469583124
"equi",0.0394779038197239
"equi",0.0155468938403555
"equi",0.176992574665479
"equi",0.012540883406039
"equi",0.0255409413359839
"equi",0.105170250271928
"equi",0.0138833353692606
"equi",0.163839987102738
"equi",0.0453752173607992
"equi",0.0848151748879514
"equi",0.225405686497064
"equi",0.0578347529474005
"equi",0.0893006631450316
"equi",0.16365174284573
"equi",0.128114032774062
"equi",0.0633720863051807
"equi",0.197157880122075
"equi",0.130585597831617
"equi",0.187654016263631
"equi",0.165614095926617
"equi",0.174821716626367
"equi",0.154789401264145
"equi",0.0313396922058871
"equi",0.0461304991724235
"equi",0.145735846807798
"equi",0.085215649915791
"equi",0.0624497632430829
"equi",0.0937247966435015
"equi",0.0939708583809548
"equi",0.153928378616729
"equi",0.0853377617139758
"equi",0.0800791406902836
"equi",0.0918495807951432
"equi",0.0782006919396524
"equi",0.0521989320446037
"equi",0.0697323548291077
"equi",0.0200502293734649
"equi",0.0463074694842295
"equi",0.000163250908454232
"equi",0.0904305763485237
"equi",0.0105636879205805
"equi",0.124281944798425
"equi",0.114341341797931
"equi",0.0974634519606837
"equi",0.104566823350302
"equi",0.0372039407128836
"equi",0.112090764107356
"equi",0.0382231188190117
"equi",0.0322775898759832
"equi",0.0425245823793436
"equi",0.0583277862662666
"equi",0.0325793565726439
"equi",0.0360310707583699
"equi",0.058157523456764
"equi",0.0690814318998631
"equi",0.0599393167098564
"equi",0.0251277495512051
"equi",0.0167326635994544
"equi",0.0333856257013827
"equi",0.0159625757645038
"equi",0.0675752406011654
"equi",0.0450151059040171
"equi",0.0334514781911696
"equi",0.0851131215870404
"equi",0.0292149125864397
"equi",0.00466662120660696
"equi",0.153213568293345
"equi",0.0464096929639251
"equi",0.0226508473580657
"equi",0.0653112768764804
"equi",0.141252136829764
"equi",0.0328274162071619
"equi",0.0523105027487826
"equi",0.130532580074719
"equi",0.167532120172408
"equi",0.0999200520997489
"equi",0.0005473177992492
"equi",0.0148145419524044
"equi",0.000265596386664083
"equi",0.0788529324209041
"equi",0.0781365602673114
"equi",0.0548669030290437
"equi",0.0555005549855472
"equi",0.0324167500699262
"equi",0.0265116750906001
"equi",0.126907855137506
"equi",0.112865086042174
"equi",0.0746052445256117
"equi",0.0117010234418584
"equi",0.0277870163240219
"equi",0.155005308111718
"equi",0.0540252392874847
"equi",0.0725453230939824
"equi",0.0455915193400451
"equi",0.0705023653828289
"equi",0.0632553041554824
"equi",0.0270267918313526
"equi",0.0960804317817355
"equi",0.0152518483549249
"equi",0.112013898487515
"equi",0.0756000773739387
"equi",0.0378294998151757
"equi",0.110653934727811
"equi",0.04850927166317
"equi",0.053113513187062
"equi",0.0500016957200911
"equi",0.174707830590172
"equi",0.0624858491944703
"equi",0.217517466815565
"equi",0.0563655903542073
"equi",0.0951857197113506
"equi",0.234590849352065
"equi",0.147419548797932
"equi",0.0453572409613025
"equi",0.0115203396571287
"equi",0.0483254362897738
"equi",0.210742528685632
"equi",0.107271328158949
"equi",0.0137209345291971
"equi",0.23105658262411
"equi",0.0846693406612978
"equi",0.133754960578274
"equi",0.143622399248629
"equi",0.062555571328937
"equi",0.0420831966913756
"equi",0.154137441582019
"equi",0.0813307165928426
"equi",0.233178272490941
"equi",0.12448819829204
"equi",0.167512370632367
"equi",0.0768704887813498
"equi",0.178622738595826
"equi",0.117454195299936
"equi",0.0402641783757682
"equi",0.00275778766245827
"equi",0.053626792796706
"equi",0.0641432990945019
"equi",0.116579663802057
"equi",0.120901549002829
"equi",0.0976156372448678
"equi",0.023472322251004
"equi",0.0319540552577171
"equi",0.0277976024954322
"equi",0.0327153803277888
"equi",0.0655883499629173
"equi",0.0796872638484955
"equi",0.0531814585915628
"equi",0.159450847125362
"equi",0.129083614704392
"equi",0.0778785418162059
"equi",0.0223923924629589
"equi",0.0768295474089327
"equi",0.00505123455410356
"equi",0.294425728863184
"equi",0.0729709409690784
"equi",0.0578982392478371
"equi",0.125257180447098
"equi",0.0888801878222361
"equi",0.0788027789122347
"equi",0.0350244605459199
"equi",0.0778489762193547
"equi",0.0159869490488462
"equi",0.0710518816478081
"equi",0.0680663055728866
"equi",0.0384326306115111
"equi",0.230121254267697
"equi",0.091315339180644
"equi",0.121524834396859
"equi",0.0655639836131797
"equi",0.0432545796364866
"equi",0.0406693550024458
"equi",0.0827164352171691
"equi",0.0719241588748473
"equi",0.0255698405705067
"equi",0.111527675138157
"equi",0.0804313676706861
"equi",0.052352284220954
"equi",0.0318567288284856
"equi",0.0301836747200679
"equi",0.0408281358114314
"equi",0.0786493827639572
"equi",0.0725320427012398
"equi",0.050670899602341
"equi",0.0385755748441492
"equi",0.0731756668302225
"equi",0.0502428901435951
"equi",0.0580518572459441
"equi",0.0344026090153418
"equi",0.0763370841085031
"equi",0.178128109293029
"equi",0.152255329382375
"equi",0.0509538919142574
"equi",0.113764071676093
"equi",0.159829980626053
"equi",0.150725535878547
"equi",0.0387158523114438
"equi",0.0764341248356956
"equi",0.00746310903743588
"equi",0.0395879138916322
"equi",0.0617340208915521
"equi",0.0110636843421004
"equi",0.0119817513480501
"equi",0.120259819993345
"equi",0.0952414084535551
"equi",0.0314648070201966
"equi",0.110729290484436
"equi",0.013806734896055
"equi",0.0908376471685863
"equi",0.0490142420817152
"equi",0.0683091017287046
"equi",0.103448621873545
"equi",0.125665236536866
"equi",0.0489144939641818
"equi",0.126402917660443
"equi",0.0906956008184566
"equi",0.0862843586656214
"equi",0.0675834778611784
"equi",0.0485984284080093
"equi",0.0815179744016942
"equi",0.104987791104288
"equi",0.0945759367498283
"equi",0.0501571613980206
"equi",0.135756971703417
"equi",0.057561054748341
"equi",0.0360974311955159
"equi",0.0665625340571559
"equi",0.0494605109179785
"equi",0.0412087030037079
"equi",0.073411995256322
"equi",0.0351388332487541
"equi",0.0139959699634158
"equi",0.111350106002281
"equi",0.0534408789755714
"equi",0.0625872399431926
"equi",0.0126888450847965
"equi",0.260911184733135
"equi",0.186605735686904
"equi",0.0214052172746238
"equi",0.324877275391667
"equi",0.0842391852543465
"equi",0.193976819318161
"equi",0.195179288362489
"equi",0.186636736170524
"equi",0.00939439941849718
"equi",0.140492636421192
"equi",0.127507656693026
"equi",0.0116612018260631
"equi",0.0134902692008556
"equi",0.232376340123522
"equi",0.115217724836336
"equi",0.0338466181556214
"equi",0.0215096820397362
"equi",0.0800664992814529
"equi",0.0111206289608126
"equi",0.0772745055324336
"equi",0.124504565138567
"equi",0.0792049657261936
"equi",0.071413248316262
"equi",0.00818428643049793
"equi",0.0190671221421929
"equi",0.233208345483245
"equi",0.00542829544657589
"equi",0.0232840285017239
"equi",0.0644816274831092
"equi",0.0453720651100377
"equi",0.0668422161741284
"equi",0.0399760936542801
"equi",0.142834944976493
"equi",0.014935812383776
"equi",0.142783067219609
"equi",0.121264685572338
"equi",0.00326678816609532
"equi",0.120754138434856
"equi",0.0168910467581025
"equi",0.0722961652908983
"equi",0.051099256312012
"equi",0.0705027619934242
"equi",0.0661401851004361
"equi",0.0427063844959185
"equi",0.0775471779850166
"equi",0.0086591253839913
"equi",0.0109852595054238
"equi",0.121188902469885
"equi",0.0712213268785881
"equi",0.00743403993759154
"equi",0.00997592138595382
"equi",0.0515582843826774
"equi",0.0953389993804655
"equi",0.0925149892988071
"equi",0.0999870858005204
"equi",0.0164653585844674
"equi",0.0310256936768556
"equi",0.0865392744843229
"equi",0.0683212468775989
"equi",0.0870608601764095
"equi",0.035332476201242
"equi",0.0128418978905944
"equi",0.0440343287018086
"equi",0.0122498231085987
"equi",0.0330518167970927
"equi",0.0346462446307556
"equi",0.057735271989801
"equi",0.0319665519848541
"equi",0.133430932753445
"equi",0.0581149645478954
"equi",0.0301883436007772
"equi",0.0130968342090019
"equi",0.0624916834470652
"equi",0.0505655735043273
"equi",0.0111314859761918
"equi",0.0444170226439967
"equi",0.214354023902238
"equi",0.00602483660930136
"equi",0.09026012096217
"equi",0.0957258451392106
"equi",0.096870584555011
"equi",0.0423015262349041
"equi",0.027694523403898
"equi",0.0204469653563881
"equi",0.0274020798335348
"equi",0.0101981958888609
"equi",0.0326359591596074
"equi",0.0583342280179907
"equi",0.191876400351583
"equi",0.014045904595194
"equi",0.105716749916015
"equi",0.0996442855460694
"equi",0.00819258198367989
"equi",0.0845159574038915
"equi",0.0546227230697567
"equi",0.0356858961174544
"equi",0.053907143893703
"equi",0.0251140807802183
"equi",0.0156253604890184
"equi",0.0605966399229318
"equi",0.0575985979404639
"equi",0.0031402049171494
"equi",0.0533181970168433
"equi",0.0869044647008136
"equi",0.0618646905479844
"equi",0.000779132676547209
"equi",0.0448815384792126
"equi",0.0319798158915218
"equi",0.0186677425763485
"equi",0.0414290901935814
"equi",0.0968967069259472
"equi",0.00197103568279547
"equi",0.0327283280714866
"equi",0.0513865851980055
"equi",0.0838829346460182
"equi",0.00742957874089522
"equi",0.0730085731029901
"equi",0.15973591232871
"equi",0.0705713229308383
"equi",0.00258040462902312
"equi",0.0651929998120513
"equi",0.111433996980813
"equi",0.0285752308602962
"equi",0.223145300851873
"equi",0.00672267049081707
"equi",0.068681827035682
"equi",0.0637175929886954
"equi",0.0440433179071904
"equi",0.00122935437230859
"equi",0.0691230388907093
"equi",0.100049357317563
"equi",0.000815160283876154
"equi",0.101735212741748
"equi",0.0382985189231206
"equi",0.0661167503245926
"equi",0.0272108986106232
"equi",0.0951307772590607
"equi",0.0918830872125996
"equi",0.153399554545465
"equi",0.0421876123219607
"equi",0.095029606963832
"equi",0.0365506793586617
"equi",0.0484562144760345
"equi",0.0827081746065498
"equi",0.0970067025595018
"equi",0.0202832838825913
"equi",0.0879928767616394
"equi",0.0162347638307149
"equi",0.0766994664569968
"equi",0.0417669509299491
"equi",0.00975943491148736
"equi",0.0711740157765483
"equi",0.0142291839248083
"equi",0.0640750487986734
"equi",0.110756506753157
"equi",0.102964104415247
"equi",0.0127911347594188
"equi",0.0705400483968787
"equi",0.0382790439696204
"equi",0.00470540557033658
"equi",0.125099528224669
"equi",0.0363869482302596
"equi",0.0514577013968461
"equi",0.061841528219805
"equi",0.093232404672509
"equi",0.00147535198182736
"equi",0.0756360131301779
"equi",0.00488669824563911
"equi",0.128706380591909
"equi",0.00857995434070345
"equi",0.0565893100573873
"equi",0.00610269693672896
"equi",0.0377970196046639
"equi",0.206591385502403
"equi",0.361945831097364
"equi",0.0387342085323492
"equi",0.201892553997815
"equi",0.144904530832227
"equi",0.0559337636964511
"equi",0.0262280077860675
"equi",0.119701989559987
"equi",0.0733227777190731
"equi",0.25102652055756
"equi",0.00450909600441479
"equi",0.180140257350899
"equi",0.140771993283238
"equi",0.148558040621509
"equi",0.0474105066904351
"equi",0.0754343212654977
"equi",0.0140855848115462
"equi",0.0169303979784542
"equi",0.086792328903919
"equi",0.0546714905803484
"equi",0.0666650956378342
"equi",0.0691164347583626
"equi",0.0586829667287774
"equi",0.0383157380268465
"equi",0.10125706774691
"equi",0.0444345404864761
"equi",0.0414664515012168
"equi",0.0842006758551987
"equi",0.112585323103056
"equi",0.27242258377276
"equi",0.0472874618881878
"equi",0.00605808343331696
"equi",0.0270786711499356
"equi",0.159392487556783
"equi",0.153468628441054
"equi",0.0557121257796031
"equi",0.238220562033287
"equi",0.0586447099396517
"equi",0.11551319250631
"equi",0.157094068847835
"equi",0.0591805456721172
"equi",0.066037629172753
"equi",0.0924854875231239
"equi",0.0728325501682834
"equi",0.0819969371513743
"equi",0.0937283866286384
"equi",0.191191244121149
"equi",0.178230317181643
"equi",0.0119188291922056
"equi",0.143392735146078
"equi",0.0232520510074885
"equi",0.0535959424519887
"equi",0.243569269201472
"equi",0.0815322522441956
"equi",0.162495958594388
"equi",0.110759559725915
"equi",0.160223447167458
"equi",0.158245705545767
"equi",0.138148077695037
"equi",0.0152569086104177
"equi",0.0121528392146434
"equi",0.122862128671709
"equi",0.170680418231129
"equi",0.0474080736409732
"equi",0.0781337346014735
"equi",0.232149061499371
"equi",0.0223147086309966
"equi",0.0403291117699499
"equi",0.234680559967007
"equi",0.0159786156669321
"equi",0.269521436007304
"equi",0.134172917156841
"equi",0.0409449612240772
"equi",0.0267625355647483
"equi",0.103248070959575
"equi",0.0289824435936925
"equi",0.299353893927672
"equi",0.00509118992620673
"equi",0.104400603336108
"equi",0.164307725238448
"equi",0.0330813416208059
"equi",0.0655468764147939
"equi",0.187309707693436
"equi",0.0269466077708249
"equi",0.102740302124317
"equi",0.0468549613751817
"equi",0.0637791591429969
"equi",0.0160230501329286
"equi",0.0702927923944837
"equi",0.148827107860963
"equi",0.375277628643879
"equi",0.15716309380878
"equi",0.0345541944106905
"equi",0.0482773104661972
"equi",0.196167784963128
"equi",0.0679200496433231
"equi",0.0862490821195529
"equi",0.30087859192203
"equi",0.144896051515058
"equi",0.216823589537885
"equi",0.154603230555906
"equi",0.0826137218181
"equi",0.0369712992553964
"equi",0.0675442457971439
"equi",0.0675682849752648
"equi",0.0116745881685333
"equi",0.0316632126344039
"equi",0.25437504314015
"equi",0.21413149180543
"equi",0.102326193256862
"equi",0.302161800520214
"equi",0.0809689717180358
"equi",0.111081139064864
"equi",0.0975880524392695
"equi",0.159262540205839
"equi",0.0016687287262982
"equi",0.0542407117421098
"equi",0.0048248210586027
"equi",0.0635004235097286
"equi",0.0169600982752825
"equi",0.0593225190225881
"equi",0.0287349069831338
"equi",0.0018035321316564
"equi",0.0273894735405703
"equi",0.0210534401242667
"equi",0.0233802428261996
"equi",0.0334012453332473
"equi",0.0036318380148275
"equi",0.0509493697748829
"equi",0.0439501537033703
"equi",0.0203419832207081
"equi",0.0406059145519126
"equi",0.263851165313637
"equi",0.0444172755535565
"equi",0.0621009828907792
"equi",0.00905882345451881
"equi",0.173050569623452
"equi",0.0229397251442235
"equi",0.0549107566052819
"equi",0.157404203462528
"equi",0.101527175809624
"equi",0.0928062519145482
"equi",0.115062877805336
"equi",0.0402029564554359
"equi",0.0826700009735328
"equi",0.140956718316631
"equi",0.0212039682328118
"equi",0.0645947510849632
"equi",0.026862188722581
"equi",0.0441749276192157
"equi",0.0182346271615541
"equi",0.0255104688129729
"equi",0.115454519086283
"equi",0.016885410733089
"equi",0.0489120930185939
"equi",0.183993932972894
"equi",0.122627402171456
"equi",0.0516672161741969
"equi",0.00154097952631838
"equi",0.057401990929423
"equi",0.0915664571594686
"equi",0.0398069912815891
"equi",0.0806617970553868
"equi",0.0589983580211569
"equi",0.140618038922971
"equi",0.056248393733734
"equi",0.0304937179172123
"equi",0.145350657895688
"equi",0.0175055617064405
"equi",0.0406333149568513
"equi",0.040456285962296
"equi",0.154956846999891
"equi",0.175914656132237
"equi",0.109709945746494
"equi",0.0646046050230541
"equi",0.119075607455202
"equi",0.110081868763688
"equi",0.0437837868805979
"equi",0.0545613042646517
"equi",0.0740372280978179
"equi",0.00865868225324423
"equi",0.000351018784872342
"equi",0.0744792461634594
"equi",0.098390565580176
"equi",0.01867890397815
"equi",0.070945309950373
"equi",0.0204163105096156
"equi",0.0839337148090264
"equi",0.0501672468345287
"equi",0.000695797418411165
"equi",0.0706044520380545
"equi",0.0930468619928448
"equi",0.0545392885258856
"equi",0.0146238624421249
"equi",0.020048753712077
"equi",0.11950981049979
"equi",0.101319253746732
"equi",0.0448646392600748
"equi",0.00854181242149871
"equi",0.146855978278312
"equi",0.173483647888674
"equi",0.0757408738585569
"equi",0.140497525985015
"equi",0.134466950577737
"equi",0.0288129637337334
"equi",0.0347191772004823
"equi",0.0247162735680211
"equi",0.166958152300934
"equi",0.0466382353530809
"equi",0.00328417865313096
"equi",0.00104211605336034
"equi",0.0201781350099981
"equi",0.0131128206423944
"equi",0.0125856173475917
"equi",0.0504886922099609
"equi",0.0330094546129477
"equi",0.0302089605293209
"equi",0.0139585148896465
"equi",0.0998283486995864
"equi",0.160297872935462
"equi",0.071003441902136
"equi",0.126454606488919
"equi",0.117743787444371
"equi",0.0358702266141953
"equi",0.0822261785992577
"equi",0.122555290291637
"equi",0.102535102050847
"equi",0.104115558889504
"equi",0.0531125876680223
"equi",0.122648895855207
"equi",0.0864205446849424
"equi",0.00852507893410762
"equi",0.011534678017116
"equi",0.164900910220101
"equi",0.0408363090773857
"equi",0.0175826024308853
"equi",0.0424823420291121
"equi",0.105961617184383
"equi",0.0990040040180244
"equi",0.0525481216035644
"equi",0.0259758997278753
"equi",0.110285752698419
"equi",0.0772349183441311
"equi",0.0291019472672287
"equi",0.100750229986026
"equi",0.170712330185676
"equi",0.0953047798441798
"equi",0.030735103298469
"equi",0.0482224711353615
"equi",0.102810498699962
"equi",0.118479455057132
"equi",0.080121540147096
"equi",0.027877128382332
"equi",0.116514344544427
"equi",0.116561776590455
"equi",0.0976424475772888
"equi",0.0128323486748159
"equi",0.285478148271849
"equi",0.131799445535677
"equi",0.134825098549901
"equi",0.175563672128908
"equi",0.0701683360652339
"equi",0.126395524058068
"equi",0.0199313651454717
"equi",0.142404496334139
"equi",0.0251416088904168
"equi",0.0844765767397216
"equi",0.0586454842702687
"equi",0.0581633811747057
"equi",0.0556580876344228
"equi",0.0390973815786219
"equi",0.108966029382982
"equi",0.0741556751394347
"equi",0.0355296520367104
"equi",0.0147719901363638
"equi",0.0688598175500775
"equi",0.0856347635076381
"equi",0.0505979697139543
"equi",0.0472425711730599
"equi",0.121975772785949
"equi",0.0324907301915557
"equi",0.023133711308609
"equi",0.00364616843892326
"equi",0.146995538435813
"equi",0.0706970117783778
"equi",0.107278637397977
"equi",0.112233317461318
"equi",0.070731237969379
"equi",0.0598427441795737
"equi",0.105885051546168
"equi",0.0210144818146594
"equi",0.0418740172157193
"equi",0.0576993536459618
"equi",0.0561573587732476
"equi",0.215239620497956
"equi",0.0779628166297956
"equi",0.151767280671124
"equi",0.0370111116739026
"equi",0.0962106989187445
"equi",0.0160106914591573
"equi",0.0708477887229917
"equi",0.0866515760009664
"equi",0.108707786031751
"equi",0.000832777910697663
"equi",0.0296870456479504
"equi",0.028608569438972
"equi",0.108069950557026
"equi",0.044647049455053
"equi",0.0185296526410542
"equi",0.0110492493030109
"equi",0.0283953828400493
"equi",0.00178194082247575
"equi",0.000831665274395328
"equi",0.0862594737738619
"equi",0.138915868267746
"equi",0.0677879543539847
"equi",0.0432376104979004
"equi",0.0910362233693544
"equi",0.126187631719392
"equi",0.00602661761648329
"equi",0.00588245623499817
"equi",0.108302316698936
"equi",0.0740592187684567
"equi",0.150037677473047
"equi",0.173840595472001
"equi",0.142148113476548
"equi",0.0371318929451824
"equi",0.0300280275130092
"equi",0.25007947495025
"equi",0.100663012376726
"equi",0.0472711029500452
"equi",0.0104884578780586
"equi",0.0684708020560141
"equi",0.0563065987644196
"equi",0.0179404680136621
"equi",0.118875396794236
"equi",0.0530078194894649
"equi",0.0701446640863314
"equi",0.00499165165968626
"equi",0.0307453447988545
"equi",0.13711939551005
"equi",0.0499197739514222
"equi",0.135028513130143
"equi",0.0752982959247395
"equi",0.163833892689852
"equi",9.83485936277839e-05
"equi",0.0672622985929579
"equi",0.171520958008263
"equi",0.0150197652191605
"equi",0.0311424504741394
"equi",0.0383525093895346
"equi",0.0243455739540319
"equi",0.131377386520759
"equi",0.0626443190141776
"equi",0.108195082226893
"equi",0.020032598869352
"equi",0.0652583823385446
"equi",0.0328645588657074
"equi",0.0338982208471411
"equi",0.0856252953243083
"equi",0.00541940092468623
"equi",0.0160460495270667
"equi",0.00906315592407256
"equi",0.0403333641700897
"equi",0.0428068215057514
"equi",0.0352159152182893
"equi",0.124779852551853
"equi",0.0510839976224136
"equi",0.00962448114211378
"equi",0.228395938442052
"equi",0.0101086400908692
"equi",0.0278827500771834
"equi",0.216620414366854
"equi",0.0721020185869724
"equi",0.00677549144399936
"equi",0.0265824526146496
"equi",0.0589446367128001
"equi",0.0401020109678364
"equi",0.0778215306867173
"equi",0.0801188595275602
"equi",0.0894785164639927
"equi",0.0789518387124556
"equi",0.105797678685393
"equi",0.138637714884432
"equi",0.0380504731492058
"equi",0.0518374982667979
"equi",0.0067019451184628
"equi",0.134050313208635
"equi",0.0874786007652105
"equi",0.108315558372775
"equi",0.0353876821576867
"equi",0.141969715559319
"equi",0.140688134467681
"equi",0.141975484807361
"equi",0.157580977015443
"equi",0.124201761906059
"equi",0.0551525001251957
"equi",0.128831807030067
"equi",0.129202658848812
"equi",0.0409024053284748
"equi",0.0122927653186198
"equi",0.07494053988886
"equi",0.105998098733283
"equi",0.00370334840418052
"equi",0.0541423757176429
"equi",0.00641221074025714
"equi",0.122517409510227
"equi",0.125219140051601
"equi",0.189508023934954
"equi",0.048617551984596
"equi",0.0333492385268896
"equi",0.0244083645168438
"equi",0.124428191130096
"equi",0.0458864509677305
"equi",0.0253236711275008
"equi",0.108789391069567
"equi",0.065163002693073
"equi",0.0833376009892891
"equi",0.0968300286807628
"equi",0.0356261604034253
"equi",0.0487312110062902
"equi",0.0371758053677577
"equi",0.0984372505557519
"equi",0.0559512348265643
"equi",0.00174529347671812
"equi",0.211211025078184
"equi",0.128004201131135
"equi",0.0127919360692635
"equi",0.0405167744019226
"equi",0.0467037619977121
"equi",0.111717223303649
"equi",0.0738491282262397
"equi",0.204172347350586
"equi",0.128237064852364
"equi",0.166807850225825
"equi",0.125132099919823
"equi",0.15848522574245
"equi",0.146534342874909
"equi",0.0982407747230983
"equi",0.034141198734901
"equi",0.0791883116746988
"equi",0.12478907080116
"equi",0.228076666990132
"equi",0.0137763631578169
"equi",0.0880691914304351
"equi",0.0291375933269681
"equi",0.000905247821168631
"equi",0.146949656532844
"equi",0.0796196109727686
"equi",0.12306808044068
"equi",0.0251850123863666
"equi",0.143305018280888
"equi",0.00982154557701675
"equi",0.0871221019032184
"equi",0.0538222005869733
"equi",0.0378962533374271
"equi",0.110518362160727
"equi",0.0156831182420387
"equi",0.112399224397063
"equi",0.111772313956603
"equi",0.166109085419187
"equi",0.0643232881061563
"equi",0.0748004484928785
"equi",0.103187797597701
"equi",0.0398242190444182
"equi",0.0492782856837406
"equi",0.00723130348113665
"equi",0.104375957041872
"equi",0.0735307881340275
"equi",0.0954663007223087
"equi",0.13285343323317
"equi",0.0642880843350494
"equi",0.0717992561508665
"equi",0.0296103236216699
"equi",0.0258917883809883
"equi",0.0133780815907714
"equi",0.00615184503394176
"equi",0.139334956089418
"equi",0.0703654742801288
"equi",0.0466362664748736
"equi",0.0596612345674523
"equi",0.0573441513321585
"equi",0.098468259344022
"equi",0.0823982825820123
"equi",0.0103772552508586
"equi",0.0838039069100586
"equi",0.0313461878217347
"equi",0.0464776564940952
"equi",0.0833987050520622
"equi",0.0333456989991546
"equi",0.0734958572979368
"equi",0.163349791134088
"equi",0.00815264688756029
"equi",0.106157741366547
"equi",0.090799769041462
"equi",0.0804542022139045
"equi",0.0163839601134289
"equi",0.0550253233178728
"equi",0.0828255842350932
"equi",0.0921631033277448
"equi",0.12665534733449
"equi",0.142409918046665
"equi",0.0853183787490696
"equi",0.249485873653771
"equi",0.120360149029054
"equi",0.0373234509423315
"equi",0.179971495420767
"equi",0.0368083664882828
"equi",0.0785876322904867
"equi",0.148819509417204
"equi",0.0741202748917441
"equi",0.0473914628895208
"equi",0.14273425324407
"equi",0.0933741985032303
"equi",0.165767798681867
"equi",0.0405946620326176
"equi",0.226701023903197
"equi",0.136869495100562
"equi",0.00275419191202982
"equi",0.00986632052005829
"equi",0.0231750607220595
"equi",0.0680494086215572
"equi",0.0129899064635442
"equi",0.157058446057867
"equi",0.0167090380210358
"equi",0.000134144483090792
"equi",0.306529989185788
"equi",0.0422533284096845
"equi",0.176794132454341
"equi",0.297796722857562
"equi",0.187312160222455
"equi",0.0635867863247719
"equi",0.174903641735877
"equi",0.0574745450993994
"equi",0.0639631762178138
"equi",0.01041645924566
"equi",0.0501862795337802
"equi",0.252584520440094
"equi",0.124343377316126
"equi",0.0580265793899911
"equi",0.0880111414490292
"equi",0.0481895887198014
"equi",0.147660835877149
"equi",0.0431205234288746
"equi",0.068473257786256
"equi",0.0465377715513363
"equi",0.0140287065172861
"equi",0.00187983701089092
"equi",0.168837174795146
"equi",0.0868663733500571
"equi",0.0816391316182293
"equi",0.115213565514175
"equi",0.00021452216791995
"equi",0.0595231504633392
"equi",0.0593263820564358
"equi",0.0537628441597932
"equi",0.0991640873479559
"equi",0.0980106218898761
"equi",0.0889234974082711
"equi",0.0121650604022981
"equi",0.147511589546715
"equi",0.0223104515634719
"equi",0.0511383223403801
"equi",0.150712720478471
"equi",0.0873289745589585
"equi",0.0539187755655462
"equi",0.033520129153495
"equi",0.110001715978505
"equi",0.00542929767943001
"equi",0.101007467654185
"equi",0.125837175546279
"equi",0.0138036756879666
"equi",0.0116243307555363
"equi",0.0211204746789004
"equi",0.142258414558416
"equi",0.198319203625801
"equi",0.00471662698690745
"equi",0.108913007871271
"equi",0.10242739363179
"equi",0.00891802227276145
"equi",0.0887101616669635
"equi",0.135240147561462
"equi",0.0846215199414705
"equi",0.0869207299941513
"equi",0.0212940466247248
"equi",0.155226040537779
"equi",0.0641791717462145
"equi",0.0251375513996112
"equi",0.10882730506864
"equi",0.0494139050712949
"equi",0.0904929173295327
"equi",0.0210279045560799
"equi",0.150186412135963
"equi",0.100537596428412
"equi",0.212087419618209
"equi",0.37944227845375
"equi",0.0805623814591433
"equi",0.226176691132502
"equi",0.210875147563363
"equi",0.0512641356785461
"equi",0.010141557707626
"equi",0.0636996103684343
"equi",0.120195553549513
"equi",0.0354393682277753
"equi",0.0165238410555713
"equi",0.0551444865389773
"equi",0.0973042485514306
"equi",0.0332023851360502
"equi",0.151573112659685
"equi",0.0325683366286706
"equi",0.0702165504033607
"equi",0.0689019462507993
"equi",0.0641275417785398
"equi",0.04915928748835
"equi",0.00286244267033392
"equi",0.139676632521104
"equi",0.0692985170848674
"equi",0.00722087949214956
"equi",0.158709250605196
"equi",0.0678447055169546
"equi",0.0589270629100389
"equi",0.0770070008547472
"equi",0.117103215899122
"equi",0.122700926919652
"equi",0.201160091742285
"equi",0.0428683002818683
"equi",0.0855271345866399
"equi",0.21328761838544
"equi",0.0926880387704316
"equi",0.133106902685418
"equi",0.00984101043473687
"equi",0.150411582570756
"equi",0.0106536506525789
"equi",0.0204171601913404
"equi",0.262486834113398
"equi",0.214485200971466
"equi",0.0320562980879796
"equi",0.115218126532554
"equi",0.0762745212462575
"equi",0.0625361282139351
"equi",0.108627117866461
"equi",0.0445368286808301
"equi",0.0521393408475128
"equi",0.122356624331843
"equi",0.0230435235203799
"equi",0.0386738179349808
"equi",0.00549736400805628
"equi",0.122092609712435
"equi",0.0257450652066269
"equi",0.0473081691682196
"equi",0.136381222883765
"equi",0.0413741009439724
"equi",0.0325592193035773
"equi",0.10431979675335
"equi",0.146240170823014
"equi",0.0315163088654116
"equi",0.108848707383673
"equi",0.0417920613509534
"equi",0.0406110383082416
"equi",0.0659813412207664
"equi",0.0429761119536654
"equi",0.143454897116365
"equi",0.0338383137246959
"equi",0.0684870352631274
"equi",0.0278495886957607
"equi",0.140639467645526
"equi",0.188079321221813
"equi",0.133238355522357
"equi",0.0310804502074034
"equi",0.171770216364091
"equi",0.143830409443975
"equi",0.0191637626376276
"equi",0.1861262141484
"equi",0.0316829550552758
"equi",0.0405344369059
"equi",0.123483574985339
"equi",0.0125273432069491
"equi",0.07397249360561
"equi",0.10425141673725
"equi",0.03998295964261
"equi",0.114633760783137
"equi",0.0111494281478332
"equi",0.0996944485429875
"equi",0.0136286443602333
"equi",0.0981632315032354
"equi",0.0950064752080468
"equi",0.0329392401119292
"equi",0.103570173665694
"equi",0.0486170023570894
"equi",0.0949906074023261
"equi",0.168324376736176
"equi",0.000516729112958553
"equi",0.103999904183117
"equi",0.101811553905998
"equi",0.0650517121463264
"equi",0.0181823821783526
"equi",0.0300760761715224
"equi",0.0891530902463483
"equi",0.0658758073780091
"equi",0.013520923403263
"equi",0.118477131216095
"equi",0.00203286678775874
"equi",0.00739592565231657
"equi",0.0555319058909653
"equi",0.0384906003739354
"equi",0.0128306932414154
"equi",0.00730581147718831
"equi",0.0307512689952696
"equi",0.0016793672769943
"equi",0.117681689454479
"equi",0.0766326044097458
"equi",0.027179239166143
"equi",0.0379308251815835
"equi",0.0782964130506149
"equi",0.189951420709676
"equi",0.0577854770625595
"equi",0.00434968241096939
"equi",0.0460842333528189
"equi",0.0286320729315861
"equi",0.132549970122107
"equi",0.00731881007918966
"equi",0.0399560292379078
"equi",0.0379753429099086
"equi",0.129134803805723
"equi",0.0515642766630022
"equi",0.0237268650622407
"equi",0.043556891698579
"equi",0.149694377052763
"equi",0.115130008513996
"equi",0.0892141958454726
"equi",0.0138579265094676
"equi",0.0488924572652055
"equi",0.0106507643356248
"equi",0.167447351596476
"equi",0.020700519898693
"equi",0.0210718823177331
"equi",0.0613657465810279
"equi",0.00254231224229087
"equi",0.0190066359006143
"equi",0.124084432284643
"equi",0.0192503869738698
"equi",0.0684153914954851
"equi",0.184497493978256
"equi",0.0316773824437059
"equi",0.126865573597209
"equi",0.0432948943655875
"equi",0.0658873774538686
"equi",0.192023164796031
"equi",0.0349972324391908
"equi",0.143858496036889
"equi",0.0544947886611159
"equi",0.0847152218736036
"equi",0.102154903484986
"equi",0.0523763389797683
"equi",0.0878737730557353
"equi",0.0709729144145182
"equi",0.0859385769293656
"equi",0.0505061887222903
"equi",0.0346739007466462
"equi",0.0432540233693638
"equi",0.0569545402013393
"equi",0.0315311729513117
"equi",0.0673778871558525
"equi",0.0417009443201528
"equi",0.0930268617537855
"equi",0.0113521784284332
"equi",0.0437936932388683
"equi",0.0394259985245645
"equi",0.0966477054229163
"equi",0.0332106497482172
"equi",0.0446768414392217
"equi",0.117464302352953
"equi",0.00513488743092694
"equi",0.0920262983409098
"equi",0.00358529028347718
"equi",0.0726724819522056
"equi",0.01269475025821
"equi",0.160018956965574
"equi",0.14204930343744
"equi",0.00097897195639654
"equi",0.132624868690813
"equi",0.233738926988576
"equi",0.0199167270002885
"equi",0.0655020975103322
"equi",0.0756326888321705
"equi",0.0072636837723454
"equi",0.15515078786656
"equi",0.00572822079561991
"equi",0.196458141604948
"equi",0.17480120448232
"equi",0.0154009862694258
"equi",0.272405000475604
"equi",0.0698102215817279
"equi",0.0619806003428136
"equi",0.168192650249382
"equi",0.107224607460682
"equi",0.0630592549206358
"equi",0.0596430336467899
"equi",0.267339915254618
"equi",0.246698140786934
"equi",0.0143505790227611
"equi",0.00580843614763756
"equi",0.352479488876164
"equi",0.111707178430335
"equi",0.0534952391428452
"equi",0.258053836808365
"equi",0.0114149290053966
"equi",0.233042600359296
"equi",0.363444109625481
"equi",0.168673522203304
"equi",0.224328715212084
"equi",0.0806340866289944
"equi",0.0469865625398795
"equi",0.143391432769804
"equi",0.210673307127095
"equi",0.0453170591680216
"equi",0.0690176861308069
"equi",0.105482730934969
"equi",0.0812515029402529
"equi",0.175713672698784
"equi",0.120453179570511
"equi",0.113871890073532
"equi",0.114534350848139
"equi",0.0945628328843144
"equi",0.0572784510099933
"equi",0.079011105911463
"equi",0.107777636471405
"equi",0.151662787708615
"equi",0.0445167722537924
"equi",0.148221920500343
"equi",0.0560200491937821
"equi",0.134194452233439
"equi",0.0519473582282052
"equi",0.174716688401064
"equi",0.257882551174914
"equi",0.0305371825231899
"equi",0.134896335472559
"equi",0.148776155877537
"equi",0.0402627850871262
"equi",0.276627636371395
"equi",0.0837258533789589
"equi",0.129308900049279
"equi",0.130753283220147
"equi",0.00927175787856582
"equi",0.0930776557483826
"equi",0.0382916806377264
"equi",0.135306573450498
"equi",0.106772890323042
"equi",0.0836462741281868
"equi",0.198264992388645
"equi",0.119493645750068
"equi",0.233659733313884
"equi",0.179237193525031
"equi",0.122915238262876
"equi",0.0640290545994303
"equi",0.174095949117202
"equi",0.209362019874561
"equi",0.0832275423612464
"equi",0.130407655319979
"equi",0.0699193572911091
"equi",0.212237057968137
"equi",0.143297414796061
"equi",0.028450367456878
"equi",0.118328403232859
"equi",0.0331414565436991
"equi",0.0459486237075617
"equi",0.0605225359657438
"equi",0.0964994690825784
"equi",0.0848980474572757
"equi",0.131765131020259
"equi",0.0799849499668653
"equi",0.177627372967172
"equi",0.136590180615861
"equi",0.0310587335207057
"equi",0.180035314413772
"equi",0.0779493673720759
"equi",0.0920860750866684
"equi",0.0272335666797283
"equi",0.0102529755609523
"equi",0.0256937949386996
"equi",0.00191621065257573
"equi",0.166622385234375
"equi",0.176268233677073
"equi",0.0373938486611467
"equi",0.080836064729095
"equi",0.0119639708305145
"equi",0.0462310724143947
"equi",0.0561479854759337
"equi",0.190244235269919
"equi",0.00855143482179152
"equi",0.0294391406122833
"equi",0.00477287741862746
"equi",0.265771552024706
"equi",0.0886009538116377
"equi",0.0105805785553072
"equi",0.00834755588744565
"equi",0.0800553324189623
"equi",0.038375303067246
"equi",0.0680206842943612
"equi",0.0155415758602751
"equi",0.0161854269907648
"equi",0.174439605392935
"equi",0.150345371508036
"equi",0.0041616923692428
"equi",0.219100489123905
"equi",0.07282903084288
"equi",0.0198405498108174
"equi",0.279186139458931
"equi",0.0523120771214749
"equi",0.0977467640127197
"equi",0.187847758391905
"equi",0.161480758666508
"equi",0.0612188237854289
"equi",0.114311572795811
"equi",0.0898148545050819
"equi",0.00174477718070418
"equi",0.0559487183017267
"equi",0.052746932683861
"equi",0.0205439619590721
"equi",0.00274483380063133
"equi",0.0782361677765099
"equi",0.0394937175149358
"equi",0.00211761125545115
"equi",0.0767813495627585
"equi",0.0556893597873509
"equi",0.18505891472659
"equi",0.0711788442138891
"equi",0.0288466299662429
"equi",0.0237171399748679
"equi",0.228863065878051
"equi",0.0288380189093821
"equi",0.160907129480856
"equi",0.0725582683683489
"equi",0.145644299390621
"equi",0.101116874386725
"equi",0.249601756715864
"equi",0.0239525192395691
"equi",0.0850802897692056
"equi",0.103759981873721
"equi",0.05561344679293
"equi",0.153017119541233
"equi",0.196070296863575
"equi",0.0905813423756162
"equi",0.145511336441469
"equi",0.0179909238934688
"equi",0.15678852776936
"equi",0.16166655431186
"equi",0.00954975161726765
"equi",0.0968934364856313
"equi",0.169756189427195
"equi",0.0394813773193219
"equi",0.0258398209764996
"equi",0.177632766243308
"equi",0.0258869280143836
"equi",0.159011884098633
"equi",0.220256933674922
"equi",0.0448901459314258
"equi",0.118816676176285
"equi",0.0250164152923438
"equi",0.0526146900535815
"equi",0.0628692278701282
"equi",0.0777451756173567
"equi",0.0419963883687796
"equi",0.0410857050604114
"equi",0.00843529962361905
"equi",0.087188659441881
"equi",0.139919570365872
"equi",0.0256633020667323
"equi",0.100974394110771
"equi",0.055636430911343
"equi",0.0284501265867082
"equi",0.0975655504568899
"equi",0.053428940015575
"equi",0.0271988019938461
"equi",0.0312904466398466
"equi",0.0966470035383774
"equi",0.0311471859713935
"equi",0.0985735957029206
"equi",0.147407343412191
"equi",0.0181690488756496
"equi",0.0519550606216669
"equi",0.137384279279127
"equi",0.0251314134127255
"equi",0.115460219110965
"equi",0.0171956594756089
"equi",0.00225766222984711
"equi",0.17877673286106
"equi",0.150493101140415
"equi",0.0109078285890078
"equi",0.0606546136897235
"equi",0.048965794983909
"equi",0.0561630956115812
"equi",0.0204501125055324
"equi",0.0535459357940551
"equi",0.00106922855743827
"equi",0.0107125096945496
"equi",0.105816643758179
"equi",0.0818447848610512
"equi",0.0162003257806443
"equi",0.00235854863580749
"equi",0.0502405410254632
"equi",2.88112771089921e-05
"equi",0.144724818186825
"equi",0.216012692947291
"equi",0.022723335386565
"equi",0.0126310262334718
"equi",0.138548696392852
"equi",0.120725879456194
"equi",0.172654814672237
"equi",0.0623853128966249
"equi",0.130320021208805
"equi",0.00379771226545078
"equi",0.0340135032544049
"equi",0.0523761736397662
"equi",0.0733882064809819
"equi",0.019792631095525
"equi",0.0687935763954548
"equi",0.00640811654013047
"equi",0.0538212045992294
"equi",0.0968903847910621
"equi",0.170484122065274
"equi",0.0444636169094022
"equi",0.098087214601348
"equi",0.0243033743330075
"equi",0.0503699593190231
"equi",0.0157130242954538
"equi",0.0522239105053961
"equi",0.0605535724539845
"equi",0.0653786590846049
"equi",0.215825799157159
"equi",0.138357547188344
"equi",0.029647811894343
"equi",0.172546053533641
"equi",0.045848673087986
"equi",0.0485085269586107
"equi",0.047510214012525
"equi",0.00371451035632785
"equi",0.000929179319175799
"equi",0.128101557365211
"equi",0.00491711579013476
"equi",0.109563453911699
"equi",0.0472335315512194
"equi",0.0658118279009677
"equi",0.0628484537495256
"equi",0.105891899236394
"equi",0.123132653211192
"equi",0.0718579689317455
"equi",0.0547434471851526
"equi",0.126703524230071
"equi",0.103788209475799
"equi",0.16594566741369
"equi",0.0235143294441407
"equi",0.113400502344088
"equi",0.215355275325849
"equi",0.0301451863937759
"equi",0.0196088561334758
"equi",0.0547373875745118
"equi",0.008930239329977
"equi",0.140828317949152
"equi",0.0774125364525848
"equi",0.0825353004894444
"equi",0.00227975237904344
"equi",0.207253667280297
"equi",0.0483574790912934
"equi",0.282474721661118
"equi",0.0583453306818292
"equi",0.0625277955617681
"equi",0.0233629711739858
"equi",0.166777194188141
"equi",0.0734220224375101
"equi",0.122460805751329
"equi",0.0812958123156977
"equi",0.00983036348762593
"equi",0.0933840481051351
"equi",0.0875692171110026
"equi",0.0322726652335074
"equi",0.14652210688817
"equi",0.0371932381658765
"equi",0.00611738689284375
"equi",0.0626701517353008
"equi",0.0238049342185225
"equi",0.0514861893490948
"equi",0.0874343368603847
"equi",0.105031040145618
"equi",0.028693061556392
"equi",0.161371769854487
"equi",0.108058992716762
"equi",0.0816584159371296
"equi",0.111158215632221
"equi",0.123443053235838
"equi",0.0284345686057096
"equi",0.01415926917849
"equi",0.0299281444157055
"equi",0.0292760810594984
"equi",0.0268679596883093
"equi",0.11714061607923
"equi",0.0977495668048672
"equi",0.178615538235133
"equi",0.0454101973079731
"equi",0.097245153736645
"equi",0.114076040850293
"equi",0.0112749662670585
"equi",0.102661743109683
"equi",0.194744569286909
"equi",0.0276348724049797
"equi",0.0366773843010811
"equi",0.104509611318196
"equi",0.119216070391146
"equi",0.110443245175901
"equi",0.00575047680092466
"equi",0.0154984551605459
"equi",0.0359404476026611
"equi",0.0657622018360026
"equi",0.179198007257651
"equi",0.0545467839902444
"equi",0.0525587687635996
"equi",0.109756312131361
"equi",0.223220651943885
"equi",0.00861373854886591
"equi",0.0405630801412121
"equi",0.0773620590773029
"equi",0.0209078311260229
"equi",0.116661945497018
"equi",0.00765116050812711
"equi",0.151747724219208
"equi",0.120136561134257
"equi",0.159223394092891
"equi",0.0718033281182164
"equi",0.0589795076203068
"equi",0.244228222599268
"equi",0.117998557497204
"equi",0.0110615329544809
"equi",0.0539868300210284
"equi",0.00755017314331319
"equi",0.241900679674106
"equi",0.16628866405188
"equi",0.0399825546423749
"equi",0.0496483843161095
"equi",0.26187229307788
"equi",0.105121195502187
"equi",0.107767525502417
"equi",0.0817046408036337
"equi",0.0305536697618991
"equi",0.16415120564859
"equi",0.0205879443501406
"equi",0.0147745934605177
"equi",0.137848636306267
"equi",0.108017617815759
"equi",0.0579484051663913
"equi",0.0422617403097449
"equi",0.00907733202734291
"equi",0.126161618003159
"equi",0.180840349669873
"equi",0.0733643537186763
"equi",0.0905223175743547
"equi",0.0637042958703963
"equi",0.0301182073336407
"equi",0.0173284747727497
"equi",0.144998576622111
"equi",0.105407679369982
"equi",0.0356366662561884
"equi",0.0874916085738997
"equi",0.0156666206419063
"equi",0.14235055590715
"equi",0.0639173699405024
"equi",0.0852431111050717
"equi",0.0139728695095382
"equi",0.0045858700805797
"equi",0.0617040310492718
"equi",0.0250972461048269
"equi",0.108421389949866
"equi",0.00591928003058775
"equi",0.0104480877939772
"equi",0.0558258351440044
"equi",0.109205219482716
"equi",0.00514502077520808
"equi",0.0207693217055737
"equi",0.0731478787559687
"equi",0.12508552647156
"equi",0.0100777805611118
"equi",0.119952760195146
"equi",0.0265841354746598
"equi",0.16912003926004
"equi",0.0814563236356888
"equi",0.101283564792705
"equi",0.123036286352923
"equi",0.101910355960973
"equi",0.0146278139344685
"equi",0.0550933196213803
"equi",0.110192316054433
"equi",0.0151520053094569
"equi",0.0197412597798185
"equi",0.0481417563708907
"equi",0.0414583106547807
"equi",0.0486194831982532
"equi",0.0798720232117326
"equi",0.0553787764677221
"equi",0.0512849857360379
"equi",0.0503278902638118
"equi",0.0286132134448096
"equi",0.0748859004509366
"equi",0.055764039081164
"equi",0.0279027076702035
"equi",0.0838832927867554
"equi",0.0654201305582735
"equi",0.0721091961142785
"equi",0.0679080957535793
"equi",0.107570623570422
"equi",0.0290012252744306
"equi",0.0497884217637468
"equi",0.0181473182245373
"equi",0.101659659969081
"equi",0.000387387116566718
"equi",0.0109176768755302
"equi",0.0753085472581907
"equi",0.0286198377800009
"equi",0.0501420340245775
"equi",0.0429995819790122
"equi",0.0253130324175646
"equi",0.0197537351176085
"equi",0.0447700856976866
"equi",0.0628660225467146
"equi",0.0921579992009752
"equi",0.0935846237261555
"equi",0.0794008233551238
"equi",0.0328212022321135
"equi",0.0797966692436669
"equi",0.00764749578195907
"equi",0.0799576401883913
"equi",0.0570034378744977
"equi",0.0379600208429407
"equi",0.126349693319628
"equi",0.0189503999694461
"equi",0.0209241208207986
"equi",0.0596447419945373
"equi",0.0169847947441468
"equi",0.0341072857547219
"equi",0.0204498329582142
"equi",0.0399738408297817
"equi",0.184043806590162
"equi",0.0306109833494736
"equi",0.0607835793608293
"equi",0.0186380467705235
"equi",0.0143058486930804
"equi",0.011934284042133
"equi",0.0540735342980502
"equi",0.0122092922056577
"equi",0.134677672515795
"equi",0.0990406030702449
"equi",0.0734252509653663
"equi",0.0664355067003511
"equi",0.0177557755164456
"equi",0.0275723507382095
"equi",0.147561466092546
"equi",0.21525109917155
"equi",0.030118321846942
"equi",0.203621497667029
"equi",0.0378411994595408
"equi",0.0375130959050676
"equi",0.153650775769934
"equi",0.0647587599017316
"equi",0.0466195653724396
"equi",0.051272634159932
"equi",0.0308432223264248
"equi",0.0899914880034271
"equi",0.00399754897775857
"equi",0.0873416311314882
"equi",0.0435950596777163
"equi",0.094656348899066
"equi",0.0459205369324633
"equi",0.196982923194174
"equi",0.064685177574728
"equi",0.0553328359861967
"equi",0.0265238001798285
"equi",0.0782260046586372
"equi",0.0751360758700471
"equi",0.0154635433423221
"equi",0.00645632052057309
"equi",0.0283437627914323
"equi",0.0544070459985661
"equi",0.0154416986902335
"equi",0.0484873121198524
"equi",0.00705004404263429
"equi",0.0250818595832734
"equi",0.0663247632100906
"equi",0.0323088359697183
"equi",0.184810201429422
"equi",0.0675307522545612
"equi",0.0601409914614204
"equi",0.050943673456471
"equi",0.0418531619847366
"equi",0.001403496231182
"equi",0.0941081721676131
"equi",0.0154660635590482
"equi",0.00963698560875536
"equi",0.0668311957886376
"equi",0.00651484441691193
"equi",0.0571058997355699
"equi",0.0170046996728456
"equi",0.0715726260741115
"equi",0.0119707421975401
"equi",0.00784530952089493
"equi",0.0432873653560814
"equi",0.0478618272005379
"equi",0.0818117303485872
"equi",0.0423839947723735
"equi",0.112381478030416
"equi",0.0334208129781011
"equi",0.154322309573754
"equi",0.000592189765161122
"equi",0.0277367444024728
"equi",0.0739990207195695
"equi",0.0621804025194875
"equi",0.0292883725622413
"equi",0.0736077778052637
"equi",0.1281666548029
"equi",0.104790702283702
"equi",0.104875664927991
"equi",0.0191749489205336
"equi",0.100815687830656
"equi",0.0464892098965492
"equi",0.179192415319657
"equi",0.0154186031084498
"equi",0.118038627265123
"equi",0.0700355957691935
"equi",0.0550996243740684
"equi",0.0935058177037727
"equi",0.141901779093112
"equi",0.0416818474569574
"equi",0.0896177624064941
"equi",0.0836676036666136
"equi",0.0144792499165495
"equi",0.0104164425130888
"equi",0.0628716203853851
"equi",0.116625124830346
"equi",0.0546623408261903
"equi",0.0604120941015545
"equi",0.0407561864984587
"equi",0.0674668865649838
"equi",0.1138327651424
"equi",0.0398164683991502
"equi",0.00419919948261363
"equi",0.0291641576793895
"equi",0.00872734730955338
"equi",0.00820260523000883
"equi",0.11048016188803
"equi",0.0846982514309659
"equi",0.160338388000531
"equi",0.142561729365733
"equi",0.238501810332629
"equi",0.16446182572543
"equi",0.14102701310691
"equi",0.187888763090464
"equi",0.041665365286457
"equi",0.0308056100275294
"equi",0.153592279695793
"equi",0.0988575925963008
"equi",0.0242594411948437
"equi",0.223384977072885
"equi",0.00748311325954682
"equi",0.0901958486701207
"equi",0.0224807983383731
"equi",0.0428347102962728
"equi",0.0611153732568627
"equi",0.00239789100754599
"equi",0.137077469255003
"equi",0.143976622741285
"equi",0.116391218184724
"equi",0.0689591203039351
"equi",0.0181125881710805
"equi",0.0864884262179013
"equi",0.0596547230913952
"equi",0.0136894468885479
"equi",0.0202741900143198
"equi",0.0287417795399096
"equi",0.143930451274645
"equi",0.0852877846782014
"equi",0.0300751888168028
"equi",0.150844633500653
"equi",0.0103986421389635
"equi",0.122964096723346
"equi",0.155887138822636
"equi",0.0144818847381522
"equi",0.13405548413289
"equi",0.0956825208920786
"equi",0.0405290283431943
"equi",0.112874443430222
"equi",0.0481314696583853
"equi",0.0991389688826551
"equi",0.0184447018972211
"equi",0.192560136370662
"equi",0.075422197899061
"equi",0.0678140522023648
"equi",0.0560986427100704
"equi",0.0090501783552297
"equi",0.0907195755994401
"equi",0.0159057805031499
"equi",0.0916680998122208
"equi",0.0182472455802246
"equi",0.020753271900172
"equi",0.0713701643782961
"equi",0.0427439611354122
"equi",0.0522006376560752
"equi",0.116617704482061
"equi",0.0862485069869116
"equi",0.137254667069314
"equi",0.121159752267131
"equi",0.0381363031779654
"equi",0.249219824517796
"equi",0.0973200320137416
"equi",0.0983706356971416
"equi",0.103583087921474
"equi",0.0557021846251826
"equi",0.132496986105013
"equi",0.000427045082600444
"equi",0.0149916073090274
"equi",0.0630436365080042
"equi",0.0372601311376748
"equi",0.0993860821868296
"equi",0.115765126043505
"equi",0.122033952668524
"equi",0.10644566282662
"equi",0.0457719026162697
"equi",0.0880020026278964
"equi",0.033016555952147
"equi",0.0997622198321468
"equi",0.0940642857032316
"equi",0.14399897974058
"equi",0.0755204285673366
"equi",0.118200606673488
"equi",0.0439682681806939
"equi",0.0499653700296223
"equi",0.00717048707871887
"equi",0.180775776009267
"equi",0.17003767409457
"equi",0.0628894306611497
"equi",0.0407654250567552
"equi",0.111113886705084
"equi",0.0670001436787473
"equi",0.0339312649938494
"equi",0.000996799989334822
"equi",0.0504933851008497
"equi",0.123708341166185
"equi",0.0445008503013733
"equi",0.0205466297710509
"equi",0.146187671805644
"equi",0.0746778447620485
"equi",0.0221628764546999
"equi",0.086538357876702
"equi",0.0358629755908881
"equi",0.0694561209101005
"equi",0.0904381347237972
"equi",0.0881892857839889
"equi",0.105937646338173
"equi",0.0142314542288251
"equi",0.110730377424858
"equi",0.171710421689281
"equi",0.00713799959687889
"equi",0.0672013127005145
"equi",0.0310011997580682
"equi",0.125663785058588
"equi",0.0655939007605705
"equi",0.0527720891133431
"equi",0.126819578318898
"equi",0.106824172019603
"equi",0.106828869297995
"equi",0.0128913311446797
"equi",0.057877755932933
"equi",0.149888143255856
"equi",0.0154912440831791
"equi",0.0635943143274823
"equi",0.171388697744363
"equi",0.125346496956307
"equi",0.11918208848382
"equi",0.196602171801253
"equi",0.218231113798363
"equi",0.080635963212677
"equi",0.0426223753553104
"equi",0.154288257008582
"equi",0.0507392856787464
"equi",0.0947972503267645
"equi",0.208680324562779
"equi",0.110654853731915
"equi",0.0436402199349072
"equi",0.0856277136561667
"equi",0.202651976726768
"equi",0.0438304771797489
"equi",0.117074883380086
"equi",0.000518016508788341
"equi",0.1102575558752
"equi",0.14006815351356
"equi",0.194847696947894
"equi",0.215969001995715
"equi",0.0533447950598339
"equi",0.220487829511112
"equi",0.0521512960929862
"equi",0.0715564499841022
"equi",0.0970508895893768
"equi",0.178792339808293
"equi",0.208456543592562
"equi",0.248444107841376
"equi",0.23279029050033
"equi",0.0303179904399576
"equi",0.154857647178007
"equi",0.0581133658040984
"equi",0.0377961039385405
"equi",0.0559492146735661
"equi",0.00718030605586387
"equi",0.0304610988348568
"equi",0.0752421660564195
"equi",0.111322429069734
"equi",0.0628833222494933
"equi",0.0141371475306841
"equi",0.0874322442219632
"equi",0.114115193721153
"equi",0.132518474618458
"equi",0.0909289677049987
"equi",0.0116625645041871
"equi",0.0103068257503772
"equi",0.0137656578740456
"equi",0.0342429370190905
"equi",0.0209399157777398
"equi",0.110263170794461
"equi",0.0303338317776849
"equi",0.184481920541257
"equi",0.0421464241614253
"equi",0.105024232974207
"equi",0.162868958931937
"equi",0.0706188807085335
"equi",0.232591455261945
"equi",0.0585784619007199
"equi",0.00108678895807068
"equi",0.00703968710775454
"equi",0.135896667503343
"equi",0.000616662291060652
"equi",0.223536515688707
"equi",0.129433032977872
"equi",0.0366087145968749
"equi",0.0240140628543917
"equi",0.0933455256960701
"equi",0.1750959386358
"equi",0.0642549436670175
"equi",0.00348789447220479
"equi",0.0452518258813152
"equi",0.110277645507714
"equi",0.295162016286764
"equi",0.0566208566078516
"equi",0.0195732024999896
"equi",0.0389913875649031
"equi",0.226922322081925
"equi",0.116032258935395
"equi",0.288257594826952
"equi",0.264772850484165
"equi",0.160241577732054
"equi",0.149378261016026
"equi",0.180735043342933
"equi",0.251122517490136
"equi",0.108736742159395
"equi",0.0463537107738637
"equi",0.113525622807035
"equi",0.00282919633948506
"equi",0.0386825783189413
"equi",0.0408098722077396
"equi",0.135742345409734
"equi",0.00343994728523883
"equi",0.070647282683915
"equi",0.0681603318204402
"equi",0.015655645270303
"equi",0.0247929053105553
"equi",0.00555721350626143
"equi",0.0574993571924399
"equi",0.0163082726750558
"equi",0.0355476349545056
"equi",0.0942048474998901
"equi",0.204887366143993
"equi",0.123443715859252
"equi",0.13392691188475
"equi",0.00372528020023205
"equi",0.0100455064067355
"equi",0.0635840908634379
"equi",0.170877623950235
"equi",0.0214545701295976
"equi",0.010585033476998
"equi",0.0856537155141286
"equi",0.176654529470283
"equi",0.0100094581062686
"equi",0.218769859435141
"equi",0.0659635487078692
"equi",0.0490316453596873
"equi",0.0495520019090055
"equi",0.0828537610759323
"equi",0.0895326985657905
"equi",0.0751928791083947
"equi",0.162952503353251
"equi",0.041291520362919
"equi",0.0770215456329016
"equi",0.11788932365471
"equi",0.0466666697582209
"equi",0.00776165015858051
"equi",0.0266598411647883
"equi",0.0370387792396929
"equi",0.208163876587866
"equi",0.0296392775856924
"equi",0.0468720357033679
"equi",0.0434961247206023
"equi",0.00759319259472899
"equi",0.0994556766476101
"equi",0.110130369860836
"equi",0.221378835489797
"equi",0.0153285784958191
"equi",0.0745189826201755
"equi",0.0249485814966628
"equi",0.0269206130803656
"equi",0.0129373766223603
"equi",0.0582916034109884
"equi",0.0619559481839978
"equi",0.101753540364576
"equi",0.0368306137843958
"equi",0.0406611768324522
"equi",0.0757718606617858
"equi",0.0410367240845156
"equi",0.0319144840171028
"equi",0.0560105492759646
"equi",0.0821607646564456
"equi",0.0580423806020686
"equi",0.0665666586288516
"equi",0.131179731442106
"equi",0.0041762577434204
"equi",0.0694219761048086
"equi",0.123773048130655
"equi",0.0174363722648894
"equi",0.225248720693025
"equi",0.0841911491084439
"equi",0.0804100655828717
"equi",0.0200215174747907
"equi",0.0364951455276433
"equi",0.0106727179363502
"equi",0.0409247121002185
"equi",0.00978485077871022
"equi",0.0591439472441802
"equi",0.196437257331778
"equi",0.0872877168502558
"equi",0.16082194526687
"equi",0.129356531529183
"equi",0.143829102196137
"equi",0.0650698740774912
"equi",0.0746609520045356
"equi",0.317957713931952
"equi",0.0906349944105332
"equi",0.149508285120464
"equi",0.0729731399074946
"equi",0.161282649590894
"equi",0.243239522483263
"equi",0.00619703853949878
"equi",0.186017145195054
"equi",0.0669204870133556
"equi",0.26776464370359
"equi",0.327204583604824
"equi",0.101252849945857
"equi",0.212839628102361
"equi",0.202182396177304
"equi",0.109153301963322
"equi",0.032976386634465
"equi",0.300735810698299
"equi",0.198037391815033
"equi",0.263993877304851
"equi",0.185940435645205
"equi",0.286510113300452
"equi",0.206371590939197
"equi",0.0840850964242753
"equi",0.113137089066909
"equi",0.0103874979997083
"equi",0.21178462853592
"equi",0.0155535934087251
"equi",0.0774078120475649
"equi",0.0975357246362475
"equi",0.0800873737730135
"equi",0.157638340341865
"equi",0.0205386536380703
"equi",0.153501773300184
"equi",0.0189084358851411
"equi",0.0857935557738144
"equi",0.164469050836307
"equi",0.0901341597615386
"equi",0.0504675032010015
"equi",0.0791328512558381
"equi",0.0870006348318046
"equi",0.0289543184801477
"equi",0.0574116718158219
"equi",0.167181589898177
"equi",0.0282829365857005
"equi",0.0666473333682241
"equi",0.171861653500738
"equi",0.0907401873499074
"equi",0.201462202020213
"equi",0.295792467226747
"equi",0.134631698253717
"equi",0.180598875162104
"equi",0.193474869387771
"equi",0.00996253895850775
"equi",0.351052797750951
"equi",0.0441936487571889
"equi",0.195969989224944
"equi",0.0231494123964003
"equi",0.0162893618162423
"equi",0.200297939236375
"equi",0.302151453390358
"equi",0.0598240011052445
"equi",0.118486852679806
"equi",0.00436967028228187
"equi",0.190668878831177
"equi",0.0697839502269373
"equi",0.0797459138399829
"equi",0.172100355434033
"equi",0.240955972351026
"equi",0.0807360182730573
"equi",0.0268749497538437
"equi",0.128899857475097
"equi",0.224320269130557
"equi",0.182364150230676
"equi",0.192265368737316
"equi",0.106038969393068
"equi",0.0948224576128739
"equi",0.0884960691295669
"equi",0.0364382164892506
"equi",0.0396339300540328
"equi",0.294088626410701
"equi",0.0718005795120744
"equi",0.138547458174093
"equi",0.00246126606675473
"equi",0.104783212333298
"equi",0.083407904190182
"equi",0.0109134408968588
"equi",0.20476423239884
"equi",0.0681767375024426
"equi",0.182519089210692
"equi",0.0338096369718123
"equi",0.0296315101786968
"equi",0.0494228517541057
"equi",0.116334962611509
"equi",0.319319976247612
"equi",0.231323330168686
"equi",0.0863854435558316
"equi",0.138537200046059
"equi",0.150696757754767
"equi",0.102612762696377
"equi",0.0180960261342873
"equi",0.0813554078415665
"equi",0.065069078445926
"equi",0.323463082303609
"equi",0.2798376845745
"equi",0.315179292685478
"equi",0.282541015231573
"equi",0.141002482787643
"equi",0.0551577879908629
"equi",0.055827174713421
"equi",0.0327728174998816
"equi",0.122618804352982
"equi",0.0314236922238981
"equi",0.0563693185321217
"equi",0.0314006663844218
"equi",0.160708423277482
"equi",0.0643087367031182
"equi",0.00666077859373271
"equi",0.0194982057324063
"equi",0.0218059018210175
"equi",0.0233690404750534
"equi",0.216827671879543
"equi",0.0601303347181408
"equi",0.198658811525953
"equi",0.0360634974046597
"equi",0.0235440364699558
"equi",0.13696333795545
"equi",0.0185135816606398
"equi",0.0891115461625182
"equi",0.221601361226018
"equi",0.151230541033285
"equi",0.0396194367909975
"equi",0.154359783183119
"equi",0.0885794448357953
"equi",0.0396451931759331
"equi",0.241629350585445
"equi",0.144594735052776
"equi",0.0595207453163095
"equi",0.033909644575018
"equi",0.0334460979911285
"equi",0.0211697004055734
"equi",0.181464638552626
"equi",0.0360880813248168
"equi",0.317230717327054
"equi",0.254747128518664
"equi",0.0568500354884821
"equi",0.110175089140536
"equi",0.0186028202438009
"equi",0.0412934125844914
"equi",0.098150035150841
"equi",0.0217893409770554
"equi",0.11429688170325
"equi",0.152808473810413
"equi",0.02204702037192
"equi",0.117411391882737
"equi",0.21217870395785
"equi",0.0327967641407715
"equi",0.0800113338866658
"equi",0.225591583289528
"equi",0.0305789913778776
"equi",0.0719738674764213
"equi",0.00355960012795015
"equi",0.0774540621987215
"equi",0.0587600417181392
"equi",0.165625698895023
"equi",0.102216788739758
"equi",0.401823481624668
"equi",0.000621976070014851
"equi",0.249969881243483
"equi",0.165871020976718
"equi",0.0845643907628854
"equi",0.13495066127732
"equi",0.0244021814832567
"equi",0.00877114255344644
"equi",0.194088017260048
"equi",0.260676431376708
"equi",0.157097474125522
"equi",0.0882590103421225
"equi",0.226931666384195
"equi",0.228001173621577
"equi",0.149375061865622
"equi",0.0348793890915258
"equi",0.0340970410850306
"equi",0.130931452957312
"equi",0.179772716329288
"equi",0.210565448709076
"equi",0.011649334759387
"equi",0.236499758521469
"equi",0.0477919090674934
"equi",0.248785860411557
"equi",0.106943468414287
"equi",0.0550871275875131
"equi",0.0951102509574321
"equi",0.135918832720967
"equi",0.257476461786243
"equi",0.0964314375597618
"equi",0.108137467784823
"equi",0.199945374097346
"equi",0.171786884735669
"equi",0.287755083815293
"equi",0.261897153879628
"equi",0.261660105908861
"equi",0.127330664177899
"equi",0.128875094836175
"equi",0.148952147856637
"equi",0.0489621416510353
"equi",0.0681190622708933
"equi",0.160637079322023
"equi",0.120161912268516
"equi",0.0189645135136061
"equi",0.203483625136005
"equi",0.181902558339878
"equi",0.170238197893292
"equi",0.143555459356926
"equi",0.227020952906863
"equi",0.207865712606073
"equi",0.227358997271078
"equi",0.00739809124379878
"equi",0.158430285751457
"equi",0.109066808336287
"equi",0.156370966148991
"equi",0.10818370962698
"equi",0.135435105424227
"equi",0.134106223184388
"equi",0.205272733068219
"equi",0.0681400662134755
"equi",0.0746660662773573
"equi",0.168941648401552
"equi",0.0894790573863929
"equi",0.122622696898701
"equi",0.00582793101777257
"equi",0.0816664201781678
"equi",0.16360291506209
"equi",0.0923796420780431
"equi",0.191311543719841
"equi",0.203382513291635
"equi",0.231358066242093
"equi",0.0100093223975767
"equi",0.238483977489143
"equi",0.247477927081252
"equi",0.206351468335748
"equi",0.0987565741361607
"equi",0.130132767155469
"equi",0.147302301895666
"equi",0.0647703721699815
"equi",0.0613274472198912
"equi",0.0411668468249386
"equi",0.0670275915177251
"equi",0.00376697412116213
"equi",0.0257510442115514
"equi",0.159298297244154
"equi",0.0247414921055012
"equi",0.164607013740353
"equi",0.0701866359176515
"equi",0.0218850002139121
"equi",0.203025425352587
"equi",0.0192599223627005
"equi",0.0521492670241154
"equi",0.0937018165487402
"equi",0.0269518761169593
"equi",0.144249762433716
"equi",0.180321643757995
"equi",0.0825555764910816
"equi",0.224876210174934
"equi",0.0550052333362329
"equi",0.171235530609157
"equi",0.16472965500643
"equi",0.0561711237132965
"equi",0.146911010151783
"equi",0.164313042868422
"equi",0.0736174178520271
"equi",0.0235760534295606
"equi",0.133882961962369
"equi",0.0439683507070255
"equi",0.233188038890069
"equi",0.230369768615113
"equi",0.132188679957734
"equi",0.0195690345290382
"equi",0.218139945677949
"equi",0.050646071137299
"equi",0.0447012670142856
"equi",0.0512179834221426
"equi",0.0599714146574537
"equi",0.0133129409594053
"equi",0.123930447845962
"equi",0.0769689379766111
"equi",0.134000764288722
"equi",0.0356197365212577
"equi",0.0561905252451496
"equi",0.00327237115055734
"equi",0.0664233542311224
"equi",0.0194482641164055
"equi",0.117388931106145
"equi",0.0814805092484932
"equi",0.00149163336994254
"equi",0.103392247845954
"equi",0.100368929531571
"equi",0.0673023164310926
"equi",0.0879460923430275
"equi",0.0120134115013252
"equi",0.198285564357227
"equi",0.063757408563477
"equi",0.00312440072709497
"equi",0.00895838739938562
"equi",0.00949810122334616
"equi",0.0671936053557206
"equi",0.214509411461882
"equi",0.00807990147161097
"equi",0.0146000375305983
"equi",0.0195503631156153
"equi",0.0378027997368824
"equi",0.0116651833992399
"equi",0.0632298636919104
"equi",0.0262999402773248
"equi",0.134330279633447
"equi",0.145967775697242
"equi",0.0616143402774503
"equi",0.132267662299781
"equi",0.0633327830482291
"equi",0.065414294409034
"equi",0.0221938730478428
"equi",0.0211402531169908
"equi",0.198153085150953
"equi",0.162911949575118
"equi",0.0359298220120434
"equi",0.124696402490509
"equi",0.223199758218322
"equi",0.0545341453378824
"equi",0.161330222355044
"equi",0.00332466330880105
"equi",0.123845238502971
"equi",0.0173162970138643
"equi",0.0646859303442573
"equi",0.0473607390171605
"equi",0.0984302170306152
"equi",0.212690961186106
"equi",0.174798508637363
"equi",0.210103547559966
"equi",0.139587764131991
"equi",0.0421043510867666
"equi",0.0225167463120614
"equi",0.0340302773134968
"equi",0.156239847244018
"equi",0.00280922936352684
"equi",0.155625501582556
"equi",0.0230711251067402
"equi",0.0766935671231793
"equi",0.0731198458543779
"equi",0.238532170301902
"equi",0.0214347531363778
"equi",0.196138901480336
"equi",0.0366271509986975
"equi",0.158798379841461
"equi",0.218140751805748
"equi",0.039443651954278
"equi",0.113863659692618
"equi",0.014967304751633
"equi",0.0341816689777457
"equi",0.0387627986231423
"equi",0.242405332292733
"equi",0.0125455276358298
"equi",0.187644151021228
"equi",0.243893738935666
"equi",0.0938714585195844
"equi",0.0976403790312989
"equi",0.0186727688821113
"equi",0.123284914530912
"equi",0.129554189045923
"equi",0.0352579341967899
"equi",0.118299574878801
"equi",0.0770629503255465
"equi",0.0291678651756733
"equi",0.133498103820847
"equi",0.00515118311310755
"equi",0.00665880668920213
"equi",0.204589947456192
"equi",0.0865360776691998
"equi",0.104818602502952
"equi",0.000960810835256926
"equi",0.0649238231668168
"equi",0.0108439884332195
"equi",0.0820759814217586
"equi",0.116568184352161
"equi",0.0405758208408622
"equi",0.0426259075777375
"equi",0.0438696825629122
"equi",0.000271264856618575
"equi",0.295336782735032
"equi",0.0271829030978196
"equi",0.00779596273142394
"equi",0.114784796699085
"equi",0.041975619718348
"equi",0.172326321365478
"equi",0.120087308158269
"equi",0.147281360614926
"equi",0.0734973092338446
"equi",0.140904380986028
"equi",0.109126906665124
"equi",0.0807593670610722
"equi",0.101143294501611
"equi",0.039273635387757
"equi",0.00591687392724931
"equi",0.0390954819192076
"equi",0.102730128757181
"equi",0.0731784227233601
"equi",0.0488292842800946
"equi",0.0681514000128758
"equi",0.0551058740608895
"equi",0.084702497583078
"equi",0.029851420699603
"equi",0.183576475113871
"equi",0.0896250122815461
"equi",0.0473618813788549
"equi",0.260000045138517
"equi",0.100974667550172
"equi",0.109873363477187
"equi",0.102689565097122
"equi",0.0458972615517548
"equi",0.18430330070129
"equi",0.0909310679839377
"equi",0.0639331196967062
"equi",0.0560362500685971
"equi",0.0399730881484136
"equi",0.00650051235797156
"equi",0.35677677455086
"equi",0.308042502918706
"equi",0.115108943752787
"equi",0.240246583747904
"equi",0.0517940159803342
"equi",0.119256561124793
"equi",0.118457909658108
"equi",0.115819849205067
"equi",0.0719663974196045
"equi",0.108850274746841
"equi",0.0819104264242887
"equi",0.0261959922144018
"equi",0.155955701233166
"equi",0.021845841745715
"equi",0.0748596239490061
"equi",0.100162680803769
"equi",0.0356878900006101
"equi",0.0624478613755205
"equi",0.000653170778537287
"equi",0.00685104081152443
"equi",0.134448212426012
"equi",0.009361770016062
"equi",0.0513089630919476
"equi",0.0598959113982241
"equi",0.0244883939531724
"equi",0.078897713031388
"equi",0.00400786487251285
"equi",0.0477160473450405
"equi",0.145622297284193
"equi",0.0231068197254856
"equi",0.086898589049371
"equi",0.140309588963512
"equi",0.0718350797755717
"equi",0.0920046011792741
"equi",0.0586353630318256
"equi",0.114789449808
"equi",0.039730119504134
"equi",0.0209059481632755
"equi",0.175262224315225
"equi",0.0912146887565025
"equi",0.0790115527354287
"equi",0.0705951929799164
"equi",0.00216665654192418
"equi",0.0717422501511417
"equi",0.0668301113075535
"equi",0.0288463911441733
"equi",0.0637101906518698
"equi",0.0229415365816874
"equi",0.0179310137224548
"equi",0.0936936198116654
"equi",0.179893772942038
"equi",0.0631110787586292
"equi",0.0149520127050725
"equi",0.0825258399761489
"equi",0.0431496668644943
"equi",0.0732467698560432
"equi",0.01636843070347
"equi",0.0219111969076376
"equi",0.118515274100429
"equi",0.0900381717018353
"equi",0.067837415791762
"equi",0.176284043013564
"equi",0.0182061160988568
"equi",0.0962863117364528
"equi",0.0394845459191118
"equi",0.014831945430602
"equi",0.061070674490889
"equi",0.0224220831769266
"equi",0.0223839825146194
"equi",0.0664378070179769
"equi",0.0217584991982007
"equi",0.0598133786851696
"equi",0.0993342880210999
"equi",0.10157850019826
"equi",0.0382650357211363
"equi",0.0750391130550599
"equi",0.178311768556664
"equi",0.0581307362489301
"equi",0.109513576520651
"equi",0.0910432931532411
"equi",0.0288808352058039
"equi",0.0590378770159916
"equi",0.0574038412982792
"equi",0.0601713128238865
"equi",0.0801413124106542
"equi",0.100262193100094
"equi",0.0479198938238892
"equi",0.0858593261260441
"equi",0.141804794346768
"equi",0.0914056113075949
"equi",0.142393887281855
"equi",0.0884843309549222
"equi",0.0571141896446817
"equi",0.0784484418687802
"equi",0.0721034918689983
"equi",0.0427196425368216
"equi",0.223493175975681
"equi",0.129736530290571
"equi",0.0488685375113211
"equi",0.0564039423694325
"equi",0.101860842387044
"equi",0.00109394977956506
"equi",0.0483655452527756
"equi",0.144298429073995
"equi",0.0827249604246516
"equi",0.0568003245572583
"equi",0.12706901473779
"equi",0.109424656983309
"equi",0.0167466408019354
"equi",0.100529737711194
"equi",0.0387191673166633
"equi",0.0430804317791634
"equi",0.0791043509973691
"equi",0.00389623746651985
"equi",0.146483460405749
"equi",0.152906514647823
"equi",0.016751774322513
"equi",0.0848006670078467
"equi",0.0119574074136555
"equi",0.00207062365119708
"equi",0.107531283391536
"equi",0.0198479687718172
"equi",0.0593678927355089
"equi",0.0195649998125065
"equi",0.0530979352214229
"equi",0.0576778150717339
"equi",0.136862019645182
"equi",0.00832517809201935
"equi",0.106109870381993
"equi",0.0620605715583257
"equi",0.0720722326530428
"equi",0.0229941941460753
"equi",0.0548944401528621
"equi",0.0697747407283072
"equi",0.0344131085130648
"equi",0.0802296911596111
"equi",0.139430943556266
"equi",0.017871153627265
"equi",0.113478576623978
"equi",0.117312352988534
"equi",0.12752055402292
"equi",0.147335193207084
"equi",0.0339354652745852
"equi",0.106753594799058
"equi",0.00189536114877015
"equi",0.0593920179538562
"equi",0.127252164275828
"equi",0.00914391947789625
"equi",0.00692257114815037
"equi",0.044221069113251
"equi",0.0557634421447729
"equi",0.123155113035099
"equi",0.0220448741682885
"equi",0.0146304729208719
"equi",0.123929301524596
"equi",0.159070405734266
"equi",0.143288146630918
"equi",0.139884810878162
"equi",0.0864127837604645
"equi",0.0529952217429192
"equi",0.0153647415471395
"equi",0.0545033508509062
"equi",0.0661552636919341
"equi",0.0662127783506969
"equi",0.0714098920991591
"equi",0.115434194743813
"equi",0.0797893423088396
"equi",0.0147260937798126
"equi",0.010185586083074
"equi",0.0258949209234062
"equi",0.0165117862397069
"equi",0.0712336306209145
"equi",0.0599024627383701
"equi",0.0231370628606932
"equi",0.0695613545213862
"equi",0.18971739187805
"equi",0.00523846310583392
"equi",0.0929428760849573
"equi",0.0357356883901322
"equi",0.247934727404789
"equi",0.0880620251779722
"equi",0.0479974599560574
"equi",0.0185311801190285
"equi",0.0617992343221297
"equi",0.0513286355382121
"equi",0.0540255939412588
"equi",0.0577755341959686
"equi",0.0467410032325731
"equi",0.0252022905713947
"equi",0.0670539688862767
"equi",0.0657530980643926
"equi",0.00272180356838955
"equi",0.00376449627711037
"equi",0.0547632518381413
"equi",0.0921956104485069
"equi",0.0335886168529897
"equi",0.127676171416256
"equi",0.0107914967269433
"equi",0.0324816971420861
"equi",0.117372664094365
"equi",0.0669071087747485
"equi",0.0805929422272153
"equi",0.00415159555260408
"equi",0.00451374341800168
"equi",0.024517519526021
"equi",0.141999179677438
"equi",0.031516195397133
"equi",0.0462598942010458
"equi",0.074602098067125
"equi",0.150007135063054
"equi",0.0999915436514595
"equi",0.0601688776591189
"equi",0.0797752654643645
"equi",0.075748859815601
"equi",0.0387648269787988
"equi",0.0711278887472987
"equi",0.0263038549175389
"equi",0.0689610352923083
"equi",0.0318489158168661
"equi",0.0352054034550945
"equi",0.0579842895943855
"equi",0.0400799398015788
"equi",0.0820470395981426
"equi",0.132411414285266
"equi",0.0165227203952954
"equi",0.0826335313803601
"equi",0.00232177297566188
"equi",0.0966657188503584
"equi",0.00756171368642708
"equi",0.109147845931568
"equi",0.066854446259355
"equi",0.0329791255489558
"equi",0.141549481434257
"equi",0.110489475670136
"equi",0.0251032543272438
"equi",0.0545265853649608
"equi",0.0558912168977222
"equi",0.180477593464085
"equi",0.0278165937476071
"equi",0.0365822882214559
"equi",0.11853032748405
"equi",0.00536158878031356
"equi",0.0091276646524813
"equi",0.000707294220579233
"equi",0.0329102207224488
"equi",0.127114752683418
"equi",0.0984286538465871
"equi",0.0330438186394718
"equi",0.0302144210138044
"equi",0.0209743006374227
"equi",0.0474046292018059
"equi",0.12819475542161
"equi",0.0805085819470354
"equi",0.0899933065695967
"equi",0.0765282686311756
"equi",0.010628001708861
"equi",0.0393673576794894
"equi",0.0930322635863304
"equi",0.0712541250298009
"equi",0.0115036955681714
"equi",0.00999191317310827
"equi",0.0231508595464052
"equi",0.0505788461825509
"equi",0.0631122750002504
"equi",0.0328718273591171
"equi",0.140759653935477
"equi",0.0669082088831981
"equi",0.0122533296010597
"equi",0.0218596258786706
"equi",0.16856416830916
"equi",0.0296299058338309
"equi",0.0135859538128142
"equi",0.147767747733806
"equi",0.0142795680527209
"equi",0.18181153563774
"equi",0.0463117343785917
"equi",0.0291577891311971
"equi",0.00958859651340035
"equi",0.0946360300047573
"equi",0.0124113070730491
"equi",0.09896013922499
"equi",0.0645926610047173
"equi",0.0290514134675062
"equi",0.0207066350067578
"equi",0.0764814993694592
"equi",0.0810560313712615
"equi",0.0429051650302938
"equi",0.0653423602931452
"equi",0.00691186839575271
"equi",0.0652254102448124
"equi",0.0604237200719039
"equi",0.0178555306490351
"equi",0.108887693223827
"equi",0.0789546080028861
"equi",0.030610776928041
"equi",0.025766268480851
"equi",0.184745298605981
"equi",0.0663998857956905
"equi",0.0910239129802952
"equi",0.0244126940360216
"equi",0.116444772305344
"equi",0.0600716964780312
"equi",0.0466643317575021
"equi",0.0395995499527592
"equi",0.0179097647695823
"equi",0.0150900443293718
"equi",0.0741251755570058
"equi",0.029020817526291
"equi",0.0896275762714656
"equi",0.0677164959751207
"equi",0.0202868799870762
"equi",0.0379827320155923
"equi",0.00840117015153236
"equi",0.0949294602678968
"equi",0.0689050038735345
"equi",0.144579109686399
"equi",0.0448306164097646
"equi",0.0853523105414405
"equi",0.0463649014763972
"equi",0.00801712453300429
"equi",0.150237846780905
"equi",0.0231203369534012
"equi",0.076229669759466
"equi",0.14369338151155
"equi",0.0208293085861891
"equi",0.013892901906917
"equi",0.0735970361173142
"equi",0.112418316533415
"equi",0.0010215405942349
"equi",0.0844898447811983
"equi",0.0354967740505494
"equi",0.0957756999252925
"equi",0.101355272859378
"equi",0.120740608948651
"equi",0.0417097778483808
"equi",0.0453948505621673
"equi",0.0263792735050264
"equi",0.0272701582334243
"equi",0.0603589639730181
"equi",0.0388910359418581
"equi",0.0402711405887332
"equi",0.130317603829502
"equi",0.07834437267402
"equi",0.00173759509445115
"equi",0.0471560091094771
"equi",0.126831067079064
"equi",0.0251404627631386
"equi",0.0425843946754854
"equi",0.0942509942648474
"equi",0.051783215472184
"equi",0.0268448425834701
"equi",0.070846042058044
"equi",0.119143233753366
"equi",0.0176926691440855
"equi",0.0579278942466041
"equi",0.0503592572462571
"equi",0.0501062203233573
"equi",0.0552067763978325
"equi",0.0221325688111293
"equi",0.0261441738656839
"equi",0.230553541297646
"equi",0.0133077320323406
"equi",0.117053324345282
"equi",0.184706096573151
"equi",0.0235153030347313
"equi",0.0587117048598056
"equi",0.0122450996883451
"equi",0.00517194900868856
"equi",0.126238742555443
"equi",0.0754861746681711
"equi",0.176384449753324
"equi",0.0907867383989422
"equi",0.000426387486828855
"equi",0.0797387510222615
"equi",0.17433365830757
"equi",0.0241083099132573
"equi",0.0218662502809135
"equi",0.251875611410082
"equi",0.0374219074939506
"equi",0.0504467181870126
"equi",0.0631301316058156
"equi",0.0838999088641614
"equi",0.0614350981635717
"equi",0.0616709475826956
"equi",0.145545060238497
"equi",0.132366636095728
"equi",0.0374575867618279
"equi",0.155751209000554
"equi",0.276350054671706
"equi",0.120527060995698
"equi",0.232332189369543
"equi",0.0556232496151995
"equi",0.273927745036623
"equi",0.126030634436688
"equi",0.125045598861948
"equi",0.0569367257271003
"equi",0.041184835020877
"equi",0.10111860127361
"equi",0.149146168364753
"equi",0.0368514718597572
"equi",0.0659804783317058
"equi",0.0741789637045661
"equi",0.0278118236637315
"equi",0.0935267145064492
"equi",0.197713903425713
"equi",0.0241769288327653
"equi",0.135358395901785
"equi",0.0054578762734202
"equi",0.0730952194492434
"equi",0.00596271290201505
"equi",0.105739193710606
"equi",0.0780418093392985
"equi",0.144914665669504
"equi",0.154442029122019
"equi",0.0927065725130915
"equi",0.14075111454797
"equi",0.0149107658068069
"equi",0.0148012443819047
"equi",0.103939574167161
"equi",0.0166374421011625
"equi",0.0816358547019273
"equi",0.0607370567568155
"equi",0.0311486649224925
"equi",0.139428781784414
"equi",0.0638622842578545
"equi",0.0880398273218454
"equi",0.078464197855619
"equi",0.0138672740192045
"equi",0.0468517811065253
"equi",0.0831559577632734
"equi",0.031537714633729
"equi",0.212436701382957
"equi",0.167619195007821
"equi",0.159449498202745
"equi",0.0961630351906131
"equi",0.0546366371850536
"equi",0.00388765248207781
"equi",0.0907892079624071
"equi",0.00593182535143416
"equi",0.0345782125096062
"equi",0.0662421173698666
"equi",0.0348478900572448
"equi",0.0994414137729258
"equi",0.00568012723509961
"equi",0.0831742041287228
"equi",0.0275210600269774
"equi",0.0192123294982432
"equi",0.0534013005189563
"equi",0.0738911239769806
"equi",0.1330114101506
"equi",0.0495555941250954
"equi",0.0480545687569891
"equi",0.266557075866956
"equi",0.12055452716248
"equi",0.0137041589222274
"equi",0.117443408056855
"equi",0.0101995222236447
"equi",0.108101710678747
"equi",0.164099275225527
"equi",0.251812995038366
"equi",0.0120561909945127
"equi",0.0179394423137096
"equi",0.231056305229794
"equi",0.0490052975979477
"equi",0.146793410454362
"equi",0.00937826629914404
"equi",0.0703084908852672
"equi",0.112505252241499
"equi",0.06525655038758
"equi",0.024972767329098
"equi",0.0201626369806956
"equi",0.0316415052603474
"equi",0.106919774363916
"equi",0.0619942108271751
"equi",0.0356195541609991
"equi",0.162602921713686
"equi",0.215329648741787
"equi",0.0298772609963143
"equi",0.0885594691158715
"equi",0.100208163277277
"equi",0.0214975498555231
"equi",0.0990601069415002
"equi",0.00276882528083518
"equi",0.0191718549066137
"equi",0.0347821658833961
"equi",0.0172027069109141
"equi",0.0212745263715198
"equi",0.080965814351022
"equi",0.0541821805204674
"equi",0.125220695908734
"equi",0.0417696835399656
"equi",0.106672299937167
"equi",0.0760601080070191
"equi",0.0393076587038712
"equi",0.130518852067663
"equi",0.0556805655837411
"equi",0.0247783409164235
"equi",0.0393292015030353
"equi",0.00567240203907529
"equi",0.0061887256447318
"equi",0.0201610849766092
"equi",0.0170708999512209
"equi",0.0517638264270412
"equi",0.0216144409464011
"equi",0.0116491172958785
"equi",0.0407518068597913
"equi",0.115032083603323
"equi",0.131523059271165
"equi",0.0186492368342568
"equi",0.0162237036558681
"equi",0.0910142850241044
"equi",0.0288486860309297
"equi",0.162981067235439
"equi",0.0783037574896975
"equi",0.0883069184228756
"equi",0.00626877799294559
"equi",0.0520609577903748
"equi",0.114685250842911
"equi",0.0965084216533069
"equi",0.0990335691098838
"equi",0.0740070630657525
"equi",0.054604534932373
"equi",0.0837062169979738
"equi",0.00301940819471617
"equi",0.0274274620212033
"equi",0.0570783519392474
"equi",0.0303311710914151
"equi",0.0660223887428566
"equi",0.0958587614784104
"equi",0.0641627632047229
"equi",0.0729198616739281
"equi",0.0209717413575741
"equi",0.216926997504942
"equi",0.0011421115001407
"equi",0.0749090972117396
"equi",0.0174021455554942
"equi",0.00351268523407323
"equi",0.110621937442619
"equi",0.122547294846408
"equi",0.00497796217037659
"equi",0.0799105966306859
"equi",0.0389673124515402
"equi",0.0303335877548377
"equi",0.0360885509475713
"equi",0.0365660855660007
"equi",0.321824835038664
"equi",0.150098209318147
"equi",0.0779059944848529
"equi",0.0697682884683641
"equi",0.0338175772556112
"equi",0.0465715594310567
"equi",0.0255840810683722
"equi",0.136903257192392
"equi",0.0870983702258668
"equi",0.164140296950108
"equi",0.264455821511201
"equi",0.137573510664678
"equi",0.0731871053975074
"equi",0.0332420027085778
"equi",0.137185718418791
"equi",0.0385519134519465
"equi",0.08528808458919
"equi",0.078971345437347
"equi",0.107316897828924
"equi",0.123303936095543
"equi",0.175755287457259
"equi",0.151215489280878
"equi",0.0272270798198755
"equi",0.102218625212698
"equi",0.0710609292598322
"equi",0.0768627362427011
"equi",0.0092485631522497
"equi",0.162235807113766
"equi",0.0465010733251787
"equi",0.250916479297529
"equi",0.370867277121844
"equi",0.0152698874457004
"equi",0.143029729107262
"equi",0.111838779375635
"equi",0.159147924007408
"equi",0.118413923499067
"equi",0.182533738916522
"equi",0.0911392657832752
"equi",0.00349385081985923
"equi",0.0165544831057936
"equi",0.0580669011046053
"equi",0.242005538032838
"equi",0.00719942493558451
"equi",0.0314013261097082
"equi",0.041099386401353
"equi",0.00781030809474825
"equi",0.0307088802420911
"equi",0.0776744870695967
"equi",0.0247663671213393
"equi",0.00950466049584994
"equi",0.118395541040866
"equi",0.14951343949241
"equi",0.188168473038277
"equi",0.170046832370507
"equi",0.0131949180958737
"equi",0.0457391017878038
"equi",0.0332485153764075
"equi",0.0108241608317914
"equi",0.047124559797895
"equi",0.218468713818623
"equi",0.0571028942083091
"equi",0.0473454991139551
"equi",0.166002088891912
"equi",0.132467159431908
"equi",0.151232331445109
"equi",0.0615335376108992
"equi",0.152267276192862
"equi",0.0169138156239484
"equi",0.155597526711243
"equi",0.0742150045550442
"equi",0.0874016725929827
"equi",0.0325573580707118
"equi",0.176222566713441
"equi",0.13126383105992
"equi",0.118785484955133
"equi",0.0336077702969679
"equi",0.235962515045632
"equi",0.127779097019764
"equi",0.272851870285377
"equi",0.0803614309294221
"equi",0.208365514374617
"equi",0.20287527465762
"equi",0.127145969989474
"equi",0.209779041260785
"equi",0.0166413928553788
"equi",0.198440024111962
"equi",0.135666769014577
"equi",0.0196198934015605
"equi",0.0469102633249013
"equi",0.0130216939691535
"equi",0.0423250588796747
"equi",0.113814831348845
"equi",0.169486282713112
"equi",0.296362911980025
"equi",0.001892190750896
"equi",0.213409239378189
"equi",0.0723148030704029
"equi",0.0241888035702391
"equi",0.124601979265398
"equi",0.0334495304241525
"equi",0.0472356052231129
"equi",0.0336120788078761
"equi",0.0988553693546604
"equi",0.0679384456596725
"equi",0.0412193937837326
"equi",0.0581027468953647
"equi",0.116561205392994
"equi",0.043606139868788
"equi",0.119721657507694
"equi",0.079188082179894
"equi",0.0363975175643451
"equi",0.11865102394665
"equi",0.0360292839215754
"equi",0.144303012303211
"equi",0.105138143643216
"equi",0.115944683572975
"equi",0.151144508245622
"equi",0.0327104385527824
"equi",0.14796694979078
"equi",0.170093050163773
"equi",0.037209595633257
"equi",0.0492049250844645
"equi",0.113265332742903
"equi",0.10150239268757
"equi",0.123793937589036
"equi",0.266534260499877
"equi",0.0922336948425385
"equi",0.0878775470385152
"equi",0.0487068039634123
"equi",0.00991873380402003
"equi",0.00580205016298663
"equi",0.209636850601951
"equi",0.0496465921567788
"equi",0.0703161233695899
"equi",0.0521004692729205
"equi",0.0646883141054831
"equi",0.189360455905688
"equi",0.0525207812884668
"equi",0.0827081632678409
"equi",0.0979960116807125
"equi",0.102808176334671
"equi",0.0714678517658637
"equi",0.0622064614391813
"equi",0.0353572120182021
"equi",0.0105199132042395
"equi",0.0504824088685149
"equi",0.0222523204466356
"equi",0.0224890181951586
"equi",0.18289502279308
"equi",0.0896244083098493
"equi",0.0140408426311587
"equi",0.114342460744646
"equi",0.0652769511495832
"equi",0.11343644051832
"equi",0.327810666402531
"equi",0.0897252383194064
"equi",0.0262465432553971
"equi",0.0143427168957891
"equi",0.00245011958914976
"equi",0.0586094614669792
"equi",0.0666769722731235
"equi",0.0833292895417273
"equi",0.109769671876423
"equi",0.0882794351243102
"equi",0.152755354933482
"equi",0.0646494002004964
"equi",0.111578165255644
"equi",0.0325093779665264
"equi",0.104361074591096
"equi",0.088659499165629
"equi",0.0154037378484279
"equi",0.0121519339294485
"equi",0.174721528397649
"equi",0.10239209934352
"equi",0.0936812285734275
"equi",0.13080884462519
"equi",0.214457555415882
"equi",0.147604874740654
"equi",0.0941118018251674
"equi",0.00421165283644379
"equi",0.0669496283086385
"equi",0.0598224968625507
"equi",0.0923400812177168
"equi",0.00218979798388677
"equi",0.10210799025915
"equi",0.108819814956263
"equi",0.0145333935509331
"equi",0.153753861348891
"equi",0.174585976020404
"equi",0.161842177512166
"equi",0.174978643073462
"equi",0.0922773747595479
"equi",0.0723052078433031
"equi",0.106296756592735
"equi",0.0965543101409325
"equi",0.051549903428664
"equi",0.014261034572987
"equi",0.0629948963130981
"equi",0.191083536021629
"equi",0.13150973862743
"equi",0.103110514259643
"equi",0.108635191769304
"equi",0.105178268518982
"equi",0.125000302262045
"equi",0.0822648206659917
"equi",0.0780167363866405
"equi",0.117481519612363
"equi",0.219294785922542
"equi",0.16468302772833
"equi",0.205011969559266
"equi",0.0534538051783774
"equi",0.180230139814029
"equi",0.0663045775870371
"equi",0.00849739744794714
"equi",0.105358654579345
"equi",0.0492715568370664
"equi",0.0520530579263205
"equi",0.0772849445581942
"equi",0.05376117513885
"equi",0.11100123047894
"equi",0.132665679834762
"equi",0.107302059688106
"equi",0.227673286359929
"equi",0.156233265050422
"equi",0.140529921058488
"equi",0.104714269691581
"equi",0.0113900289122532
"equi",0.0973972490148197
"equi",0.00787334816145457
"equi",0.0612056788911887
"equi",0.0311617998803988
"equi",0.00927236336393649
"equi",0.114394908347394
"equi",0.0623545256563977
"equi",0.129232575119775
"equi",0.0279475199639852
"equi",0.036552019228741
"equi",0.066603702740647
"equi",0.0287954178443986
"equi",0.0275226840686576
"equi",0.178649847778458
"equi",0.138250813273054
"equi",0.129959233545773
"equi",0.0643466262719489
"equi",0.0822763971982807
"equi",0.0585541988624051
"equi",0.119023315668483
"equi",0.065297127490829
"equi",0.0709363316783833
"equi",0.0788978925445884
"equi",0.0305818546109019
"equi",0.00546056829856501
"equi",0.309839171820604
"equi",0.231100862616631
"equi",0.0848250886831966
"equi",0.0286166108148946
"equi",0.0531670810733083
"equi",0.101205999344645
"equi",0.0135952493228784
"equi",0.0255857623566812
"equi",0.160753506139014
"equi",0.221320330682105
"equi",0.102674238534577
"equi",0.143379032697993
"equi",0.0399752369563856
"equi",0.191411050999826
"equi",0.0198125063142744
"equi",0.174810136028018
"equi",0.14016463390144
"equi",0.141130216460088
"equi",0.0266590212015097
"equi",0.0589336211982517
"equi",0.291305824665628
"equi",0.0590271619713779
"equi",0.167101735417669
"equi",0.0531146636101244
"equi",0.208729049210547
"equi",0.0110710660631119
"equi",0.0100930879119418
"equi",0.0144374486703056
"equi",0.00235263010233625
"equi",0.0700333692737332
"equi",0.095350692891557
"equi",0.17191669045012
"equi",0.163097434173176
"equi",0.0346728332139665
"equi",0.1474731885834
"equi",0.129014690418302
"equi",0.0415206744332326
"equi",0.0743247651444996
"equi",0.0432861488902206
"equi",0.0778571717934822
"equi",0.104721663016629
"equi",0.105485073010328
"equi",0.114316876654048
"equi",0.12523653092115
"equi",0.0225643215199176
"equi",0.0352620419687311
"equi",0.0776179323667275
"equi",0.0855620840105953
"equi",0.12815334686789
"equi",0.0912663227258345
"equi",0.0575298086599758
"equi",0.0885843678053885
"equi",0.125676672224502
"equi",0.0581320438755299
"equi",0.0553862520205799
"equi",0.0799623173319955
"equi",0.08476116539504
"equi",0.146926863304932
"equi",0.0411885831216411
"equi",0.0171236525343287
"equi",0.0367537274649709
"equi",0.143313612711714
"equi",0.0411871047673656
"equi",0.127087826405702
"equi",0.04978492226599
"equi",0.0915313004118955
"equi",0.161369864309461
"equi",0.121312602959924
"equi",0.138377535857149
"equi",0.0738599438920256
"equi",0.192958489526367
"equi",0.0984117233217677
"equi",0.0657210214670801
"equi",0.14752989370865
"equi",0.0315293245665574
"equi",0.0979675352548257
"equi",0.0452062789116448
"equi",0.115906078895912
"equi",0.0921877426161719
"equi",0.0256546894087016
"equi",0.00388319818983134
"equi",0.011304110360321
"equi",0.169492318458451
"equi",0.227526389372784
"equi",0.0548474894754071
"equi",0.135196794899525
"equi",0.0108787458105496
"equi",0.054161810631429
"equi",0.0356260908641484
"equi",0.0693779169830178
"equi",0.171689812043435
"equi",0.0538705198066727
"equi",0.0672656140663079
"equi",0.010182827609114
"equi",0.0174965495946821
"equi",0.0123118344188917
"equi",0.0143864720466181
"equi",0.152909304947729
"equi",0.0130223761474542
"equi",0.0290222679895829
"equi",0.0642391934818229
"equi",0.125821033923791
"equi",0.0835756798526903
"equi",0.165887263156538
"equi",0.0908228798060824
"equi",0.165888744699295
"equi",0.0817703037910114
"equi",0.0312012707964921
"equi",0.0434455403486793
"equi",0.0911543414196852
"equi",0.114185462954963
"equi",0.0258417284239282
"equi",0.020318421086069
"equi",0.00712450055610417
"equi",0.00134066441986132
"equi",0.120530949623601
"equi",0.0122415470755589
"equi",0.0269113116866478
"equi",0.0848612087246993
"equi",0.0111774039846532
"equi",0.0672352479237587
"equi",0.0603420342503843
"equi",0.0125778186898024
"equi",0.0477769931921173
"equi",0.0641144717202674
"equi",0.0741377120408457
"equi",0.0738211955504708
"equi",0.00759547427739912
"equi",0.171703741635786
"equi",0.0840701185368579
"equi",0.293864997659644
"equi",0.0903249998815966
"equi",0.059209420468404
"equi",0.0463057411257051
"equi",0.0278803566153024
"equi",0.0333396433967612
"equi",0.122459669873742
"equi",0.203799148246297
"equi",0.0709529779789768
"equi",0.0604065796223051
"equi",0.015735922233544
"equi",0.01755048616716
"equi",0.18340312149451
"equi",0.0987118163499451
"equi",0.0473031362534446
"equi",0.169691163090746
"equi",0.0141722012899345
"equi",0.227193451250025
"equi",0.254107107269714
"equi",0.00208786502399044
"equi",0.141955658192914
"equi",0.0700766551313539
"equi",0.13100156782614
"equi",0.0316138217966003
"equi",0.352260123469331
"equi",0.23518555792178
"equi",0.000820401521243463
"equi",0.150345360169453
"equi",0.137903211960833
"equi",0.0420465922792804
"equi",0.0935056927582626
"equi",0.0926501287586761
"equi",0.14066034804405
"equi",0.304553133913572
"equi",0.253196123542415
"equi",0.0472880560620615
"equi",0.202423366542044
"equi",0.118441669683686
"equi",0.191649638548117
"equi",0.0470113099101435
"equi",0.0835553804404199
"equi",0.0423526883056001
"equi",0.00470687763469174
"equi",0.0143969771439835
"equi",0.13653217454454
"equi",0.164933625720022
"equi",0.0569631197336064
"equi",0.029814465303702
"equi",0.132398972198549
"equi",0.0852669951644704
"equi",0.0764004413196895
"equi",0.112360884843328
"equi",0.0142590025228052
"equi",0.0679786478567923
"equi",0.0413213707027057
"equi",0.0553479213977355
"equi",0.0269541373171789
"equi",0.177306000536634
"equi",0.0741466572182551
"equi",0.280428707196988
"equi",0.176528787851875
"equi",0.0951752383796681
"equi",0.107003144792515
"equi",0.233552885961909
"equi",0.00954697765723836
"equi",0.162108900931185
"equi",0.0716240078935554
"equi",0.0668366506105538
"equi",0.176419794849625
"equi",0.0883232838720041
"equi",0.0137656418548896
"equi",0.116599139499426
"equi",0.0274468107185603
"equi",0.261444517543777
"equi",0.226832599481999
"equi",0.0592014451714474
"equi",0.0585948046115966
"equi",0.0808469452498914
"equi",0.0107445536095276
"equi",0.151920959015556
"equi",0.0424537449215362
"equi",0.14719941732581
"equi",0.14602127342084
"equi",0.04821235446279
"equi",0.0114252407718862
"equi",0.0904489384114772
"equi",0.171534469179885
"equi",0.106919572417839
"equi",0.178997783387426
"equi",0.198821091715021
"equi",0.045574294392904
"equi",0.223954118335468
"equi",0.164139789665027
"equi",0.0564300100322722
"equi",0.170202704876387
"equi",0.0507756465742351
"equi",0.222739611018824
"equi",0.262637253573869
"equi",0.079548826948168
"equi",0.0756657148832438
"equi",0.0988746998154306
"equi",0.11500623039542
"equi",0.0160964764706579
"equi",0.0914557063929353
"equi",0.0377427678159649
"equi",0.0330951550373799
"equi",0.00909987740138743
"equi",0.199146495591093
"equi",0.176626018823752
"equi",0.158608456265117
"equi",0.0713730464782539
"equi",0.0344034374775647
"equi",0.147994271992463
"equi",0.215616519346798
"equi",0.220521131153725
"equi",0.204700141025789
"equi",0.230161161819018
"equi",0.192239852840146
"equi",0.124551352270055
"equi",0.260485360062776
"equi",0.098984380713335
"equi",0.0647790333285858
"equi",0.0857019270576004
"equi",0.0770008263677915
"equi",0.171442507357254
"equi",0.154045007272062
"equi",0.0590255826042466
"equi",0.0878993677437054
"equi",0.148428931854402
"equi",0.00400858810383297
"equi",0.205342338470066
"equi",0.0426253694348497
"equi",0.26047908829155
"equi",0.23929223724355
"equi",0.161670628660194
"equi",0.364629901759191
"equi",0.217873589716963
"equi",0.0722624628190717
"equi",0.127310352645602
"equi",0.03999367827249
"equi",0.13473610540716
"equi",0.00151234820065949
"equi",0.148947912349135
"equi",0.037065185305054
"equi",0.0629987260019019
"equi",0.109226070007529
"equi",0.0517230839998897
"equi",0.0450945349340814
"equi",0.142243706459167
"equi",0.0810246989030671
"equi",0.00796313117271183
"equi",0.034263946386987
"equi",0.0434342575658162
"equi",0.273741889002371
"equi",0.0469661073276093
"equi",0.00310940119868135
"equi",0.108820022291111
"equi",0.0142793865984159
"equi",0.0201790367273783
"equi",0.21122987871779
"equi",0.0667526458883269
"equi",0.22696520907444
"equi",0.143784860512405
"equi",0.0605724441385277
"equi",0.126108193187132
"equi",0.0593091718914183
"equi",0.0301408295884293
"equi",0.353933057644536
"equi",0.0340579341625264
"equi",0.150191398170045
"equi",0.0174461716458645
"equi",0.0272969022167067
"equi",0.159081226947777
"equi",0.172213619305236
"equi",0.0731223450634895
"equi",0.0683191728648908
"equi",0.0246772461482199
"equi",0.00860920470169478
"equi",0.0136159211355042
"equi",0.0598344986945291
"equi",0.145449632278046
"equi",0.28252374282254
"equi",0.0500931807200763
"equi",0.141726606284359
"equi",0.0961663367988777
"equi",0.105719988445254
"equi",0.234624538731056
"equi",0.217316186663878
"equi",0.231501707694333
"equi",0.110994510791331
"equi",0.0395144769427546
"equi",0.153107361339632
"equi",0.0369541738644806
"equi",0.24486495865204
"equi",0.0533822629449084
"equi",0.245170755298844
"equi",0.147112897843883
"equi",0.145675605332572
"equi",0.107943634137538
"equi",0.13649396689087
"equi",0.107408524800097
"equi",0.0173622270755712
"equi",0.0576311281306502
"equi",0.0835172028650987
"equi",0.0964505874334366
"equi",0.00524301898425572
"equi",0.180115041061521
"equi",0.145182604595226
"equi",0.0163530131794443
"equi",0.0208862734637059
"equi",0.223749735247257
"equi",0.0159998720150196
"equi",0.00808152556339489
"equi",0.0346282688887356
"equi",0.0878158057550642
"equi",0.0102915497276366
"equi",0.00148259271102261
"equi",0.0126551190150043
"equi",0.107307894822442
"equi",0.024559278644006
"equi",0.0124080404245871
"equi",0.0744285601999005
"equi",0.0236206295474906
"equi",0.0239576327307655
"equi",0.189009383102166
"equi",0.000444902678820587
"equi",0.0642129683102582
"equi",0.102792438921449
"equi",0.0650218374772125
"equi",0.0402179683845578
"equi",0.105534464876784
"equi",0.063341351563702
"equi",0.0936857868082766
"equi",0.0392723987737787
"equi",0.025934950461126
"equi",0.0982100308472333
"equi",0.0448667251457356
"equi",0.0579533223843986
"equi",0.165585116449626
"equi",0.127717400047895
"equi",0.0667924522475112
"equi",0.0503612268232702
"equi",0.0318315751135858
"equi",0.125682262516713
"equi",0.0186735718528256
"equi",0.0834546962227281
"equi",0.0763551795282909
"equi",0.0958635332620393
"equi",0.0318286219235712
"equi",0.0125116197711822
"equi",0.0155268057721719
"equi",0.0974830991618257
"equi",0.0317059646671622
"equi",0.0350940610029375
"equi",0.0712565849794652
"equi",0.0399971009698025
"equi",0.131684803727124
"equi",0.00740078521573855
"equi",0.0116290545888887
"equi",0.0367372150940669
"equi",0.0217539400906599
"equi",0.10431471020187
"equi",0.125501172933657
"equi",0.0104530348265859
"equi",0.0984156303074605
"equi",0.12761041738113
"equi",0.0706005967478304
"equi",0.127291997296652
"equi",0.0788920942717977
"equi",0.114470798686363
"equi",0.134090137929957
"equi",0.00519687996153308
"equi",0.000877699439808907
"equi",0.0645873641736278
"equi",0.00889895240116063
"equi",0.0867818515394473
"equi",0.0160963340280973
"equi",0.0294233121942485
"equi",0.0913604019341603
"equi",0.0128654839040729
"equi",0.0665861324362019
"equi",0.0190673929007813
"equi",0.0807372352692103
"equi",0.0544978773380519
"equi",0.0349898216931693
"equi",0.144136402640955
"equi",0.0910160812377153
"equi",0.00393346924450483
"equi",0.0734910043785623
"equi",0.00967112086607846
"equi",0.0424351177822147
"equi",0.034857686915285
"equi",0.0646074966074622
"equi",0.0690899410872821
"equi",0.0545185890711846
"equi",0.022931962587713
"equi",0.0562212646611276
"equi",0.0377132022660992
"equi",0.0367282650564278
"equi",0.0935503041551987
"equi",0.0380690705079041
"equi",0.0351354485525995
"equi",0.0239927707917153
"equi",0.0467214141528962
"equi",0.0423439504576364
"equi",0.01278087984362
"equi",0.042891243129663
"equi",0.0149615314829631
"equi",0.079587705011427
"equi",0.0761949003319974
"equi",0.00355492996498832
"equi",0.105605796600907
"equi",0.0673320688321979
"equi",0.036627601295293
"equi",0.0248219738972469
"equi",0.185910732683196
"equi",0.10581279296338
"equi",0.154379389892907
"equi",0.14635423533785
"equi",0.0973022482819765
"equi",0.192137335376468
"equi",0.0149850408009973
"equi",0.0904646640737602
"equi",0.200963301482409
"equi",0.0181191554984722
"equi",0.189592131558756
"equi",0.00363079720650679
"equi",0.0825172213624292
"equi",0.124194674778735
"equi",0.186317022934457
"equi",0.111040816353002
"equi",0.0858593431524429
"equi",0.139749289889654
"equi",0.0165347232738999
"equi",0.172388753408402
"equi",0.215950469683813
"equi",0.238059551110546
"equi",0.0504614654352587
"equi",0.220371503688964
"equi",0.159891144172082
"equi",0.143726318197329
"equi",0.131049162138449
"equi",0.0172916582467572
"equi",0.374845878259192
"equi",0.0791427949629888
"equi",0.127150979885425
"equi",0.109306275864678
"equi",0.123995598550965
"equi",0.0709410276107031
"equi",0.179195541936786
"equi",0.0528567025583851
"equi",0.146205485605169
"equi",0.175847576178234
"equi",0.0154654286597917
"equi",0.0318887612681537
"equi",0.0204932266491662
"equi",0.13072574879395
"equi",0.0693741547924054
"equi",0.0486541368592331
"equi",0.323652000924427
"equi",0.143484092530608
"equi",0.0815969519535173
"equi",0.0875472795915045
"equi",0.0394747220856089
"equi",0.0331226652608878
"equi",0.0860227932837171
"equi",0.13313191179928
"equi",0.136576489711347
"equi",0.182111072636202
"equi",0.196423161894799
"equi",0.0171993438231234
"equi",0.117534359927606
"equi",0.0439764451801286
"equi",0.0428161094739239
"equi",0.0257447470538325
"equi",0.0576249203937923
"equi",0.10632125599029
"equi",0.237391332377442
"equi",0.170152983397758
"equi",0.173559595757661
"equi",0.0546422628456177
"equi",0.0803737320549191
"equi",0.081255248979968
"equi",0.145174633135616
"equi",0.0294084007276545
"equi",0.0102149735598619
"equi",0.142637251711431
"equi",0.0195700514771915
"equi",0.0140115257350911
"equi",0.134894765412965
"equi",0.0664761675628874
"equi",0.00747396384898845
"equi",0.112415590736089
"equi",0.269163193650923
"equi",0.0253126876842397
"equi",0.19315186901001
"equi",0.0188609408703672
"equi",0.00216697160648405
"equi",0.0988039764118093
"equi",0.0660397896116751
"equi",0.0393144417069395
"equi",0.145293985150195
"equi",0.0215866001422128
"equi",0.149840505962362
"equi",0.039709396664894
"equi",0.217096983525933
"equi",0.103897842134281
"equi",0.0254171518572661
"equi",0.0269397225647636
"equi",0.0386777787692358
"equi",0.166027905076625
"equi",0.113591624696976
"equi",0.10105426522193
"equi",0.012089682655412
"equi",0.014451039502093
"equi",0.0198690286720035
"equi",0.00810803219357195
"equi",0.123327728582529
"equi",0.102380313678472
"equi",0.0569228433739125
"equi",0.050153284575252
"equi",0.139207660895504
"equi",0.048657862295384
"equi",0.0389021717883291
"equi",0.163801098565866
"equi",0.0292435473239072
"equi",0.152687553979905
"equi",0.106834381381273
"equi",0.130978710815659
"equi",0.000728759603100829
"equi",0.112372301934023
"equi",0.0888736727170737
"equi",0.0892218559506786
"equi",0.0484480699203116
"equi",0.0366822043305208
"equi",0.145461924128471
"equi",0.149540655603762
"equi",0.0287408801905234
"equi",0.106149734346567
"equi",0.0163339323108804
"equi",0.0100906069971926
"equi",0.0284380929533872
"equi",0.153404512817455
"equi",0.0825935842803782
"equi",0.091901412073776
"equi",0.128277485873061
"equi",0.06262674445525
"equi",0.00499671650565386
"equi",0.0495030192655205
"equi",0.137073997442204
"equi",0.00260887992667053
"equi",0.0449746644211394
"equi",0.142978477737554
"equi",0.0882371449041501
"equi",0.102100616691474
"equi",0.131828916163284
"equi",0.00355679499464891
"equi",0.066706438366414
"equi",0.0849640765007486
"equi",0.045393711803941
"equi",0.133616493015452
"equi",0.0810869207301405
"equi",0.190517640934724
"equi",0.0980830233444171
"equi",0.0256899573770907
"equi",0.0856073787526803
"equi",0.0538991746182427
"equi",0.0830205306839471
"equi",0.169321979275143
"equi",0.0213742114138218
"equi",0.129151554718059
"equi",0.117092028386354
"equi",0.0457054866991342
"equi",0.123196758059301
"equi",0.0287923078262758
"equi",0.0453678463857429
"equi",0.0621299915647094
"equi",0.0147803848417981
"equi",0.11171552340379
"equi",0.0737962025530924
"equi",0.0689328933018991
"equi",0.0358744049505561
"equi",0.0296796401516978
"equi",0.0650394559991834
"equi",0.0218221452531493
"equi",0.0561628849839675
"equi",0.103738843078598
"equi",0.0272760735801952
"equi",0.0155416065616209
"equi",0.0160079083696297
"equi",0.0958760685729169
"equi",0.124141305743567
"equi",0.0474703480384423
"equi",0.044436891294262
"equi",0.0557080147392704
"equi",0.171020957397098
"equi",0.0517064256151291
"equi",0.0522353957406294
"equi",0.0498527440623554
"equi",0.0382297136507777
"equi",0.287883602367405
"equi",0.122215087218334
"equi",0.031705825780157
"equi",0.0736218653260133
"equi",0.00984950870791271
"equi",0.0703710446839265
"equi",0.0310562050755342
"equi",0.0873132020615276
"equi",0.0677229904353014
"equi",0.207439540317713
"equi",0.0103432905603771
"equi",0.0692606917643639
"equi",0.0690755351424097
"equi",0.102969560911898
"equi",0.0470087409041452
"equi",0.0472443317869766
"equi",0.0347984519358559
"sdp",0.160100316654573
"sdp",0.103113486498707
"sdp",0.0201816439358057
"sdp",0.0541348709273961
"sdp",0.177480741534788
"sdp",0.125276423307033
"sdp",0.100213084709308
"sdp",0.0356593934796507
"sdp",0.0348833554949511
"sdp",0.041874453182883
"sdp",0.0365319179707009
"sdp",0.101452730127526
"sdp",0.0711431011545179
"sdp",0.165307933905516
"sdp",0.000686169557779726
"sdp",0.0686568076544189
"sdp",0.109436609800888
"sdp",0.00634655098304901
"sdp",0.145380914322545
"sdp",0.0743582856199258
"sdp",0.0934726884499735
"sdp",0.0234810193898067
"sdp",0.116536834861463
"sdp",0.0476779432922771
"sdp",0.165136371076775
"sdp",0.0489549330491929
"sdp",0.0549369682159205
"sdp",0.063434767944486
"sdp",0.0772093764728467
"sdp",0.0599743631590835
"sdp",0.282058032258227
"sdp",0.0606886766178251
"sdp",0.119303318594571
"sdp",0.0660512643632635
"sdp",0.0890250967143967
"sdp",0.128378749386031
"sdp",0.00810966096779131
"sdp",0.147886528846963
"sdp",0.030986767599461
"sdp",0.179131770343658
"sdp",0.00777293806106183
"sdp",0.0813182743798453
"sdp",0.061702302838024
"sdp",0.0676591583198135
"sdp",0.0859587095154777
"sdp",0.058962244397284
"sdp",0.184564356610524
"sdp",0.235690184472018
"sdp",0.401753577578532
"sdp",0.267729224026177
"sdp",0.124320063768114
"sdp",0.115017121496821
"sdp",0.264884768882165
"sdp",0.308152941885131
"sdp",0.154465702336501
"sdp",0.0297997240053289
"sdp",0.01066507460633
"sdp",0.0844327319319167
"sdp",0.0831106531568258
"sdp",0.0915108034474119
"sdp",0.0768173510201845
"sdp",0.037585466882703
"sdp",0.00530703780325967
"sdp",0.0138141045953686
"sdp",0.00713482661967169
"sdp",0.30671099511218
"sdp",0.107083529628341
"sdp",0.120606821885544
"sdp",0.368476992997932
"sdp",0.126149998322124
"sdp",0.29989326977033
"sdp",0.1265192364229
"sdp",0.158788881151964
"sdp",0.270635404139426
"sdp",0.289367809491955
"sdp",0.197076302320237
"sdp",0.444411806286357
"sdp",0.137278248961431
"sdp",0.199153250814719
"sdp",0.194710086347835
"sdp",0.159935752070999
"sdp",0.345392314740782
"sdp",0.141434517263029
"sdp",0.254267764489999
"sdp",0.0813248758849552
"sdp",0.168674452154108
"sdp",0.139017262984866
"sdp",0.132420237248461
"sdp",0.257640019796215
"sdp",0.178784065674045
"sdp",0.386277772550388
"sdp",0.0135899680381683
"sdp",0.193952226161177
"sdp",0.11760721490609
"sdp",0.0729469296885568
"sdp",0.0485726145147749
"sdp",0.0604763283152506
"sdp",0.0361047607863326
"sdp",0.0913859677464695
"sdp",0.0319921233115744
"sdp",0.0610044566472267
"sdp",0.00284943402354738
"sdp",0.0385488777827009
"sdp",0.0688474423013947
"sdp",0.0539653687391991
"sdp",0.169278924880436
"sdp",0.0564589786300602
"sdp",0.101712960731586
"sdp",0.211159351028632
"sdp",0.0634803487363548
"sdp",0.00459690379636692
"sdp",0.0401311465132677
"sdp",0.00714294316896961
"sdp",0.0207267127547657
"sdp",0.00680281857332349
"sdp",0.211137698733045
"sdp",0.0530153299003435
"sdp",0.157896576621362
"sdp",0.195468154515523
"sdp",0.025264173410267
"sdp",0.248225175196622
"sdp",0.0947327193762063
"sdp",0.104581226817575
"sdp",0.148435441418278
"sdp",0.0640565345860422
"sdp",0.0647664799469988
"sdp",0.0817446756560795
"sdp",0.0613409590389453
"sdp",0.243106964778945
"sdp",0.085618539852211
"sdp",0.0639443101197438
"sdp",0.0342068353518306
"sdp",0.123370062797917
"sdp",0.173932939986377
"sdp",0.217287661595687
"sdp",0.0120662547080887
"sdp",0.116020192664662
"sdp",0.04512215300534
"sdp",0.0185973969361321
"sdp",0.00268112482225535
"sdp",0.0623390983944293
"sdp",0.170468965526059
"sdp",0.070253770234538
"sdp",0.156583499862106
"sdp",0.122593085528248
"sdp",0.0533561752181314
"sdp",0.089163477907935
"sdp",0.204525507349436
"sdp",0.0298112929944137
"sdp",0.0991330860337969
"sdp",0.0494074052680317
"sdp",0.0618481174786215
"sdp",0.0135930194046422
"sdp",0.00260677930115247
"sdp",0.197601875500741
"sdp",0.0236522954177032
"sdp",0.152079535087166
"sdp",0.0208835402362299
"sdp",0.0754176516209741
"sdp",0.0132005586859892
"sdp",0.103913446195208
"sdp",0.0838716715444223
"sdp",0.0845314229687884
"sdp",0.149549530916539
"sdp",0.0508665972917406
"sdp",0.146124384033394
"sdp",0.146795602281023
"sdp",0.15837779512159
"sdp",0.00374897296910729
"sdp",0.0734383702877861
"sdp",0.0276875158913966
"sdp",0.0349466065319256
"sdp",0.581891349040809
"sdp",0.261027857160621
"sdp",0.445594401055971
"sdp",0.321562092824852
"sdp",0.0347516616820034
"sdp",0.127208815369036
"sdp",0.387092493737603
"sdp",0.298918698295861
"sdp",0.339834828449471
"sdp",0.257884151310095
"sdp",0.265510401403592
"sdp",0.291339670684225
"sdp",0.293708064382714
"sdp",0.0332097804422671
"sdp",0.240324679047567
"sdp",0.327662062765945
"sdp",0.0669349971914575
"sdp",0.223537715955639
"sdp",0.0744434261690296
"sdp",0.112090796794785
"sdp",0.0409198141252577
"sdp",0.0547017434597523
"sdp",0.00339508563876277
"sdp",0.0925030987802399
"sdp",0.0319935595742984
"sdp",0.0996711365452518
"sdp",0.211653370674701
"sdp",0.0870205994015603
"sdp",0.155393566343677
"sdp",0.14346676385581
"sdp",0.0218506871332265
"sdp",0.0999592204085661
"sdp",0.0702985816248038
"sdp",0.170128256307061
"sdp",0.0596140274064907
"sdp",0.114832985594009
"sdp",0.00401628004107646
"sdp",0.133890392782613
"sdp",0.105895724743386
"sdp",0.0413718698482429
"sdp",0.261014053821912
"sdp",0.351442037486613
"sdp",0.081373789070101
"sdp",0.241236006469017
"sdp",0.0107406373300939
"sdp",0.30109344078419
"sdp",0.167491981789836
"sdp",0.211259367949784
"sdp",0.104285453556045
"sdp",0.237971993378076
"sdp",0.40899884244388
"sdp",0.289839494164467
"sdp",0.0404456961875713
"sdp",0.0284835940401391
"sdp",0.216184064353066
"sdp",0.0617464111067326
"sdp",0.169684819462727
"sdp",0.119980929699031
"sdp",0.0378517295405196
"sdp",0.0130181885472546
"sdp",0.16358259642217
"sdp",0.425103212975478
"sdp",0.378702849606358
"sdp",0.321715553438084
"sdp",0.307610644707833
"sdp",0.135599056368154
"sdp",0.31648930384011
"sdp",0.550766805835867
"sdp",0.313780837570555
"sdp",0.170595579192457
"sdp",0.295016606546119
"sdp",0.506771288879051
"sdp",0.129285972572579
"sdp",0.108981137193997
"sdp",0.118665672508051
"sdp",0.239825642073899
"sdp",0.0212448185572165
"sdp",0.252292792450502
"sdp",0.395629282582422
"sdp",0.090752666019754
"sdp",0.118755088038265
"sdp",0.0905046100318079
"sdp",0.0921773425939652
"sdp",0.185309514967664
"sdp",0.0830748093322219
"sdp",0.0490364336793102
"sdp",0.277290571150808
"sdp",0.097560721294368
"sdp",0.138991789470315
"sdp",0.276561594512168
"sdp",0.133241745138535
"sdp",0.29502967325717
"sdp",0.136343407908844
"sdp",0.290935182112128
"sdp",0.367456095853034
"sdp",0.0513966247957468
"sdp",0.255005377242468
"sdp",0.0141293225411501
"sdp",0.113564301286333
"sdp",0.0297424076180871
"sdp",0.183770183884956
"sdp",0.118754411400592
"sdp",0.265604681208301
"sdp",0.10015912038056
"sdp",0.149402075541478
"sdp",0.0440841828264444
"sdp",0.231141488429351
"sdp",0.0850874482153872
"sdp",0.00208091275597996
"sdp",0.22882104646353
"sdp",0.0676031724563239
"sdp",0.0530254677004394
"sdp",0.213259571309962
"sdp",0.0117527390503954
"sdp",0.413483117397516
"sdp",0.0742328206198975
"sdp",0.321366443600779
"sdp",0.168896416695626
"sdp",0.0541613922408168
"sdp",0.141694040213784
"sdp",0.116639996405896
"sdp",0.0357190222802834
"sdp",0.0402336959442343
"sdp",0.33012373201692
"sdp",0.0127532102293297
"sdp",0.37243503543621
"sdp",0.613216860503766
"sdp",0.21897323752349
"sdp",0.175489390299857
"sdp",0.157641882587197
"sdp",0.268119689440885
"sdp",0.125112752660696
"sdp",0.156768420515775
"sdp",0.104667839566546
"sdp",0.0223813856161003
"sdp",0.0885751889491987
"sdp",0.0323813550753649
"sdp",0.0810355739427797
"sdp",0.0210299654988182
"sdp",0.0360262594007859
"sdp",0.179546200139244
"sdp",0.166707403075838
"sdp",0.0120563447759465
"sdp",0.193586802046018
"sdp",0.0144646157052469
"sdp",0.0406626045145933
"sdp",0.0219502402517151
"sdp",0.11452648836841
"sdp",0.112010563327892
"sdp",0.288832209109921
"sdp",0.188473884986318
"sdp",0.289804511388232
"sdp",0.325840129228603
"sdp",0.00872765628769792
"sdp",0.0726842465001222
"sdp",0.0954455010380188
"sdp",0.131857783557958
"sdp",0.162452907415623
"sdp",0.179156870103787
"sdp",0.065742469075575
"sdp",0.103215115897224
"sdp",0.0250471349585976
"sdp",0.0575578601236006
"sdp",0.0415062721475507
"sdp",0.242097269622528
"sdp",0.0549103746538147
"sdp",0.20353841432361
"sdp",0.208598662803608
"sdp",0.164959847192551
"sdp",0.280442636151723
"sdp",0.010955584479968
"sdp",0.170663835781544
"sdp",0.206660171618969
"sdp",0.0927629521152379
"sdp",0.162518813093172
"sdp",0.177436316606892
"sdp",0.182745040179808
"sdp",0.10311370614166
"sdp",0.0464824948499785
"sdp",0.230959754883008
"sdp",0.129335321295244
"sdp",0.0613366733097611
"sdp",0.0714033799761731
"sdp",0.151785670027551
"sdp",0.0557453505080949
"sdp",0.0338105840400727
"sdp",0.0187661072494885
"sdp",0.0403699912799174
"sdp",0.0367324929514135
"sdp",0.145875013975978
"sdp",0.155002664689583
"sdp",0.09930495658244
"sdp",0.185901941226062
"sdp",0.162647337317961
"sdp",0.0934576001562778
"sdp",0.0106587088215416
"sdp",0.277027393233822
"sdp",0.0375737667093947
"sdp",0.271321510719949
"sdp",0.145515186328489
"sdp",0.0852261399538409
"sdp",0.29427608154229
"sdp",0.108872299254062
"sdp",0.05368847246667
"sdp",0.0477286257164701
"sdp",0.298180648142689
"sdp",0.091656764729217
"sdp",0.143195736676826
"sdp",0.0985545946422459
"sdp",0.181336646426002
"sdp",0.0518590116590897
"sdp",0.027260719387019
"sdp",0.119258305655005
"sdp",0.0482325386036257
"sdp",0.303808679095397
"sdp",0.0901280912744744
"sdp",0.0964682127899189
"sdp",0.106759757898815
"sdp",0.295779618499333
"sdp",0.313109023919577
"sdp",0.0260502625280942
"sdp",0.0756083200063921
"sdp",0.0939600901227644
"sdp",0.113634482406114
"sdp",0.10543210070854
"sdp",0.188255083508303
"sdp",0.0514392265426628
"sdp",0.178167133884543
"sdp",0.233555486393811
"sdp",0.0669477528606968
"sdp",0.181247483907565
"sdp",0.398494827985431
"sdp",0.0406586845461075
"sdp",0.0638327296222718
"sdp",0.077458423649173
"sdp",0.101815263277701
"sdp",0.0724490989716882
"sdp",0.0212352748874114
"sdp",0.00681470644486344
"sdp",0.112374171597906
"sdp",0.0126695991840727
"sdp",0.0858065809604336
"sdp",0.0170961602927336
"sdp",0.108389603923772
"sdp",0.0386137479250554
"sdp",0.0331041869300382
"sdp",0.17898160769286
"sdp",0.0151984702538562
"sdp",0.00247953011862701
"sdp",0.203846499791794
"sdp",0.164349794278438
"sdp",0.0203113171826866
"sdp",0.0620062200678925
"sdp",0.130661590117934
"sdp",0.0770398352344376
"sdp",0.0121333868019488
"sdp",0.138861935488322
"sdp",0.0502397099627628
"sdp",0.0960650279046736
"sdp",0.0518739668606339
"sdp",0.01308389375942
"sdp",0.0897960407389919
"sdp",0.0585747064354501
"sdp",0.0622557897234942
"sdp",0.0308597432917458
"sdp",0.0283300106086707
"sdp",0.0900281614380299
"sdp",0.0372420943970859
"sdp",0.0750097454368832
"sdp",0.0525006704628533
"sdp",0.047497052753349
"sdp",0.0261258312773677
"sdp",0.131732805283067
"sdp",0.266242648357014
"sdp",0.00616576296156796
"sdp",0.0737129264705288
"sdp",0.07690181270063
"sdp",0.0962519772685511
"sdp",0.0121560920666979
"sdp",0.069789119845798
"sdp",0.0561603082549688
"sdp",0.109777346930179
"sdp",0.27210869197743
"sdp",0.14416393070209
"sdp",0.104339799057328
"sdp",0.21376442812517
"sdp",0.00539618716651472
"sdp",0.0254015495026976
"sdp",0.021188735603394
"sdp",0.115657082083489
"sdp",0.00576557164557398
"sdp",0.178586159592073
"sdp",0.127312084131073
"sdp",0.0781960186571641
"sdp",0.204510334729173
"sdp",0.0132057291032274
"sdp",0.181558243447482
"sdp",0.102950251167895
"sdp",0.173943389233933
"sdp",0.0295367892033537
"sdp",0.125247309548648
"sdp",0.0568481914422468
"sdp",0.083249116195395
"sdp",0.119955725769042
"sdp",0.154891369102131
"sdp",0.0290855705984882
"sdp",0.0706037115957693
"sdp",0.0474511102138534
"sdp",0.132919211417316
"sdp",0.0204526195402602
"sdp",0.0328073060884546
"sdp",0.0786468500642839
"sdp",0.100038130042275
"sdp",0.0269373627374919
"sdp",0.0932931097944327
"sdp",0.0662136193855191
"sdp",0.0427984357243686
"sdp",0.0867157773353469
"sdp",0.115591496482389
"sdp",0.110250241138788
"sdp",0.240007590017559
"sdp",0.0514071743197276
"sdp",0.0746443583887251
"sdp",0.145787889980764
"sdp",0.0169358998993432
"sdp",0.00294799272272198
"sdp",0.0379031166434505
"sdp",0.0681129784934383
"sdp",0.108963075046101
"sdp",0.079707503725174
"sdp",0.065906005488972
"sdp",0.0139555572050257
"sdp",0.0243962564623719
"sdp",0.0878427391224361
"sdp",0.257239331314568
"sdp",0.0405237708618136
"sdp",0.0698563078885496
"sdp",0.0711225130412325
"sdp",0.0822437435198997
"sdp",0.00988292848941278
"sdp",0.0731655231551506
"sdp",0.102110160847811
"sdp",0.0401837556381154
"sdp",0.279290939462016
"sdp",0.11565573219422
"sdp",0.112858545595942
"sdp",0.137948293230215
"sdp",0.0321938995857008
"sdp",0.0461670934579676
"sdp",0.0244556508330031
"sdp",0.182131776853476
"sdp",0.0749406194823774
"sdp",0.111923125353069
"sdp",0.118747306872155
"sdp",0.0811294567398051
"sdp",0.167513436171044
"sdp",0.0629934656450401
"sdp",0.304455201216186
"sdp",0.201637710497559
"sdp",0.295044669865429
"sdp",0.0306875193455072
"sdp",0.00909603736190864
"sdp",0.0132734469955663
"sdp",0.177033868985458
"sdp",0.263607006171922
"sdp",0.221944278865917
"sdp",0.323123592383274
"sdp",0.0145499886598385
"sdp",0.294954214085224
"sdp",0.378544001743968
"sdp",0.0637254602840308
"sdp",0.110435232355865
"sdp",0.245403866263252
"sdp",0.166715095882344
"sdp",0.106042256851133
"sdp",0.393537912208709
"sdp",0.0422199873914561
"sdp",0.299895029626901
"sdp",0.399561239624677
"sdp",0.122223104934688
"sdp",0.0530391064956787
"sdp",0.240748181207934
"sdp",0.100837020497571
"sdp",0.104438094639554
"sdp",0.13061761828164
"sdp",0.0767500717737069
"sdp",0.200833683646105
"sdp",0.0818930190737731
"sdp",0.140828100208002
"sdp",0.064683534516018
"sdp",0.0299724227894336
"sdp",0.0677939799419745
"sdp",0.0971063608194829
"sdp",0.0454565752442644
"sdp",0.0181439073368846
"sdp",0.0189343103257607
"sdp",0.0464336397846981
"sdp",0.101679747613355
"sdp",0.0360304627868192
"sdp",0.211228488027332
"sdp",0.165817320282854
"sdp",0.0421245374394904
"sdp",0.0931245184307205
"sdp",0.0260266328517034
"sdp",0.00330469336605807
"sdp",0.0924895307678436
"sdp",0.170830174803742
"sdp",0.141953301709281
"sdp",0.277803643562085
"sdp",0.237523427493784
"sdp",0.0209365992342656
"sdp",0.427397134430938
"sdp",0.0920805627817258
"sdp",0.0764469249589347
"sdp",0.0319344321033978
"sdp",0.0394069494412138
"sdp",0.0488723662824805
"sdp",0.0392402606339998
"sdp",0.0421613935512742
"sdp",0.000501594543620518
"sdp",0.249897535565944
"sdp",0.00779670897575574
"sdp",0.119545561144364
"sdp",0.219659131464792
"sdp",0.214773808224455
"sdp",0.0947539603144407
"sdp",0.0162125726685393
"sdp",0.0305344884441429
"sdp",0.0891123293849632
"sdp",0.090158785327928
"sdp",0.015751299795094
"sdp",0.0837762602522194
"sdp",0.0263556921653876
"sdp",0.00256061678911628
"sdp",0.112510593057838
"sdp",0.0401799688342005
"sdp",0.120083001436827
"sdp",0.0445245165587583
"sdp",0.170194632167304
"sdp",0.0790113166294876
"sdp",0.0622075123431268
"sdp",0.0252519731906637
"sdp",0.163798381645773
"sdp",0.0205713052160162
"sdp",0.272650843173542
"sdp",0.166292384898788
"sdp",0.0688829501870478
"sdp",0.15322090543634
"sdp",0.128482718057784
"sdp",0.0884343141190968
"sdp",0.026308740234129
"sdp",0.171283328058815
"sdp",0.195558976323967
"sdp",0.0490756399687708
"sdp",0.203106783272459
"sdp",0.0219257768050775
"sdp",0.182901828872052
"sdp",0.0109709894200837
"sdp",0.218475742722577
"sdp",0.172495902351566
"sdp",0.172757008375109
"sdp",0.112781018186442
"sdp",0.0454730210635057
"sdp",0.165002099039579
"sdp",0.0407342071506767
"sdp",0.0643825861468092
"sdp",0.0488349160894307
"sdp",0.0438593813008173
"sdp",0.121765142815963
"sdp",0.111353333241259
"sdp",0.207769348946503
"sdp",0.122339981276608
"sdp",0.168978302041144
"sdp",0.0424220540553808
"sdp",0.134147424627686
"sdp",0.0692111806543457
"sdp",0.0320871080854418
"sdp",0.0248999453862027
"sdp",0.0247018526173816
"sdp",0.153641051197676
"sdp",0.337396489247173
"sdp",0.085534708320204
"sdp",0.180614371829288
"sdp",0.145665897028147
"sdp",0.226455302802136
"sdp",0.044172194480039
"sdp",0.152956241914386
"sdp",0.046112484534799
"sdp",0.0119961120667956
"sdp",0.144126529437122
"sdp",0.0670025780439028
"sdp",0.37410842928095
"sdp",0.200211640473088
"sdp",0.31804053405031
"sdp",0.135502628807225
"sdp",0.0657571293764523
"sdp",0.0329048429936929
"sdp",0.0534618871566149
"sdp",0.113007411243161
"sdp",0.0558982865287491
"sdp",0.0418797038589507
"sdp",0.0304473737827472
"sdp",0.00616840981508829
"sdp",0.0045248469013518
"sdp",0.064004074439844
"sdp",0.0119107153078738
"sdp",0.0503146740340064
"sdp",0.139721802676918
"sdp",0.0426279675726425
"sdp",0.042274822085146
"sdp",0.00414105532276984
"sdp",0.0522183299662368
"sdp",0.0378895614857583
"sdp",0.0279777000327812
"sdp",0.0460650876457877
"sdp",0.0277002212727292
"sdp",0.134358329114035
"sdp",0.0229143995432469
"sdp",0.00804232487101471
"sdp",0.0416358444247793
"sdp",0.0569154613375096
"sdp",0.102304248071367
"sdp",0.0530609778911142
"sdp",0.0853967233077751
"sdp",0.0257599748165105
"sdp",0.0723137256519923
"sdp",0.0216432179744036
"sdp",0.0141053660006129
"sdp",0.0242887715559808
"sdp",0.0228363189320784
"sdp",0.0039959983752909
"sdp",0.075710857337929
"sdp",0.224991941286609
"sdp",0.168719690722297
"sdp",0.0551849359993636
"sdp",0.145784968489578
"sdp",0.00529371797640345
"sdp",0.0793206356278371
"sdp",0.156047377811738
"sdp",0.0542960119110596
"sdp",0.13984745364179
"sdp",0.0653771397990824
"sdp",0.0826936638146288
"sdp",0.0882810748069728
"sdp",0.164798533176127
"sdp",0.0261777082866012
"sdp",0.13105569361325
"sdp",0.115681430589789
"sdp",0.109008703142007
"sdp",0.0363381881715284
"sdp",0.147912835064174
"sdp",0.0117928871402082
"sdp",0.111861350202651
"sdp",0.109726870299086
"sdp",0.215018889982633
"sdp",0.114574916429081
"sdp",0.113227852547025
"sdp",0.120255667057998
"sdp",0.0914426568323198
"sdp",0.0721765562046015
"sdp",0.135297307138541
"sdp",0.0526195074722346
"sdp",0.0697484449958466
"sdp",0.082809829075336
"sdp",0.0215963546327097
"sdp",0.0666995410184341
"sdp",0.293440792982204
"sdp",0.0925735963838271
"sdp",0.0552046381904025
"sdp",0.130745610917727
"sdp",0.0557189725324113
"sdp",0.0194502297537301
"sdp",0.105566546270373
"sdp",0.00256484163101146
"sdp",0.0936020608679124
"sdp",0.0921140100859196
"sdp",0.0953679167280695
"sdp",0.135245641074414
"sdp",0.0134277199060861
"sdp",0.061861903384436
"sdp",0.139548332137281
"sdp",0.097155196214995
"sdp",0.0688709448646977
"sdp",0.187633438897287
"sdp",0.0670268593471311
"sdp",0.252399101826821
"sdp",0.154880398274575
"sdp",0.00980830456262535
"sdp",0.108385963801354
"sdp",0.0761289280722838
"sdp",0.0357095702640488
"sdp",0.178129818251919
"sdp",0.157847604955542
"sdp",0.037959411339609
"sdp",0.170003308378756
"sdp",0.323378580668188
"sdp",0.17968308787244
"sdp",0.125090286229135
"sdp",0.0734630946243242
"sdp",0.163350718898059
"sdp",0.110832802326958
"sdp",0.128407024070393
"sdp",0.0322655859524899
"sdp",0.137648654918631
"sdp",0.0288769280740575
"sdp",0.0882787830404095
"sdp",0.0666080745507407
"sdp",0.166659422564199
"sdp",0.0172601216828733
"sdp",0.0169569584568414
"sdp",0.0201435198779815
"sdp",0.0131083517311369
"sdp",0.0437620684520656
"sdp",0.0813143213949797
"sdp",0.0540313250537676
"sdp",0.0781869031325932
"sdp",0.128041695569036
"sdp",0.109455536566107
"sdp",0.145686446429786
"sdp",0.208546357631207
"sdp",0.0159694277985083
"sdp",0.17067655500211
"sdp",0.0810427619553756
"sdp",0.0112051399385473
"sdp",0.0351986249080911
"sdp",0.148972558647158
"sdp",0.0667918915129533
"sdp",0.285682429308829
"sdp",0.201541266810625
"sdp",0.161433085976082
"sdp",0.194426572608515
"sdp",0.0254846814991209
"sdp",0.0384472679661419
"sdp",0.0047555788900682
"sdp",0.136414949170397
"sdp",0.0590122831648345
"sdp",0.0886126318724327
"sdp",0.108169358031256
"sdp",0.000854682026233594
"sdp",0.350911422305424
"sdp",0.00781091691314345
"sdp",0.161527445329612
"sdp",0.120681076010366
"sdp",0.0391484774035718
"sdp",0.0154751141430036
"sdp",0.0230839788823269
"sdp",0.0200871280927427
"sdp",0.142842200544923
"sdp",0.0136976711485769
"sdp",0.0122833708831411
"sdp",0.0929482712709029
"sdp",0.092792008909595
"sdp",0.0122108187941328
"sdp",0.100696146113454
"sdp",0.00273298922496895
"sdp",0.200026587087008
"sdp",0.212844790644975
"sdp",0.112735268743357
"sdp",0.207050339935446
"sdp",0.214845151243404
"sdp",0.0459990066052062
"sdp",0.411502509947413
"sdp",0.0524352151284788
"sdp",0.0808296867347212
"sdp",0.172939997474917
"sdp",0.28301863592981
"sdp",0.117353541728832
"sdp",0.200252802074095
"sdp",0.179909636970008
"sdp",0.199198330089617
"sdp",0.524107272760397
"sdp",0.209445067732725
"sdp",0.240950264490095
"sdp",0.000816105039482221
"sdp",0.0335731121393373
"sdp",0.0218090638195909
"sdp",0.0644950302217268
"sdp",0.0989939725476484
"sdp",0.162296092879322
"sdp",0.323389500213113
"sdp",0.13112325414301
"sdp",0.0850011346233636
"sdp",0.374385180492281
"sdp",0.0989135246053898
"sdp",0.0531936589258491
"sdp",0.0836100963180412
"sdp",0.0697472878416959
"sdp",0.188930635948071
"sdp",0.109275320979327
"sdp",0.0674226089996898
"sdp",0.0747052535100041
"sdp",0.0370621022938567
"sdp",0.170331301777408
"sdp",0.0583133962720928
"sdp",0.0511679918964013
"sdp",0.0611953099376063
"sdp",0.0170082644323587
"sdp",0.154692437955971
"sdp",0.0325974025498502
"sdp",0.216735322258407
"sdp",0.00340792832146636
"sdp",0.224051532057519
"sdp",0.159704612425932
"sdp",0.136723392397431
"sdp",0.129134838964117
"sdp",0.0398221284356318
"sdp",0.00245352149379151
"sdp",0.105296279229269
"sdp",0.280353544578891
"sdp",0.0744804237231891
"sdp",0.213885885309846
"sdp",0.163013108607053
"sdp",0.0640495444568669
"sdp",0.0861392965954328
"sdp",0.106246335003065
"sdp",0.174321490606103
"sdp",0.0706028660420335
"sdp",0.0890351474053236
"sdp",0.0434985111440046
"sdp",0.000127169572039315
"sdp",0.041775943549085
"sdp",0.0808905149578517
"sdp",0.00351429165417957
"sdp",0.0325623706695759
"sdp",0.0616583564495339
"sdp",0.00869511599462226
"sdp",0.0583898718266134
"sdp",0.122907213114709
"sdp",0.0509330636073075
"sdp",0.0149430332909174
"sdp",0.163971266348893
"sdp",0.0586153982780682
"sdp",0.137117410605915
"sdp",0.0457769381658243
"sdp",0.00434050748249343
"sdp",0.0416403239811223
"sdp",0.0810284201025289
"sdp",0.0377417857580113
"sdp",0.146962895554866
"sdp",0.071736978727736
"sdp",0.1247052655475
"sdp",0.280146072295952
"sdp",0.160817926333899
"sdp",0.0299845988148443
"sdp",0.212765849020452
"sdp",0.0599558856592572
"sdp",0.00492990889177171
"sdp",0.147575448889255
"sdp",0.111305616575068
"sdp",0.212707034153088
"sdp",0.372523833908134
"sdp",0.143036049790351
"sdp",0.173779196736147
"sdp",0.379165477124007
"sdp",0.105900582767342
"sdp",0.12151719161635
"sdp",0.164453972355742
"sdp",0.070897840709216
"sdp",0.0715595609525438
"sdp",0.0512415572794755
"sdp",0.0491181410859151
"sdp",0.157746859906191
"sdp",0.0621907270767626
"sdp",0.122879978104244
"sdp",0.0714644997865562
"sdp",0.0690714923530472
"sdp",0.122300514890284
"sdp",0.193358883698249
"sdp",0.0494114146280057
"sdp",0.158629918138238
"sdp",0.0082334574297489
"sdp",0.0535773638433814
"sdp",0.108377017654772
"sdp",0.0934484701576035
"sdp",0.0228652467496391
"sdp",0.149465364326851
"sdp",0.0297488542633415
"sdp",0.0851904018683246
"sdp",0.121535490398843
"sdp",0.0643450024440318
"sdp",0.00827319011402002
"sdp",0.0503796000815814
"sdp",0.00279538739000915
"sdp",0.000470417679128032
"sdp",0.186715501364901
"sdp",0.00741407990544873
"sdp",0.146075985769264
"sdp",0.183480078726197
"sdp",1.18208089876538e-05
"sdp",0.104828427179384
"sdp",0.0178841683822409
"sdp",0.035039008716679
"sdp",0.0147125068162675
"sdp",0.0306465247682934
"sdp",0.0138381070405537
"sdp",0.112748990882906
"sdp",0.301652584704442
"sdp",0.0798854581546294
"sdp",0.0324181655756475
"sdp",0.101513704831059
"sdp",0.146869683273208
"sdp",0.136333775266004
"sdp",0.0338416911835746
"sdp",0.0568090641752033
"sdp",0.00426245192774503
"sdp",0.17067879485965
"sdp",0.0340347377570801
"sdp",0.0415865912195645
"sdp",0.0662481137795661
"sdp",0.0697118992774683
"sdp",0.00577002656459522
"sdp",0.108054166148821
"sdp",0.0585397654556134
"sdp",0.131037779242128
"sdp",0.0109833220629213
"sdp",0.172072972066504
"sdp",0.0281812867409814
"sdp",0.193689065408296
"sdp",0.0377449372999159
"sdp",0.137513433360297
"sdp",0.0921188033038217
"sdp",0.318292967965387
"sdp",0.0682957139409481
"sdp",0.123257880295748
"sdp",0.0477389274723787
"sdp",0.0857798796839167
"sdp",0.170328518932261
"sdp",0.0666655387351988
"sdp",0.127563570810823
"sdp",0.0232648928048264
"sdp",0.152727881684358
"sdp",0.363156499740622
"sdp",0.00552052979218559
"sdp",0.178764311153939
"sdp",0.297577852237538
"sdp",0.125985907294964
"sdp",0.0646806229607522
"sdp",0.346298551035989
"sdp",0.148996426145225
"sdp",0.232709370918876
"sdp",0.442845045552092
"sdp",0.0668914023441118
"sdp",0.147704765201067
"sdp",0.0773405916503433
"sdp",0.0256896785218503
"sdp",0.187875499224127
"sdp",0.0715948306052965
"sdp",0.0820972045239665
"sdp",0.180575963404621
"sdp",0.0275494797339867
"sdp",0.136878096648812
"sdp",0.125001630394017
"sdp",0.0685276773905088
"sdp",0.0163594311621032
"sdp",0.34199596657421
"sdp",0.00489114648184378
"sdp",0.288117418264435
"sdp",0.0775549227013913
"sdp",0.0892078071338608
"sdp",0.164861737605744
"sdp",0.107757356320088
"sdp",0.0352932623371321
"sdp",0.0486223896044153
"sdp",0.0387139838504748
"sdp",0.0306859207996611
"sdp",0.005134907449935
"sdp",0.2077425913608
"sdp",0.0906714949331232
"sdp",0.0423431934041442
"sdp",0.0485750074921491
"sdp",0.0377642611319187
"sdp",0.0346058121695548
"sdp",0.0316271494636337
"sdp",0.129619093339551
"sdp",0.109156075192409
"sdp",0.092812743954562
"sdp",0.0702763930850444
"sdp",0.0015740469477098
"sdp",0.119941608816216
"sdp",0.0555412856992104
"sdp",0.126744158037884
"sdp",0.0327753205185331
"sdp",0.0662034579148393
"sdp",0.0253749395102502
"sdp",0.0405990263336719
"sdp",0.207621780168492
"sdp",0.00860961295663336
"sdp",0.0931782503906784
"sdp",0.0254314781385285
"sdp",0.16373381651081
"sdp",0.174931245305436
"sdp",0.000221070613520141
"sdp",0.0750349718160206
"sdp",0.00671733771098128
"sdp",0.0970370457236539
"sdp",0.0424591246937512
"sdp",0.083765543030125
"sdp",0.0638651472107854
"sdp",0.134645169479018
"sdp",0.0497231357712972
"sdp",0.121224197929821
"sdp",0.0963679661353438
"sdp",0.01099043361713
"sdp",0.0942315721154504
"sdp",0.171081090265528
"sdp",0.0527848614973688
"sdp",0.0911998638730207
"sdp",0.146446379419883
"sdp",0.0727364022478183
"sdp",0.0688100803691441
"sdp",0.223582591619579
"sdp",0.239352752307441
"sdp",0.19990226476364
"sdp",0.0231297979563678
"sdp",0.178848317092811
"sdp",0.0627276450295115
"sdp",0.0156990063731519
"sdp",0.364787145340007
"sdp",0.104353976867605
"sdp",0.304330959411963
"sdp",0.0983215669927745
"sdp",0.483993543866326
"sdp",0.210414923225144
"sdp",0.0201622433330563
"sdp",0.171382455557696
"sdp",0.0901136426467211
"sdp",0.0897548119991522
"sdp",0.108070860614226
"sdp",0.352631228731965
"sdp",0.0771721215618162
"sdp",0.170878267698524
"sdp",0.286574130657456
"sdp",0.0712143379181278
"sdp",0.249121651799769
"sdp",0.231989923986129
"sdp",0.00916578183194021
"sdp",0.10445899905771
"sdp",0.298979390042371
"sdp",0.0621781400882319
"sdp",0.102239739740131
"sdp",0.135196264363878
"sdp",0.0359818213992227
"sdp",0.25169191650245
"sdp",0.0641056264682237
"sdp",0.0506132430116266
"sdp",0.246342144829857
"sdp",0.0107545429658471
"sdp",0.103268700091229
"sdp",0.12369366511508
"sdp",0.0916027786156588
"sdp",0.190195001878116
"sdp",0.0885122936353391
"sdp",0.0379891869737474
"sdp",0.0454498515078162
"sdp",0.206058300449731
"sdp",0.0503417625258422
"sdp",0.153256824552669
"sdp",0.178957312236222
"sdp",0.123966226557424
"sdp",0.226875934896228
"sdp",0.0537677554736758
"sdp",0.0924403938488211
"sdp",0.0687378730340621
"sdp",0.247887559231895
"sdp",0.287598267033779
"sdp",0.138157351778065
"sdp",0.401554652277703
"sdp",0.0214129854543485
"sdp",0.140529461949638
"sdp",0.291443980920125
"sdp",0.0279947015026729
"sdp",0.157467082186369
"sdp",0.299197008618913
"sdp",0.0435661782919555
"sdp",0.125943242165616
"sdp",0.351048418894293
"sdp",0.0109216088030031
"sdp",0.366521493758065
"sdp",0.391994439591699
"sdp",0.31130955553575
"sdp",0.281951046192688
"sdp",0.0945449497012886
"sdp",0.05110152037961
"sdp",0.241419348752921
"sdp",0.400192744699603
"sdp",0.14066861018743
"sdp",0.144334188318787
"sdp",0.0367301252026915
"sdp",0.0862474813506882
"sdp",0.2284372186482
"sdp",0.0340121329991168
"sdp",0.0685738328353583
"sdp",0.355282124253836
"sdp",0.0270364632300903
"sdp",0.18706955398339
"sdp",0.055434383764099
"sdp",0.0317125619374373
"sdp",0.087928484039098
"sdp",0.113289967405966
"sdp",0.139665369194817
"sdp",0.115821784486913
"sdp",0.0304405009025993
"sdp",0.00964439302145006
"sdp",0.36154245913131
"sdp",0.0316354886036997
"sdp",0.0207043039495738
"sdp",0.0869733191242894
"sdp",0.0976064205343428
"sdp",0.120371960952194
"sdp",0.118464283560313
"sdp",0.116580711086958
"sdp",0.0027077199616809
"sdp",0.0449780342780278
"sdp",0.0317403904680082
"sdp",0.199816496883525
"sdp",0.0741641324660643
"sdp",0.154238834307374
"sdp",0.137381413227044
"sdp",0.0954687804362337
"sdp",0.0155668279451262
"sdp",0.0973988717298623
"sdp",0.0397100982741734
"sdp",0.0480431889598946
"sdp",0.321837059970498
"sdp",0.0770689550071493
"sdp",0.178832670559002
"sdp",0.263266461659076
"sdp",0.154496690578253
"sdp",0.0215734438681253
"sdp",0.0864020549503204
"sdp",0.127741219230216
"sdp",0.0353262928129804
"sdp",0.084904376445654
"sdp",0.105640245849517
"sdp",0.0441232069629027
"sdp",0.11661040540688
"sdp",0.0550852357118767
"sdp",0.092938367337247
"sdp",0.110063378471725
"sdp",0.0141713808236195
"sdp",0.0582880064047234
"sdp",0.101947070509154
"sdp",0.104427383849201
"sdp",0.0749213618524983
"sdp",0.0218345441357528
"sdp",0.0671870527992084
"sdp",0.0114575107883342
"sdp",0.011176217080853
"sdp",0.0857592143907516
"sdp",0.102621433808367
"sdp",0.116193999649566
"sdp",0.0689423842086752
"sdp",0.147913885572581
"sdp",0.0738021473820908
"sdp",0.0827334970588528
"sdp",0.0132457308709216
"sdp",0.0908165674916395
"sdp",0.036942152746187
"sdp",0.0798675891458001
"sdp",0.0930425409642602
"sdp",0.0673904939866737
"sdp",0.127790162178564
"sdp",0.0797995530835783
"sdp",0.214703757463051
"sdp",0.00815587008720454
"sdp",0.224408553846205
"sdp",0.117723362165466
"sdp",0.051409800888172
"sdp",0.195349364215754
"sdp",0.116467450542141
"sdp",0.00845148887015007
"sdp",0.00320720670061803
"sdp",0.318633541831204
"sdp",0.0554502346488249
"sdp",0.17875542459103
"sdp",0.227849817007019
"sdp",0.0205591848474886
"sdp",0.0958595800694202
"sdp",0.0166710516142866
"sdp",0.154808495010968
"sdp",0.020712339930352
"sdp",0.151512565054483
"sdp",0.0384728400670922
"sdp",0.0448576680995199
"sdp",0.13628966064178
"sdp",0.0805449037979706
"sdp",0.0882505508618771
"sdp",0.0206199013192462
"sdp",0.0537821650225292
"sdp",0.00158184406528474
"sdp",0.0729857268695676
"sdp",0.102737589194822
"sdp",0.0808404709692182
"sdp",0.0353738473050756
"sdp",0.105476332577092
"sdp",0.00971935384147526
"sdp",0.0857527662172846
"sdp",0.0648635720667022
"sdp",0.167560055351725
"sdp",0.0164417090783329
"sdp",0.0126846643801551
"sdp",0.0713440368682543
"sdp",0.0034535125320215
"sdp",0.224009283571971
"sdp",0.300822788992639
"sdp",0.119732548635425
"sdp",0.265032099839569
"sdp",0.0883652950941136
"sdp",0.131135754114588
"sdp",0.123186113439596
"sdp",0.0179852293896789
"sdp",0.0590858106037177
"sdp",0.0566041533935133
"sdp",0.180248813948871
"sdp",0.0722706212885511
"sdp",0.250295198198373
"sdp",0.393631026115444
"sdp",0.0535210922186953
"sdp",0.176727725726773
"sdp",0.177945582126797
"sdp",0.0190708778497323
"sdp",0.100950092048559
"sdp",0.459397523614255
"sdp",0.0650434040846027
"sdp",0.31522985577293
"sdp",0.489855429800337
"sdp",0.122965203025861
"sdp",0.0132693455653226
"sdp",0.180296141470769
"sdp",0.32224882013347
"sdp",0.00644293044793698
"sdp",0.121707910660114
"sdp",0.0380567380413963
"sdp",0.0445027453762513
"sdp",0.0184463378839733
"sdp",0.0408744407279012
"sdp",0.151096912767732
"sdp",0.00300388901805948
"sdp",0.133957168825554
"sdp",0.284050316340504
"sdp",0.00387361404135621
"sdp",0.14196211231337
"sdp",0.087015235636085
"sdp",0.00162718668837633
"sdp",0.131011479507272
"sdp",0.0225202628425381
"sdp",0.0168809844598562
"sdp",0.0450484632209373
"sdp",0.151340824068613
"sdp",0.140790335019248
"sdp",0.116670407896016
"sdp",0.271685848518666
"sdp",0.0814333474864553
"sdp",0.0417945214664265
"sdp",0.0864830227268015
"sdp",0.168754670587217
"sdp",0.133077215489699
"sdp",0.107265432077009
"sdp",0.0683884574252457
"sdp",0.0566914577887243
"sdp",0.0880667173257176
"sdp",0.00721373415442438
"sdp",0.109360726626074
"sdp",0.0945616480339533
"sdp",0.0514078436974428
"sdp",0.11227904493184
"sdp",0.020230152022131
"sdp",0.00544819467218737
"sdp",0.0905385972491538
"sdp",0.00577973702456752
"sdp",0.0160234622213566
"sdp",0.0977755091091669
"sdp",0.0953890817352517
"sdp",0.0271541036882329
"sdp",0.109465484497417
"sdp",0.0914240491098782
"sdp",0.0794728841725016
"sdp",0.115669035414615
"sdp",0.029694052763162
"sdp",0.0455223671408061
"sdp",0.199721285868665
"sdp",0.00403282977107518
"sdp",0.0403957991479491
"sdp",0.246116014164787
"sdp",0.00723124018088171
"sdp",0.146227222898027
"sdp",0.0410543431516336
"sdp",0.0197596278409758
"sdp",0.0417475288362315
"sdp",0.0632778571083082
"sdp",0.101502903759816
"sdp",0.13175974709924
"sdp",0.0296655343186799
"sdp",0.00881587216761075
"sdp",0.00526054513918163
"sdp",0.219595765453989
"sdp",0.0727492512281535
"sdp",0.0586143700686168
"sdp",0.0181844915308686
"sdp",0.00815110456665752
"sdp",0.102806734586262
"sdp",0.0574386331539207
"sdp",0.0396365069114465
"sdp",0.0410520163004877
"sdp",0.0104558225924756
"sdp",0.0328625066172028
"sdp",0.0769307173376775
"sdp",0.153775999872754
"sdp",0.279046159005714
"sdp",0.131722874412822
"sdp",0.0244027035515549
"sdp",0.0568630709671776
"sdp",0.0424598726423731
"sdp",0.0782452489461951
"sdp",0.038344208163287
"sdp",0.15832153614826
"sdp",0.0943494802635629
"sdp",0.00468981797574947
"sdp",0.124498123176131
"sdp",0.361438953044116
"sdp",0.0582107611891828
"sdp",0.0207241176750655
"sdp",0.313099838276674
"sdp",0.0449522735876851
"sdp",0.212748180653165
"sdp",0.188335526218575
"sdp",0.217456784561659
"sdp",0.144953519811726
"sdp",0.110986112863056
"sdp",0.0251347368780377
"sdp",0.110341307813607
"sdp",0.0473330486390155
"sdp",0.0093328631520592
"sdp",0.159514056892076
"sdp",0.00816847110432506
"sdp",0.237019915930618
"sdp",0.0181180856425826
"sdp",0.220675205888576
"sdp",0.00994499834476006
"sdp",0.352888019549097
"sdp",0.0140878043248766
"sdp",0.0342525982516904
"sdp",0.154577984053253
"sdp",0.00175136418619991
"sdp",0.183499722279927
"sdp",0.0216236353381011
"sdp",0.022059600603955
"sdp",0.218738788912348
"sdp",0.111745558035063
"sdp",0.0262623464639876
"sdp",0.0310843846545259
"sdp",0.31470686575425
"sdp",0.0826959579443865
"sdp",0.0925274125396175
"sdp",0.365721008341601
"sdp",0.0472204992396422
"sdp",0.0169477806015683
"sdp",0.221307107311246
"sdp",0.0548198424900343
"sdp",0.0745593615992097
"sdp",0.0390953843383917
"sdp",0.0713421721079972
"sdp",0.13720358510889
"sdp",0.0597880916601462
"sdp",0.112150456142365
"sdp",0.040156606444323
"sdp",0.0479546970229318
"sdp",0.0736943143588798
"sdp",0.0109064995152119
"sdp",0.289322233039086
"sdp",0.0614068453126664
"sdp",0.218726194805468
"sdp",0.292294307843154
"sdp",0.00398420189748104
"sdp",0.192766305062655
"sdp",0.0762277070189943
"sdp",0.0714084972327209
"sdp",0.00263213633413956
"sdp",0.390199110336782
"sdp",0.0184588289014211
"sdp",0.37570098347703
"sdp",0.480664367505625
"sdp",0.138609016081036
"sdp",0.205428924457695
"sdp",0.222843132814113
"sdp",0.108459910639566
"sdp",0.162776409144898
"sdp",0.0421224281429295
"sdp",0.188611452576379
"sdp",0.0228464836667069
"sdp",0.0625945856132096
"sdp",0.0999751081622852
"sdp",0.0637124100202479
"sdp",0.0603455766612079
"sdp",0.0405594883142126
"sdp",0.258305779616305
"sdp",0.0531805573577967
"sdp",0.154626282619556
"sdp",0.0853294407232955
"sdp",0.0696007886478036
"sdp",0.197327705341538
"sdp",0.0574693819362471
"sdp",0.0683964289307638
"sdp",0.0189650699408609
"sdp",0.00595539734742501
"sdp",0.136342637430157
"sdp",0.173180425394656
"sdp",0.0484848078145868
"sdp",0.0407191711261119
"sdp",0.0871080051772892
"sdp",0.0597189711738161
"sdp",0.0184749900813597
"sdp",0.0718786274231056
"sdp",0.0850430511263853
"sdp",0.0664358561404966
"sdp",0.0402932907685362
"sdp",0.0216391041468488
"sdp",0.0556820110336201
"sdp",0.02988799862797
"sdp",0.0244418571611543
"sdp",0.0663182382800845
"sdp",0.0727093708258608
"sdp",0.0126656516051582
"sdp",0.07723571909215
"sdp",0.0691112659156774
"sdp",0.0865920606649383
"sdp",0.0627670033028709
"sdp",0.0506512026168571
"sdp",0.142044876600526
"sdp",0.090212299487897
"sdp",0.0202368439100395
"sdp",0.0325405013726543
"sdp",0.121229894558044
"sdp",0.0423640232096764
"sdp",0.0403947231465426
"sdp",0.208895447512258
"sdp",0.101540952734674
"sdp",0.0138330593999353
"sdp",0.080351558015689
"sdp",0.0866362613214077
"sdp",0.046419332593143
"sdp",0.0681760365641343
"sdp",0.0151546342942171
"sdp",0.0815175598257629
"sdp",0.0143830846386074
"sdp",0.0602329879693384
"sdp",0.0656089814060263
"sdp",0.195056411536667
"sdp",0.073171277908607
"sdp",0.108861748709314
"sdp",0.0299521960298432
"sdp",0.0618868342633138
"sdp",0.0200468556234493
"sdp",0.0296211660120439
"sdp",0.111894840396456
"sdp",0.00806312716624454
"sdp",0.0498144493540202
"sdp",0.0411068614277787
"sdp",0.0934567252937013
"sdp",0.181562845036033
"sdp",0.0757521791552073
"sdp",0.0737771261526247
"sdp",0.0307815715881767
"sdp",0.0199889647933595
"sdp",0.0159626605679891
"sdp",0.0769979085667074
"sdp",0.0595041239523651
"sdp",0.0452771313180573
"sdp",0.145631561190426
"sdp",0.037678583729237
"sdp",0.159353334000037
"sdp",0.0434569565705833
"sdp",0.0367219867747071
"sdp",0.0301614366945633
"sdp",0.152074701481894
"sdp",0.108848516824287
"sdp",0.0427451371888498
"sdp",0.0701155385237256
"sdp",0.231974722153162
"sdp",0.176415756792984
"sdp",0.185223818957564
"sdp",0.142220178856866
"sdp",0.0457880760665233
"sdp",0.321908637011335
"sdp",0.0648125805155942
"sdp",0.0720072619660664
"sdp",0.0439346799732187
"sdp",0.194452924482527
"sdp",0.161658924925379
"sdp",0.306932305443112
"sdp",0.383975441569171
"sdp",0.304748876972734
"sdp",0.202096495750056
"sdp",0.138941276192601
"sdp",0.199029598838097
"sdp",0.115382769873037
"sdp",0.356394795016082
"sdp",0.0848141462253438
"sdp",0.112601383282791
"sdp",0.126914497194185
"sdp",0.128181970277238
"sdp",0.0132184419271954
"sdp",0.220514689298923
"sdp",0.0804572524818293
"sdp",0.135713830687808
"sdp",0.118717860731754
"sdp",0.126542128791225
"sdp",0.400886175375469
"sdp",0.17845125607532
"sdp",0.362802024175937
"sdp",0.0690212325011807
"sdp",0.208381700377908
"sdp",0.128756830829648
"sdp",0.20206371664776
"sdp",0.0823403120689238
"sdp",0.198553839560069
"sdp",0.144734689637571
"sdp",0.101219953106833
"sdp",0.0565814171654717
"sdp",0.0967104861365636
"sdp",0.0245886518454558
"sdp",0.0334786824252278
"sdp",0.149978701264446
"sdp",0.0502684941824921
"sdp",0.0609549866228519
"sdp",0.100662433081111
"sdp",0.0621720340817156
"sdp",0.317782752784569
"sdp",0.200528450008402
"sdp",0.131771127543022
"sdp",0.117497169554819
"sdp",0.0851931652137121
"sdp",0.113158765144405
"sdp",0.0685184849603599
"sdp",0.211698995103963
"sdp",0.322916103158889
"sdp",0.0471946632895331
"sdp",0.0257697227566978
"sdp",0.0710300121717622
"sdp",0.0481938693284036
"sdp",0.0854683032428522
"sdp",0.277754075052918
"sdp",0.00775884880831126
"sdp",0.188008486279192
"sdp",0.206737991069507
"sdp",0.0915384305563299
"sdp",0.174429094710311
"sdp",0.0949023630829214
"sdp",0.0976368565348184
"sdp",0.0127131162592636
"sdp",0.193446383021431
"sdp",0.22802183625836
"sdp",0.0173833342520327
"sdp",0.014904773998545
"sdp",0.143398433849903
"sdp",0.336177060962173
"sdp",0.139758257898429
"sdp",0.0563595273002101
"sdp",0.241329779878644
"sdp",0.153002258704041
"sdp",0.0541640208623834
"sdp",0.0808032654881808
"sdp",0.0669519702474796
"sdp",0.087911672549494
"sdp",0.323482487335645
"sdp",0.308091752661662
"sdp",0.000183197539958282
"sdp",0.227425044172971
"sdp",0.121358397244321
"sdp",0.0853947931682758
"sdp",0.131922260058424
"sdp",0.108671226843924
"sdp",0.111528148248544
"sdp",0.176421033326815
"sdp",0.109715923591408
"sdp",0.225267223257075
"sdp",0.120736084962322
"sdp",0.159920427625856
"sdp",0.178000051804848
"sdp",0.00124197535893956
"sdp",0.247975945118237
"sdp",0.0321475839309499
"sdp",0.299170753146984
"sdp",0.0934892187449015
"sdp",0.244907349336663
"sdp",0.159047729206766
"sdp",0.0131738678012052
"sdp",0.129383153370738
"sdp",0.292193698675362
"sdp",0.0721993589201017
"sdp",0.273702421824256
"sdp",0.184109260248211
"sdp",0.237881782696191
"sdp",0.134124573643494
"sdp",0.301178657913808
"sdp",0.0365271145801188
"sdp",0.00470886513245616
"sdp",0.3271677444164
"sdp",0.133964215250079
"sdp",0.264336265584737
"sdp",0.267838720826939
"sdp",0.043073408074498
"sdp",0.318022824759331
"sdp",0.311559882167668
"sdp",0.357189789790308
"sdp",0.318546784301143
"sdp",0.0051718929273189
"sdp",0.197693664313037
"sdp",0.09647355740517
"sdp",0.261163898097076
"sdp",0.0966886645895294
"sdp",0.265138792013754
"sdp",0.118918576906926
"sdp",0.258013344242888
"sdp",0.484881430612729
"sdp",0.0875081530417024
"sdp",0.0392901743384135
"sdp",0.227016926588345
"sdp",0.0457060805901017
"sdp",0.159531615498405
"sdp",0.213099218553442
"sdp",0.166589909441111
"sdp",0.386316441466404
"sdp",0.169222266931863
"sdp",0.26159711587074
"sdp",0.186528426334839
"sdp",0.30531737746161
"sdp",0.0294403443667847
"sdp",0.194733475658762
"sdp",0.237145639361437
"sdp",0.2040183592737
"sdp",0.218210760682757
"sdp",0.292453608739273
"sdp",0.0122328101124819
"sdp",0.199862964779545
"sdp",0.360276890257281
"sdp",0.155897903151674
"sdp",0.224167944958466
"sdp",0.00253111423132638
"sdp",0.07880407335576
"sdp",0.083141229702288
"sdp",0.0398374944093743
"sdp",0.0917163893050831
"sdp",0.0134444468330845
"sdp",0.102324526539083
"sdp",0.117422095539359
"sdp",0.0316610081402689
"sdp",0.0338835378393119
"sdp",0.0222682820261837
"sdp",0.0464354466250136
"sdp",0.114959793654858
"sdp",0.0743636311401884
"sdp",0.0566289263428342
"sdp",0.218635863341833
"sdp",0.0889144095103292
"sdp",0.0917655194843243
"sdp",0.058734317692615
"sdp",0.0678346987877294
"sdp",0.240948704305667
"sdp",0.107233790109306
"sdp",0.0244894165522267
"sdp",0.0651671273975214
"sdp",0.0525520898804801
"sdp",0.106177765847731
"sdp",0.0461422759964174
"sdp",0.32229888056205
"sdp",0.0605795788815743
"sdp",0.0350606228758936
"sdp",0.0323105376416336
"sdp",0.0620992223392056
"sdp",0.0756649314698114
"sdp",0.0501757666478078
"sdp",0.0362008860058746
"sdp",0.103042598422313
"sdp",0.139190590765273
"sdp",0.161577507737407
"sdp",0.112623285324238
"sdp",0.233150973624054
"sdp",0.187827407253653
"sdp",0.0591393946331493
"sdp",0.0561949277333847
"sdp",0.0217274246476376
"sdp",0.0707343778365522
"sdp",0.0425865178847969
"sdp",0.232824840803879
"sdp",0.129538990291552
"sdp",0.0108456306500174
"sdp",0.132722333091535
"sdp",0.0555111855050101
"sdp",0.0116592980387547
"sdp",0.044982922271785
"sdp",0.118736958690907
"sdp",0.0220229274043444
"sdp",0.00595730363747315
"sdp",0.0602526918069376
"sdp",0.213265249211917
"sdp",0.130609582645642
"sdp",0.225991465426557
"sdp",0.00446018364601437
"sdp",0.0217756823975369
"sdp",0.0462564166524142
"sdp",0.155524548745965
"sdp",0.0168614432712123
"sdp",0.0409581289072533
"sdp",0.0421403928412364
"sdp",0.0877984572617909
"sdp",0.0799439181066059
"sdp",0.0868186147873214
"sdp",0.0710089132511558
"sdp",0.101625244557912
"sdp",0.107744967734512
"sdp",0.198291639133598
"sdp",0.0125675406275511
"sdp",0.0859962807256914
"sdp",0.181399044169432
"sdp",0.0917040386770294
"sdp",0.0452134291934848
"sdp",0.186105242141653
"sdp",0.00866376614133332
"sdp",0.0571652642609719
"sdp",0.279154436107131
"sdp",0.0985852394122964
"sdp",0.137898265324123
"sdp",0.0262536759226757
"sdp",5.64592144464832e-05
"sdp",0.0929550129909725
"sdp",0.148238368299634
"sdp",0.0583012581311808
"sdp",0.0499092192472108
"sdp",0.0201116664080905
"sdp",0.092419685755741
"sdp",0.129129604680395
"sdp",0.0229210775988267
"sdp",0.0467074380426545
"sdp",0.150846124180218
"sdp",0.184390637191362
"sdp",0.0725813479939711
"sdp",0.0747135363296437
"sdp",0.0867135957661318
"sdp",0.00865566687792571
"sdp",0.0284776560654172
"sdp",0.134618454749982
"sdp",0.0315270903753782
"sdp",0.100649240376061
"sdp",0.028258544086158
"sdp",0.0844148429928672
"sdp",0.156595298575698
"sdp",0.0146169606366128
"sdp",0.0650511190562022
"sdp",0.0930018370968631
"sdp",0.106342625621592
"sdp",0.106095178805257
"sdp",0.105943121105411
"sdp",0.0185254804857382
"sdp",0.0467245223586043
"sdp",0.0217461772430158
"sdp",0.121690838535772
"sdp",0.0720515618652738
"sdp",0.126133954734628
"sdp",0.00170652765937529
"sdp",0.0544046353362391
"sdp",0.146912302435734
"sdp",0.0181633712612657
"sdp",0.0428612613205683
"sdp",0.0365771822510021
"sdp",0.0616574094914245
"sdp",0.110705220712033
"sdp",0.0616472838093246
"sdp",0.081199241978519
"sdp",0.124005119090976
"sdp",0.0754407083823014
"sdp",0.340212521409559
"sdp",0.0554237476653928
"sdp",0.078104188583944
"sdp",0.0757084471229382
"sdp",0.0638315868674552
"sdp",0.00185332863791132
"sdp",0.179726214032921
"sdp",0.0103257094744663
"sdp",0.364481227076487
"sdp",0.187935326825577
"sdp",0.162557696523083
"sdp",0.0852930742478807
"sdp",0.0884777402527804
"sdp",0.131256164774831
"sdp",0.0550702959013595
"sdp",0.00819925219663947
"sdp",0.0739968867634863
"sdp",0.00472340099855825
"sdp",0.137141013002573
"sdp",0.0104863725702941
"sdp",0.0917832693789807
"sdp",0.130067262190161
"sdp",0.0755234245849042
"sdp",0.132403356058923
"sdp",0.209541950128422
"sdp",0.127172305569013
"sdp",0.103315640702997
"sdp",0.0486894775731814
"sdp",0.141286108234203
"sdp",0.0441710030385256
"sdp",0.00162153987699759
"sdp",0.0819233529894794
"sdp",0.109249270827702
"sdp",0.12194171907524
"sdp",0.0502495916395162
"sdp",0.127605249368785
"sdp",0.052793125216086
"sdp",0.0698866923308893
"sdp",0.0562732668746509
"sdp",0.0634477832117765
"sdp",0.0719146311265546
"sdp",0.04325692797289
"sdp",0.021017957727523
"sdp",0.0765616575499818
"sdp",0.0979692881456335
"sdp",0.291941084343251
"sdp",0.086012362737471
"sdp",0.0402400600002331
"sdp",0.0378244465412267
"sdp",0.0403754094842577
"sdp",0.0441832557315335
"sdp",0.293564702931955
"sdp",0.212835347367454
"sdp",0.140119507805377
"sdp",0.0777084306925286
"sdp",0.305320133939783
"sdp",0.188531897109373
"sdp",0.225964936747991
"sdp",0.17049157656636
"sdp",0.0974880095308355
"sdp",0.216090434714361
"sdp",0.300240291041259
"sdp",0.0107182149166978
"sdp",0.0241219417297222
"sdp",0.320240621943655
"sdp",0.112120520543109
"sdp",0.112307874265675
"sdp",0.365288755168987
"sdp",0.0383837464292647
"sdp",0.426362706003258
"sdp",0.247583427549319
"sdp",0.249861380670494
"sdp",0.209208909615588
"sdp",0.101177206732394
"sdp",0.0635278003217647
"sdp",0.36122360427695
"sdp",0.000521272651883203
"sdp",0.0484063065036384
"sdp",0.215462413938118
"sdp",0.174792947576856
"sdp",0.248819293131586
"sdp",0.302691862743363
"sdp",0.0653317852789233
"sdp",0.18029008929409
"sdp",0.104722440552359
"sdp",0.0888955099799304
"sdp",0.147992510661399
"sdp",0.0208757480937255
"sdp",0.221702226306733
"sdp",0.4137046539086
"sdp",0.211596567412077
"sdp",0.181725430752743
"sdp",0.235642947308984
"sdp",0.276977831137213
"sdp",0.0961693266416796
"sdp",0.157476359995843
"sdp",0.392158389486384
"sdp",0.264059701621657
"sdp",0.279403425986728
"sdp",0.348835300996774
"sdp",0.0574228754211287
"sdp",0.185272834850196
"sdp",0.144969723234089
"sdp",0.059617044342596
"sdp",0.100316804942872
"sdp",0.0057712804866336
"sdp",0.560181175559128
"sdp",0.198399312946286
"sdp",0.0367211845675848
"sdp",0.371814174254374
"sdp",0.223602320738539
"sdp",0.219441392615593
"sdp",0.0905785995758123
"sdp",0.260351272312105
"sdp",0.0513440164101114
"sdp",0.21659883128399
"sdp",0.071892404053851
"sdp",0.0947379322100859
"sdp",0.0746746341314607
"sdp",0.0788426334824829
"sdp",0.00857821310417826
"sdp",0.0916895119972948
"sdp",0.0923479269933804
"sdp",0.00759528611991936
"sdp",0.0890613083657544
"sdp",0.0726479006363212
"sdp",0.16619525938219
"sdp",0.0799864565630366
"sdp",0.00999818553037905
"sdp",0.178276003232344
"sdp",0.0573821638097163
"sdp",0.206267714985252
"sdp",0.212267287420067
"sdp",0.197575202978399
"sdp",0.0331270003018349
"sdp",0.219960185873808
"sdp",0.0457250034719012
"sdp",0.0315898776613891
"sdp",0.436905037302446
"sdp",0.00690916714413777
"sdp",0.0693345831281484
"sdp",0.0735644515528952
"sdp",0.046111686680319
"sdp",0.223840716647164
"sdp",0.0365202934536157
"sdp",0.191941023611159
"sdp",0.109106119152422
"sdp",0.04744894363628
"sdp",0.00625999977119102
"sdp",0.0315344218105168
"sdp",0.054427477659424
"sdp",0.00878806995105694
"sdp",0.0357410300105537
"sdp",0.154738694252674
"sdp",0.129447235986662
"sdp",0.151587759655404
"sdp",0.0892353640402511
"sdp",0.0650523804900635
"sdp",0.149839926866622
"sdp",0.110658887407403
"sdp",0.0580862342747798
"sdp",0.154163201585325
"sdp",0.169119529904878
"sdp",0.165759913980806
"sdp",0.102775954802546
"sdp",0.0479869707101338
"sdp",0.119354430991293
"sdp",0.0652841690414721
"sdp",0.114928248429687
"sdp",0.0935700157457294
"sdp",0.11318034165802
"sdp",0.0761726429823762
"sdp",0.034255085404126
"sdp",0.160198256489879
"sdp",0.139632043767696
"sdp",0.0641329193213959
"sdp",0.0768478944040235
"sdp",0.0923321049894994
"sdp",0.127168648458339
"sdp",0.0846055978876831
"sdp",0.137627295472478
"sdp",0.110758149929938
"sdp",0.0529320930361318
"sdp",0.017071650442954
"sdp",0.0564932456936692
"sdp",0.0790344718848398
"sdp",0.0943039957076423
"sdp",0.0416848936535952
"sdp",0.0785654956077289
"sdp",0.0189755758633247
"sdp",0.0218183267914898
"sdp",0.0208776673146699
"sdp",0.22630221760508
"sdp",0.0748840667357847
"sdp",0.222396537110901
"sdp",0.213299549341213
"sdp",0.110169304515467
"sdp",0.0596667369245537
"sdp",0.231365728423025
"sdp",0.0628955778071281
"sdp",0.0421231022350466
"sdp",0.153691218161956
"sdp",0.00423344693030137
"sdp",0.00392976549503461
"sdp",0.140283887853879
"sdp",0.0744578847819093
"sdp",0.233947938934262
"sdp",0.0232456314966635
"sdp",0.212965615271887
"sdp",0.0234526262129081
"sdp",0.0613424113006263
"sdp",0.0355759020789519
"sdp",0.00962327365496281
"sdp",0.0294046865926285
"sdp",0.112957039745758
"sdp",0.0617213918693931
"sdp",0.00607050162818748
"sdp",0.0356340679137369
"sdp",0.173020054034807
"sdp",0.00624526405222467
"sdp",0.273309553999243
"sdp",0.108555315647803
"sdp",0.0123788902981668
"sdp",0.0767704489325632
"sdp",0.181042600082001
"sdp",0.0824537696239955
"sdp",0.124278769339875
"sdp",0.00752310099315032
"sdp",0.111214737219536
"sdp",0.00473780973994797
"sdp",0.0700120045521853
"sdp",0.251750445211793
"sdp",0.0851041780602656
"sdp",0.14565941747376
"sdp",0.0361398991907434
"sdp",0.119291763817818
"sdp",0.100303262557535
"sdp",0.0656832495725658
"sdp",0.019324654255975
"sdp",0.0167617406473288
"sdp",0.0528692459336739
"sdp",0.00151410935719079
"sdp",0.00326165587547342
"sdp",0.159093160038156
"sdp",0.13215754052745
"sdp",0.12520869704132
"sdp",0.108286994449592
"sdp",0.120468147825476
"sdp",0.0715650108858918
"sdp",0.124270012149548
"sdp",0.00959017282278365
"sdp",0.262133043362029
"sdp",0.0282735847847715
"sdp",0.126235741606798
"sdp",0.0197101605012716
"sdp",0.00981355366434802
"sdp",0.379127136172702
"sdp",0.224800673426411
"sdp",0.25955337240356
"sdp",0.292546101210452
"sdp",0.141392168429454
"sdp",0.0714360937626219
"sdp",0.0108885824225216
"sdp",0.182225822575274
"sdp",0.00451350533360548
"sdp",0.149924369947653
"sdp",0.0953381749700399
"sdp",0.0510317608185546
"sdp",0.0948109474017442
"sdp",0.0812892395907094
"sdp",0.094599443911042
"sdp",0.115096584615233
"sdp",0.0154971688840543
"sdp",0.0684644011581418
"sdp",0.106118675008619
"sdp",0.0468514919032476
"sdp",0.191927472255637
"sdp",0.124753450257937
"sdp",0.111519511477639
"sdp",0.00713967168920296
"sdp",0.0477143305348402
"sdp",0.102648072893469
"sdp",0.0632132682088747
"sdp",0.0550376054892449
"sdp",0.20233930924274
"sdp",0.0937900815077492
"sdp",0.0405060968725939
"sdp",0.00140808837470269
"sdp",0.0404480971238635
"sdp",0.0103190212373622
"sdp",0.114758782884183
"sdp",0.0456734169832408
"sdp",0.0234924822776576
"sdp",0.219326013069545
"sdp",0.262655489834347
"sdp",0.319934517879556
"sdp",0.00542943470646891
"sdp",0.0774468682720319
"sdp",0.0330522522810517
"sdp",0.0287107283902099
"sdp",0.0710721633500108
"sdp",0.0281840219802976
"sdp",0.241783438096947
"sdp",0.0892231589046335
"sdp",0.00881475756466821
"sdp",0.177525842006558
"sdp",0.150585204135892
"sdp",0.0330278329511271
"sdp",0.0519106691228018
"sdp",0.0562003235513281
"sdp",0.0905036126338176
"sdp",0.0882274456938095
"sdp",0.0907621777553906
"sdp",0.234998272578962
"sdp",0.0500033453113972
"sdp",0.212547273162788
"sdp",0.0641700047707094
"sdp",0.0659578449778148
"sdp",0.0707791408316966
"sdp",0.0703226462186069
"sdp",0.127715188333149
"sdp",0.0135828990387774
"sdp",0.16223638683527
"sdp",0.343035838165495
"sdp",0.104980075459726
"sdp",0.0120219325463821
"sdp",0.0994453358324839
"sdp",0.261298330788592
"sdp",0.327708917596787
"sdp",0.113720992473838
"sdp",0.288129334697663
"sdp",0.0143661677271058
"sdp",0.00047945470795295
"sdp",0.0911716527741294
"sdp",0.148838508913501
"sdp",0.0122425013577811
"sdp",0.0440083537100861
"sdp",0.0265516098646859
"sdp",0.0201278851153241
"sdp",0.145860988236813
"sdp",0.110990095187789
"sdp",0.0178301557321752
"sdp",0.207045756190953
"sdp",0.034679005476044
"sdp",0.16413821722417
"sdp",0.0413970725114739
"sdp",0.143592741513638
"sdp",0.0839504830473224
"sdp",0.106880025132144
"sdp",0.0759624915957821
"sdp",0.0661470166397021
"sdp",0.0519879145596859
"sdp",0.129436535962477
"sdp",0.035162232251275
"sdp",0.0781428310260103
"sdp",0.130556742863417
"sdp",0.155138226780106
"sdp",0.0429926554388738
"sdp",0.100629173276369
"sdp",0.299588895451757
"sdp",0.262320096600768
"sdp",0.00700577014430702
"sdp",0.0367801427631081
"sdp",0.0603242351104086
"sdp",0.223898610717974
"sdp",0.106089198768665
"sdp",0.111638029314891
"sdp",0.116211446902521
"sdp",0.0340366143195616
"sdp",0.0768506201574159
"sdp",0.0538311736961245
"sdp",0.0640800154155967
"sdp",0.0263321259347078
"sdp",0.107584499262671
"sdp",0.00967689782854687
"sdp",0.0412376534636382
"sdp",0.0116626587098597
"sdp",0.00260697391821903
"sdp",0.0625937874508383
"sdp",0.00652060652165534
"sdp",0.167148724650508
"sdp",0.0935340549110566
"sdp",0.0642344687284694
"sdp",0.068142947112929
"sdp",0.0590307079025081
"sdp",0.0994329007958152
"sdp",0.0287533827499873
"sdp",0.0392598231716011
"sdp",0.11340877941435
"sdp",0.174240949587239
"sdp",0.00100851121133527
"sdp",0.0387483877444003
"sdp",0.0309342348335687
"sdp",0.23452194772799
"sdp",0.203059870740897
"sdp",0.178143243077082
"sdp",0.225547578483859
"sdp",0.0116663168072228
"sdp",0.0718387053039824
"sdp",0.182551905017846
"sdp",0.0245860300102296
"sdp",0.192631123122911
"sdp",0.128400130669506
"sdp",0.050532080801284
"sdp",0.100746729526505
"sdp",0.0410493448411784
"sdp",0.146970536093332
"sdp",0.00680696851793336
"sdp",0.0696065660290006
"sdp",0.0519864612703916
"sdp",0.00445939588799529
"sdp",0.0200515474169376
"sdp",0.0654022545938421
"sdp",0.160313554694901
"sdp",0.0413250144290285
"sdp",0.0372391527279341
"sdp",0.222797296097771
"sdp",0.0255496230300988
"sdp",0.0578336639937392
"sdp",0.0801077552050229
"sdp",0.0142212248624942
"sdp",0.0403648898039088
"sdp",0.00265767419975441
"sdp",0.0925149789976723
"sdp",0.0275245716309098
"sdp",0.0996766314841456
"sdp",0.0357608695853575
"sdp",0.0784802313019901
"sdp",0.161319676708868
"sdp",0.0497938926948816
"sdp",0.0990851676460856
"sdp",0.276738787922913
"sdp",0.157541333042368
"sdp",0.151862384225333
"sdp",0.059938330685712
"sdp",0.0529490287254765
"sdp",0.0797023804609474
"sdp",0.0703605116248904
"sdp",0.131804917795292
"sdp",0.0374782845251736
"sdp",0.142791589907855
"sdp",0.0354552971203053
"sdp",0.00516357525697728
"sdp",0.0102344533093334
"sdp",0.0665078930645115
"sdp",0.230442439561037
"sdp",0.0167810686405905
"sdp",0.0156558082768481
"sdp",0.229437884225469
"sdp",0.0335024514985851
"sdp",0.00334134035373759
"sdp",0.0929206070111522
"sdp",0.0196694042140241
"sdp",0.0481793630274432
"sdp",0.212039762079143
"sdp",0.106681912574955
"sdp",0.153895060592455
"sdp",0.216852571993464
"sdp",0.198752676639315
"sdp",0.0862731814452298
"sdp",0.0904477986001827
"sdp",0.0927365972444067
"sdp",0.0384589298022714
"sdp",0.283249559988235
"sdp",0.0690904687155606
"sdp",0.058996992619258
"sdp",0.0758468560018001
"sdp",0.034568166367495
"sdp",0.060278392629519
"sdp",0.103056533245158
"sdp",0.112428250195357
"sdp",0.339101925729045
"sdp",0.0718310421583199
"sdp",0.0432528777191772
"sdp",0.0103038497478164
"sdp",0.00393212442408936
"sdp",0.252756478499535
"sdp",0.0361174789811403
"sdp",0.0922433556517122
"sdp",0.103173620480676
"sdp",0.0981973930497603
"sdp",0.0550876743753872
"sdp",0.0754979672391544
"sdp",0.0534633831969812
"sdp",0.0513512248091677
"sdp",0.0641359748919619
"sdp",0.169741634778259
"sdp",0.111340377652883
"sdp",0.087256922200878
"sdp",0.0283183731370485
"sdp",0.0203838896068369
"sdp",0.0457150610818018
"sdp",0.162465481119893
"sdp",0.365843317903293
"sdp",0.0275875012551822
"sdp",0.0237582550553235
"sdp",0.0978828669952944
"sdp",0.0803440497511715
"sdp",0.0139445815894784
"sdp",0.00660342425623044
"sdp",0.113679116971377
"sdp",0.10255721615989
"sdp",0.0997720128836328
"sdp",0.0407065465387679
"sdp",0.285521625081086
"sdp",0.251955396111727
"sdp",0.214316723294733
"sdp",0.11521962041578
"sdp",0.21914909971796
"sdp",0.0173574227586476
"sdp",0.214150891396019
"sdp",0.377211342614775
"sdp",0.237273857296085
"sdp",0.167529672884095
"sdp",0.177625122645512
"sdp",0.443582196107789
"sdp",0.348397939903671
"sdp",0.0280378474257199
"sdp",0.00663231043814987
"sdp",0.0530918942676115
"sdp",0.00608505429138261
"sdp",0.138891142264834
"sdp",0.260132377082604
"sdp",0.00245280365371927
"sdp",0.4336754711675
"sdp",0.378658480155081
"sdp",0.0278494767014158
"sdp",0.559317642441081
"sdp",0.278608934280171
"sdp",0.171322410424861
"sdp",0.00718902985793049
"sdp",0.535073715147225
"sdp",0.0327591894366193
"sdp",0.135840252050169
"sdp",0.206404184274582
"sdp",0.142703518339816
"sdp",0.269469456625382
"sdp",0.358323744559042
"sdp",0.111583441365443
"sdp",0.138367397954602
"sdp",0.162447405882029
"sdp",0.241529928035166
"sdp",0.0118531489748961
"sdp",0.149135709757456
"sdp",0.19878112161873
"sdp",0.00957946885500101
"sdp",0.191589890759396
"sdp",0.313699206321928
"sdp",0.273472724129841
"sdp",0.124359510330588
"sdp",0.304641234008321
"sdp",0.302368766958597
"sdp",0.0939490960812657
"sdp",0.0969187676536797
"sdp",0.322252124338789
"sdp",0.0940763005091224
"sdp",0.101412024081165
"sdp",0.186459042473609
"sdp",0.213255731383388
"sdp",0.390027299650145
"sdp",0.15692068535283
"sdp",0.261355318763258
"sdp",0.0450265017044167
"sdp",0.250568365521771
"sdp",0.0689710670825172
"sdp",0.303556791925665
"sdp",0.392369686018265
"sdp",0.303997211135353
"sdp",0.115647114115324
"sdp",0.00866519774037458
"sdp",0.263944888475891
"sdp",0.231755529287104
"sdp",0.0332507530439777
"sdp",0.267045954903056
"sdp",0.371855896031186
"sdp",0.393883328644803
"sdp",0.200467892443149
"sdp",0.338981144568594
"sdp",0.0821918383633286
"sdp",0.245588805211546
"sdp",0.2083060360492
"sdp",0.147125095595893
"sdp",0.313841532486813
"sdp",0.275550780219596
"sdp",0.34357532456
"sdp",0.333495167609957
"sdp",0.00918383308508215
"sdp",0.25157717029716
"sdp",0.147809151911424
"sdp",0.114597758143192
"sdp",0.0950955573374913
"sdp",0.209833041192017
"sdp",0.345524390489764
"sdp",0.325082379714322
"sdp",0.487150301577304
"sdp",0.294877894071763
"sdp",0.520664377127509
"sdp",0.440255626776747
"sdp",0.202207355496464
"sdp",0.235170805019345
"sdp",0.249501277853437
"sdp",0.0766077732239917
"sdp",0.08952851825419
"sdp",0.326168230261872
"sdp",0.127030150474661
"sdp",0.236131116112734
"sdp",0.155351125135867
"sdp",0.196529099493214
"sdp",0.0684540725232353
"sdp",0.0225936371347948
"sdp",0.170377717238534
"sdp",0.0843489982274933
"sdp",0.207932087518044
"sdp",0.0626341303849982
"sdp",0.194832206154374
"sdp",0.198481181274528
"sdp",0.0772399210164962
"sdp",0.430286712054955
"sdp",0.0238555179466331
"sdp",0.338378927650402
"sdp",0.319042030565615
"sdp",0.217488264512038
"sdp",0.218295580362968
"sdp",0.344498900713365
"sdp",0.0975564069573779
"sdp",0.048454632105149
"sdp",0.336082154314381
"sdp",0.162215843459521
"sdp",0.318627158258468
"sdp",0.211755834136466
"sdp",0.225384048919276
"sdp",0.137704047761307
"sdp",0.0627671334026197
"sdp",0.256642144518369
"sdp",0.411888765501638
"sdp",0.146509192867172
"sdp",0.378411263539422
"sdp",0.190342836788195
"sdp",0.198818696207259
"sdp",0.140482188155489
"sdp",0.148452424281504
"sdp",0.195938960582986
"sdp",0.0199974534731285
"sdp",0.0485940048695499
"sdp",0.0363933667005874
"sdp",0.00807216358491958
"sdp",0.184181347935595
"sdp",0.0583586399077282
"sdp",0.0486673323487065
"sdp",0.0626239449605339
"sdp",0.0795632752601219
"sdp",0.018471274017909
"sdp",0.156908011704113
"sdp",0.135813160295629
"sdp",0.000332574894736135
"sdp",0.0113230179040747
"sdp",0.0664058285233079
"sdp",0.0369890142648298
"sdp",0.0650237944667673
"sdp",0.127021634360637
"sdp",0.00903475946523069
"sdp",0.0889238889597958
"sdp",0.122097384374177
"sdp",0.0176608807210074
"sdp",0.203949565302565
"sdp",0.0910918588522525
"sdp",0.151490259034054
"sdp",0.0158377261869506
"sdp",0.178581485544197
"sdp",0.111244545103771
"sdp",0.0468961293489799
"sdp",0.0830243504451911
"sdp",0.0512692580401161
"sdp",0.223673127842893
"sdp",0.0939207276113181
"sdp",0.0580698437604161
"sdp",0.148020349556076
"sdp",0.0585353020730381
"sdp",0.0335923954712447
"sdp",0.0742561912248422
"sdp",0.0552670804228999
"sdp",0.180003774016891
"sdp",0.0997317911474231
"sdp",0.199039601326834
"sdp",0.11851975455596
"sdp",0.00525317658323735
"sdp",0.16036579470443
"sdp",0.0249818908383752
"sdp",0.102373101606783
"sdp",0.162220374260811
"sdp",0.0549575563644969
"sdp",0.138884273009936
"sdp",0.14165635273178
"sdp",0.0704088458438807
"sdp",0.0786015935455155
"sdp",0.0110488887439473
"sdp",0.0979356013168707
"sdp",0.030073098826195
"sdp",0.227696465627648
"sdp",0.228044551998576
"sdp",0.194820415385405
"sdp",0.0901726911021786
"sdp",0.0270658992007371
"sdp",0.105188347103419
"sdp",0.190317806914232
"sdp",0.00615095475945213
"sdp",0.0257940458695088
"sdp",0.0770049602872894
"sdp",0.198103627877287
"sdp",0.0281613972315546
"sdp",0.0713315906667443
"sdp",0.146294775845313
"sdp",0.0479227527544123
"sdp",0.00713893481991265
"sdp",0.264866500340307
"sdp",0.220227915428153
"sdp",0.0445010667156097
"sdp",0.0761118318060543
"sdp",0.0913133822960198
"sdp",0.0104830770079577
"sdp",0.118924161281192
"sdp",0.0575249881721082
"sdp",0.148777603290015
"sdp",0.214447894607888
"sdp",0.0973877504861887
"sdp",0.00951891071014418
"sdp",0.0841903441732672
"sdp",0.00501251742666554
"sdp",0.0743899050847359
"sdp",0.112255155452011
"sdp",0.074500621155071
"sdp",0.0746197024153814
"sdp",0.243230654964113
"sdp",0.00262446998928917
"sdp",0.223106411875033
"sdp",0.0560042078673776
"sdp",0.149536245309808
"sdp",0.174120020143553
"sdp",0.184133775364539
"sdp",0.0662669001454262
"sdp",0.0205806421560742
"sdp",0.169408380570191
"sdp",0.00258952317362271
"sdp",0.0239585985572806
"sdp",0.0121450567212808
"sdp",0.0539783280498674
"sdp",0.293263449150048
"sdp",0.0381993873729091
"sdp",0.140008265719377
"sdp",0.18741568477646
"sdp",0.0753438382182806
"sdp",0.126696623230705
"sdp",0.0048293433316218
"sdp",0.048352461268479
"sdp",0.0598933404144369
"sdp",0.102147860099462
"sdp",0.0715766242159621
"sdp",0.103893534685133
"sdp",0.140210180234056
"sdp",0.103785590095946
"sdp",0.0546429754661443
"sdp",0.0775789879918417
"sdp",0.0698712071622282
"sdp",0.0652228940614644
"sdp",0.194277283860014
"sdp",0.0912613840768774
"sdp",0.00630698758728759
"sdp",0.0608347929257133
"sdp",0.0193020479954727
"sdp",0.0979134568817281
"sdp",0.210592805474672
"sdp",0.0272561896621604
"sdp",0.00817851852721739
"sdp",0.126337560393518
"sdp",0.024313850333725
"sdp",0.10672080656374
"sdp",0.298048292194671
"sdp",0.16757742973979
"sdp",0.0555665315301354
"sdp",0.0748174162658048
"sdp",0.199947537902264
"sdp",0.157462016829323
"sdp",0.202603476323772
"sdp",0.228697100102682
"sdp",0.00326511144911804
"sdp",0.0608044598042326
"sdp",0.16788998577848
"sdp",0.204413341669033
"sdp",0.217539360641468
"sdp",0.00985598230738269
"sdp",0.122975952175015
"sdp",0.090712899224176
"sdp",0.213540095273416
"sdp",0.277772422072305
"sdp",0.213604386705201
"sdp",0.264543958171735
"sdp",0.0827516026599414
"sdp",0.370950968752371
"sdp",0.271505054068478
"sdp",0.0334048231151206
"sdp",0.0282753403727123
"sdp",0.218972905707
"sdp",0.0501207152665504
"sdp",0.124184072611914
"sdp",0.3707752543374
"sdp",0.0941921440416197
"sdp",0.284325504767152
"sdp",0.397990985736301
"sdp",0.195188223607117
"sdp",0.207316421790301
"sdp",0.179498927502723
"sdp",0.0220947119747851
"sdp",0.00152240961980485
"sdp",0.322296787593264
"sdp",0.0117976441809667
"sdp",0.095501574068008
"sdp",0.0150248820479229
"sdp",0.101116477906421
"sdp",0.293120804698162
"sdp",0.139935961195362
"sdp",0.0256114498355668
"sdp",0.147796523819807
"sdp",0.0583748857667974
"sdp",0.114518199776257
"sdp",0.0164832567090288
"sdp",0.0348560968499449
"sdp",0.141663284647539
"sdp",0.0877091245120294
"sdp",0.141174029964014
"sdp",0.0250764376786255
"sdp",0.18243088354946
"sdp",0.0418639788860016
"sdp",0.258246425538118
"sdp",0.301811981327208
"sdp",0.0824950523601132
"sdp",0.109529401270161
"sdp",0.21391410474731
"sdp",0.0478633489113496
"sdp",0.193465485459934
"sdp",0.127955254669633
"sdp",0.230578298888823
"sdp",0.125570433275467
"sdp",0.092647642196572
"sdp",0.244978661136276
"sdp",0.0640407455368456
"sdp",0.196915194084211
"sdp",0.1141117570867
"sdp",0.232455705510575
"sdp",0.152315156355656
"sdp",0.0656702788280764
"sdp",0.229047666216056
"sdp",0.0657415468176061
"sdp",0.0249937805305681
"sdp",0.0865540299389367
"sdp",0.268396363465971
"sdp",0.28222854963807
"sdp",0.0415753521495418
"sdp",0.117631400427117
"sdp",0.165173753361338
"sdp",0.0446083796224577
"sdp",0.0595157896183981
"sdp",0.0141183713946524
"sdp",0.0680000088623713
"sdp",0.0874574950345603
"sdp",0.0071310149683422
"sdp",0.107471410946825
"sdp",0.120567926126432
"sdp",0.0119048017609705
"sdp",0.0413167549000162
"sdp",0.0692716720775853
"sdp",0.196122808931305
"sdp",0.0172103776730259
"sdp",0.0310995747686537
"sdp",0.316735557781185
"sdp",0.0205954224885134
"sdp",0.155540886146404
"sdp",0.0309874631379228
"sdp",0.0607868213557442
"sdp",0.280692208437182
"sdp",0.135145079860532
"sdp",0.171344352169513
"sdp",0.157636853651616
"sdp",0.0969539687358572
"sdp",0.139052444357156
"sdp",0.0392800957538992
"sdp",0.119533826364423
"sdp",0.0113304349200477
"sdp",0.256150642799888
"sdp",0.0758941375681528
"sdp",0.0108739317504347
"sdp",0.045398457329424
"sdp",0.0849979810865324
"sdp",0.0649309663992275
"sdp",0.15374461013348
"sdp",0.0444592930490346
"sdp",0.0101141641262545
"sdp",0.102447748384827
"sdp",0.00169972464043994
"sdp",0.0524400095204257
"sdp",0.091427784415645
"sdp",0.0768594801797306
"sdp",0.250855705618068
"sdp",0.0915625084418354
"sdp",0.108212546496269
"sdp",0.0343487770670502
"sdp",0.243099738486182
"sdp",0.144383084071228
"sdp",0.0119239136974292
"sdp",0.0782154945867217
"sdp",0.124887448429744
"sdp",0.0263230605141109
"sdp",0.151823045984752
"sdp",0.0581588233866431
"sdp",8.13238023921053e-05
"sdp",0.0499057290866653
"sdp",0.0599228148528724
"sdp",0.0229860656918476
"sdp",0.11762109766888
"sdp",0.0636441564275718
"sdp",0.0610973118391564
"sdp",0.0363086502508899
"sdp",0.130259487611106
"sdp",0.0798160533392152
"sdp",0.0670347829263169
"sdp",0.0515530925904771
"sdp",0.204959492299938
"sdp",0.0142558430168413
"sdp",0.22633054376444
"sdp",0.310080699350594
"sdp",0.0161899676944792
"sdp",0.0793097058338555
"sdp",0.0112505946916036
"sdp",0.224367942293526
"sdp",0.0958441815402793
"sdp",0.271776038389748
"sdp",0.169273912522116
"sdp",0.111981609727676
"sdp",0.0845253417499331
"sdp",0.112898013522736
"sdp",0.108305950598435
"sdp",0.176157024115942
"sdp",0.0934254464182578
"sdp",0.206936523087517
"sdp",0.031354157673381
"sdp",0.206348939152771
"sdp",0.162983946869021
"sdp",0.0857839325390382
"sdp",0.21131186561175
"sdp",0.182635470364852
"sdp",0.087567823598365
"sdp",0.0630161573397074
"sdp",0.362255015604054
"sdp",0.0428170253289373
"sdp",0.216883189137774
"sdp",0.397130826721676
"sdp",0.278336789603717
"sdp",0.317195209253129
"sdp",0.0138755589409938
"sdp",0.00284127472994899
"sdp",0.093296757022972
"sdp",0.238636005792467
"sdp",0.0703925663310644
"sdp",0.039849044702915
"sdp",0.0546575612575125
"sdp",0.00209951807858111
"sdp",0.180957036806449
"sdp",0.0477216863444889
"sdp",0.0122107440261435
"sdp",0.202360304671949
"sdp",0.0601221959291701
"sdp",0.0166562832491055
"sdp",0.0610526735358378
"sdp",0.0828787930189899
"sdp",0.177004936349342
"sdp",0.17591295564717
"sdp",0.0371125778637613
"sdp",0.0457941033897031
"sdp",0.0948054347725569
"sdp",0.0415641811752612
"sdp",0.114315168233476
"sdp",0.129506727690984
"sdp",0.00595344905707748
"sdp",0.131719864485654
"sdp",0.0506062313530262
"sdp",0.0762238100578106
"sdp",0.177676317257266
"sdp",0.0922498635200524
"sdp",0.106300440557068
"sdp",0.0256313577249744
"sdp",0.0861706393943496
"sdp",0.153952888249592
"sdp",0.050788078818522
"sdp",0.130445264363183
"sdp",0.0465799335688611
"sdp",0.180585073444169
"sdp",0.0299607256917592
"sdp",0.143811318512952
"sdp",0.00759671669322159
"sdp",0.0119465738669443
"sdp",0.00629731939530839
"sdp",0.0127827957300038
"sdp",0.390405078966638
"sdp",0.357377322381466
"sdp",0.101821543507092
"sdp",0.0170323686081516
"sdp",0.155548574279046
"sdp",0.0921018960058849
"sdp",0.170944769729022
"sdp",0.111114416778919
"sdp",0.0248884834658437
"sdp",0.0750798716546109
"sdp",0.0220532067033675
"sdp",0.0829776016554449
"sdp",0.0785629008284788
"sdp",0.0257923078312659
"sdp",0.017416049426094
"sdp",0.139983856014642
"sdp",0.013274983488688
"sdp",0.104200117107288
"sdp",0.146056184429872
"sdp",0.011082436716742
"sdp",0.0963778933935521
"sdp",0.209805769167543
"sdp",0.0626278015989929
"sdp",0.113431893951492
"sdp",0.00857527118570596
"sdp",0.045030702681722
"sdp",0.152711497873453
"sdp",0.0807158131696869
"sdp",0.122636023449602
"sdp",0.0751322628255967
"sdp",0.156662071863896
"sdp",0.0535997082614181
"sdp",0.0207674982220272
"sdp",0.00737872572603665
"sdp",0.106286186284876
"sdp",0.0668989280388371
"sdp",0.0787141259240629
"sdp",0.0395074110802677
"sdp",0.116976653725475
"sdp",0.00833438804934559
"sdp",0.132113992019845
"sdp",0.0889703954721191
"sdp",0.0213850831394192
"sdp",0.202029250422782
"sdp",0.0986095607758093
"sdp",0.204283994656428
"sdp",0.121271561219168
"sdp",0.103981501026769
"sdp",0.104910658304402
"sdp",0.172209010311948
"sdp",0.11505605223641
"sdp",0.103904520819128
"sdp",0.0624872239534034
"sdp",0.0464995950266018
"sdp",0.0465427069532866
"sdp",0.0630163364461975
"sdp",0.142266475294999
"sdp",0.039903643067275
"sdp",0.207591608428294
"sdp",0.139701658757344
"sdp",0.109842045325241
"sdp",0.0697745739035232
"sdp",0.214433933411587
"sdp",0.13940514564672
"sdp",0.042122218196411
"sdp",0.0281612763051216
"sdp",0.12299476352145
"sdp",0.0917555474330955
"sdp",0.0812841401214242
"sdp",0.0918796385174343
"sdp",0.0234839147104857
"sdp",0.132100971783261
"sdp",0.0647387312341286
"sdp",0.00818106343017128
"sdp",0.0389429229379811
"sdp",0.0482064083373117
"sdp",0.185645147529394
"sdp",0.118851230031972
"sdp",0.0444442653814777
"sdp",0.109200626043694
"sdp",0.0961686676776869
"sdp",0.0234675682841942
"sdp",0.328664118958915
"sdp",0.165654676975313
"sdp",0.220806400217592
"sdp",0.216595377813128
"sdp",0.086631217613002
"sdp",0.17888008866796
"sdp",0.125269097097259
"sdp",0.0473209748647791
"sdp",0.190666709624974
"sdp",0.0560445233365007
"sdp",0.0797270329586432
"sdp",0.101195677490071
"sdp",0.277534388787771
"sdp",0.110560473838596
"sdp",0.00285188661311509
"sdp",0.346359956354381
"sdp",0.0419876285532175
"sdp",0.0995080697642111
"sdp",0.0383067298404446
"sdp",0.198929057655462
"sdp",0.210936325885034
"sdp",0.202609398805559
"sdp",0.130584701678187
"sdp",0.207014269205683
"sdp",0.138965475906347
"sdp",0.279942089253282
"sdp",0.0125966659709991
"sdp",0.158034439090337
"sdp",0.0863605706320042
"sdp",0.0980434578319782
"sdp",0.146424303035218
"sdp",0.181271605539887
"sdp",0.0266231910472426
"sdp",0.132777865013691
"sdp",0.0525139583371241
"sdp",0.24276118887486
"sdp",0.218750270857151
"sdp",0.0172796701152311
"sdp",0.0191685800939283
"sdp",0.0146165456661502
"sdp",0.0208515163583463
"sdp",0.0457348711370052
"sdp",0.180525885308
"sdp",0.138908859424674
"sdp",0.00838365623287921
"sdp",0.252716278326954
"sdp",0.0411777759749718
"sdp",0.0407883078811698
"sdp",0.324076059888674
"sdp",0.101676849280286
"sdp",0.178592344510737
"sdp",0.175672523390645
"sdp",0.0751435785345685
"sdp",0.164553781596923
"sdp",0.232919839972622
"sdp",0.099986097998606
"sdp",0.0147946802530383
"sdp",0.021450725352304
"sdp",0.195403965855249
"sdp",0.0980908780317639
"sdp",0.13874267374254
"sdp",0.152108632768772
"sdp",0.00520756741653378
"sdp",0.0507374475710453
"sdp",0.0677349676465173
"sdp",0.0200049885036197
"sdp",0.0651423317172177
"sdp",0.290648270573481
"sdp",0.0288989753437431
"sdp",0.351635658729557
"sdp",0.456482137057904
"sdp",0.0614201514764671
"sdp",0.460529135418671
"sdp",0.123823179975526
"sdp",0.117808795711061
"sdp",0.319580736173331
"sdp",0.236507319677582
"sdp",0.0515491662784589
"sdp",0.0746648910026664
"sdp",0.0212426771088523
"sdp",0.214472292854253
"sdp",0.0063346515580589
"sdp",0.0235627026149296
"sdp",0.0563443376992917
"sdp",0.0266610735815073
"sdp",0.0101928416822221
"sdp",0.0079985210292937
"sdp",0.213106183373946
"sdp",0.136881866438705
"sdp",0.161604089236228
"sdp",0.141222525931572
"sdp",0.0166033488039521
"sdp",0.0560548563263403
"sdp",0.0161796295405316
"sdp",0.161734565781588
"sdp",0.0400686465119782
"sdp",0.264449111112936
"sdp",0.0620960727547459
"sdp",0.135356501108015
"sdp",0.227813516387042
"sdp",0.198130545911024
"sdp",0.0368194960356208
"sdp",0.120394553859731
"sdp",0.0744387875252275
"sdp",0.127248112584043
"sdp",0.101753959032027
"sdp",0.0658697821489843
"sdp",0.0205682689290243
"sdp",0.121521999017669
"sdp",0.00224562669240207
"sdp",0.11920876768281
"sdp",0.14580905946787
"sdp",0.0399745370049352
"sdp",0.0793181989911711
"sdp",0.0788958153397376
"sdp",0.0928019457527072
"sdp",0.00092620078483123
"sdp",0.109985203639109
"sdp",0.162844567323302
"sdp",0.0806071199831093
"sdp",0.0481834689658476
"sdp",0.0373363769101542
"sdp",0.0605247090543739
"sdp",0.194273702726687
"sdp",0.0474758525461011
"sdp",0.0177907014995001
"sdp",0.0535146704083821
"sdp",0.0759527702874082
"sdp",0.0252234649709448
"sdp",0.0768634428611454
"sdp",0.0181790743102631
"sdp",0.0121059984330334
"sdp",0.0294662881620923
"sdp",0.080264715690075
"sdp",0.342468107075761
"sdp",0.0279645664863675
"sdp",0.130156194709694
"sdp",0.0393339542000289
"sdp",0.0133892429825128
"sdp",0.0380711091953401
"sdp",0.0174890392956499
"sdp",0.0133377491767641
"sdp",0.0924082869145537
"sdp",0.0804281126220457
"sdp",0.0121615408755005
"sdp",0.0231834119032645
"sdp",0.220337781165511
"sdp",0.322973192300296
"sdp",0.0866133146455511
"sdp",0.1439727387504
"sdp",0.0545046262338863
"sdp",0.0322674754925868
"sdp",0.0504505541413497
"sdp",0.0235557516569714
"sdp",0.0369492234873627
"sdp",0.013901922538227
"sdp",0.050073412408932
"sdp",0.00579053040891252
"sdp",0.026462183261117
"sdp",0.062123507465317
"sdp",0.0869064439227053
"sdp",0.10848850983743
"sdp",0.0632282873354504
"sdp",0.0862981103338239
"sdp",0.00906077284425628
"sdp",0.000160874142453082
"sdp",0.0786065839736814
"sdp",0.138518724051708
"sdp",0.06145792364972
"sdp",0.0816522002079865
"sdp",0.0195898313045359
"sdp",0.0632188167160714
"sdp",0.193761517597827
"sdp",0.015309242036843
"sdp",0.0747028352680656
"sdp",0.138078303005125
"sdp",0.0688011723521183
"sdp",0.099303038066067
"sdp",0.0380131963110831
"sdp",0.0113391151500731
"sdp",0.03824750185679
"sdp",0.0466032167971218
"sdp",0.0876017867637489
"sdp",0.0471457675549625
"sdp",0.00860950697035173
"sdp",0.0472474563622315
"sdp",0.14569801818638
"sdp",0.000205246335521797
"sdp",0.0166028336370937
"sdp",0.0162908426712153
"sdp",0.0738607691394714
"sdp",0.0876699583009566
"sdp",0.0615378712822422
"sdp",0.0300504426036221
"sdp",0.0709629202710235
"sdp",0.0371992113654218
"sdp",0.0714770516845176
"sdp",0.0173974308119599
"sdp",0.0188548065119114
"sdp",0.0356167048869485
"sdp",0.063603345993835
"sdp",0.0515449920672565
"sdp",0.00214426755373169
"sdp",0.105955807655982
"sdp",0.0499182234380644
"sdp",0.0157074973112062
"sdp",0.0403505660735274
"sdp",0.0980015325303739
"sdp",0.0145418747473475
"sdp",0.00306993963268284
"sdp",0.00267241172213079
"sdp",0.105098462252542
"sdp",0.119381136801225
"sdp",0.0939016296021544
"sdp",0.183261704014615
"sdp",0.0553646978534315
"sdp",0.0776261499038398
"sdp",0.0593789359860197
"sdp",0.0142862836980238
"sdp",0.029396705216386
"sdp",0.195317820373065
"sdp",0.011032103233359
"sdp",0.0155272071100538
"sdp",0.0489387471035121
"sdp",0.114407346672612
"sdp",0.0206885633185265
"sdp",0.0113579145594466
"sdp",0.0260303040083967
"sdp",0.0830497321130959
"sdp",0.0630159753429309
"sdp",0.0940970035401349
"sdp",0.0280889787968393
"sdp",0.110647012278435
"sdp",0.151338541068281
"sdp",0.0067657598875585
"sdp",0.12589968475813
"sdp",0.106509095183694
"sdp",0.128670212619373
"sdp",0.00891542235956091
"sdp",0.0406432014266118
"sdp",0.047749960154406
"sdp",0.0322023940478168
"sdp",0.00471629177700374
"sdp",0.104231548322956
"sdp",0.13743857048354
"sdp",0.0779453866315453
"sdp",0.100553221945741
"sdp",0.0295904126403651
"sdp",0.0959719933012756
"sdp",0.274665819512859
"sdp",0.215017673055289
"sdp",0.0452202825215032
"sdp",0.116126075409172
"sdp",0.0129761879247454
"sdp",0.092903932895552
"sdp",0.0183665797542188
"sdp",0.000851370448377797
"sdp",0.0157345586542539
"sdp",0.0826041705726372
"sdp",0.0823048832397914
"sdp",0.0264111917210412
"sdp",0.108499938779699
"sdp",0.0523664464418504
"sdp",0.161411217374804
"sdp",0.0814244203308778
"sdp",0.198999039743678
"sdp",0.0889131784595411
"sdp",0.0146981683112468
"sdp",0.0825412515431781
"sdp",0.137417853704548
"sdp",0.03985722573454
"sdp",0.147627628234545
"sdp",0.0204592058210827
"sdp",0.157127037876057
"sdp",0.188184299964191
"sdp",0.00672498609040881
"sdp",0.0726735787852861
"sdp",0.0741120593184224
"sdp",0.00533875940431404
"sdp",0.109909417820228
"sdp",0.0804306708318919
"sdp",0.0228791974906004
"sdp",0.0240053800280701
"sdp",0.0826057704643393
"sdp",0.0571562309712416
"sdp",0.0366911974535532
"sdp",0.083185285921645
"sdp",0.154198349412871
"sdp",0.0191419623094156
"sdp",0.0352187389303117
"sdp",0.0520735226908641
"sdp",0.150406308035437
"sdp",0.0311591933109404
"sdp",0.114836807896894
"sdp",0.0442064386049543
"sdp",0.0831687321728169
"sdp",0.137821058616863
"sdp",0.0844847412319875
"sdp",0.0807540428202085
"sdp",0.191266310832473
"sdp",0.0698042804093258
"sdp",0.0433261572689456
"sdp",0.195466352964016
"sdp",0.0143426935621399
"sdp",0.147971404743372
"sdp",0.0353717648329112
"sdp",0.0684716622414578
"sdp",0.141531651691891
"sdp",0.116771673902348
"sdp",0.0597225455080255
"sdp",0.177710219144895
"sdp",0.188521561340107
"sdp",0.0841484190015153
"sdp",0.0744165368585729
"sdp",0.0274424897182777
"sdp",0.0466187871859963
"sdp",0.0577125777144494
"sdp",0.116156106110604
"sdp",0.0827222155976166
"sdp",0.0913841258376982
"sdp",0.00578802246157398
"sdp",0.101699143425883
"sdp",0.146586854920437
"sdp",0.00697682973432249
"sdp",0.0517181095576014
"sdp",0.109354153169934
"sdp",0.0607390134660533
"sdp",0.0233029830674541
"sdp",0.0531250113441608
"sdp",0.137729568282896
"sdp",0.0406041740818433
"sdp",0.0255021397199598
"sdp",0.0196335304370648
"sdp",0.132768895517144
"sdp",0.0982339958425343
"sdp",0.0867861854251497
"sdp",0.0213237805900209
"sdp",0.0375958237430458
"sdp",0.0307136951599223
"sdp",0.112706203295447
"sdp",0.0295707308247156
"sdp",0.161503023725588
"sdp",0.0259424656234786
"sdp",0.103644430859172
"sdp",0.143928486810405
"sdp",0.0649295870619777
"sdp",0.0941724188187181
"sdp",0.0239225424187158
"sdp",0.0961393825735809
"sdp",0.0790446634143078
"sdp",0.203374253935795
"sdp",0.032584019464506
"sdp",0.0622550009377773
"sdp",0.138018511761118
"sdp",0.152422934603248
"sdp",0.00880016746736452
"sdp",0.0087737332624552
"sdp",0.0988852231168231
"sdp",0.0656140258217536
"sdp",0.102098788283163
"sdp",0.0366899560239759
"sdp",0.0722159174390087
"sdp",0.00480719832602473
"sdp",0.158305733565191
"sdp",0.0149259185583006
"sdp",0.0204193898142908
"sdp",0.122367229221434
"sdp",0.0996758193226347
"sdp",0.0108920473969962
"sdp",0.0424187950892028
"sdp",0.0481563577654921
"sdp",0.217285517261669
"sdp",0.165589436706498
"sdp",0.178767787342731
"sdp",0.0052379550291434
"sdp",0.100802467077963
"sdp",0.215805908714136
"sdp",0.0455895630278187
"sdp",0.0690998734791907
"sdp",0.0889970937999614
"sdp",0.0741120373958944
"sdp",0.0563975865240122
"sdp",0.0979237204840471
"sdp",0.265123910091279
"sdp",0.0160153343346366
"sdp",0.0756936426247731
"sdp",0.326587031014347
"sdp",0.221707985954364
"sdp",0.168397082409558
"sdp",0.174570433483148
"sdp",0.0914525295128891
"sdp",0.134962137839714
"sdp",0.176508081864562
"sdp",0.0224111242799264
"sdp",0.0612648216699211
"sdp",0.305278709963203
"sdp",0.335851133781231
"sdp",0.258226320273875
"sdp",0.188290899453687
"sdp",0.0632252244572751
"sdp",0.207432918602175
"sdp",0.167491580570833
"sdp",0.10293172604084
"sdp",0.200921416916535
"sdp",0.0324655800613
"sdp",0.122111191240696
"sdp",0.181905895006442
"sdp",0.226116451056946
"sdp",0.290242957471831
"sdp",0.0792244635518675
"sdp",0.392776852529814
"sdp",0.0285808798062763
"sdp",0.136555914212628
"sdp",0.00129028273496368
"sdp",0.198481135140526
"sdp",0.346148227502169
"sdp",0.269380749894033
"sdp",0.220753586774584
"sdp",0.0484490023271856
"sdp",0.210351315827114
"sdp",0.279964684725904
"sdp",0.104954611775377
"sdp",0.0440459482542053
"sdp",0.0959092033026644
"sdp",0.113215565495039
"sdp",0.204228822764025
"sdp",0.206876953402631
"sdp",0.03504140685598
"sdp",0.00580242878381559
"sdp",0.0924052432549657
"sdp",0.298362684437383
"sdp",0.150367234336898
"sdp",0.0587163420630483
"sdp",0.148653181410878
"sdp",0.0363646347773958
"sdp",0.14135357425965
"sdp",0.101128058152321
"sdp",0.0777134738696677
"sdp",0.120013486020139
"sdp",0.0654698584601197
"sdp",0.156328163649118
"sdp",0.00832669648901518
"sdp",0.265643915826261
"sdp",0.254986543680482
"sdp",0.106378926741098
"sdp",0.172432288415847
"sdp",0.131905375197328
"sdp",0.037109135340974
"sdp",0.0655181468884346
"sdp",0.115904272358237
"sdp",0.0539681226971998
"sdp",0.230726834044308
"sdp",0.258011426729686
"sdp",0.280751764430452
"sdp",0.077787706812109
"sdp",0.0455818075607601
"sdp",0.0254894530614519
"sdp",0.220336230263516
"sdp",0.171486876436951
"sdp",0.290148644750787
"sdp",0.184946715542708
"sdp",0.0142103697148789
"sdp",0.0454389700973014
"sdp",0.165039687646739
"sdp",0.0677849745078837
"sdp",0.480112185534586
"sdp",0.0109945496766148
"sdp",0.401931151567174
"sdp",0.276708678728736
"sdp",0.222804391787091
"sdp",0.305628204288057
"sdp",0.21426384082428
"sdp",0.358573711760074
"sdp",0.320540835666823
"sdp",0.023361238552025
"sdp",0.0387315254315735
"sdp",0.136377579973455
"sdp",0.102113017608159
"sdp",0.0705435879174888
"sdp",0.154864435851094
"sdp",0.103081486599902
"sdp",0.0433185124647287
"sdp",0.0899547980683276
"sdp",0.044423580063764
"sdp",0.044910956590653
"sdp",0.0569117137155187
"sdp",0.0341517192950414
"sdp",0.201945773667855
"sdp",0.0593149824541538
"sdp",0.00448410545977707
"sdp",0.0571261465874278
"sdp",0.19735748103485
"sdp",0.134683421230524
"sdp",0.0234031109829089
"sdp",0.185910397257649
"sdp",0.0151283661405439
"sdp",0.296531146615563
"sdp",0.179852300069281
"sdp",0.104907407312212
"sdp",0.0720332495202532
"sdp",0.20634622385846
"sdp",0.0248796047142846
"sdp",0.0351474879278516
"sdp",0.130230818333738
"sdp",0.010990635191167
"sdp",0.129287454729848
"sdp",0.235250954952078
"sdp",0.00186107418501198
"sdp",0.165943992759628
"sdp",0.0570965078662466
"sdp",0.141287282852415
"sdp",0.0546114679879608
"sdp",0.00436438604544684
"sdp",0.256598802749284
"sdp",0.0174265877574773
"sdp",0.0149608532204922
"sdp",0.115471060718846
"sdp",0.145088436363024
"sdp",0.0190476757154518
"sdp",0.0370348308497679
"sdp",0.0355526418127934
"sdp",0.122647628303014
"sdp",0.112562760557639
"sdp",0.0328050517795128
"sdp",0.0563568098456282
"sdp",0.0452381760380682
"sdp",0.0585394099732391
"sdp",0.0113074495810099
"sdp",0.0548013326443089
"sdp",0.0977493701543509
"sdp",0.0289138206654574
"sdp",0.0847786548474309
"sdp",0.112154801619095
"sdp",0.141081603069869
"sdp",0.187753670524946
"sdp",0.0406971226673506
"sdp",0.0615990240910209
"sdp",0.0352306255842379
"sdp",0.0149764113088906
"sdp",0.149219966166587
"sdp",0.103175856812212
"sdp",0.0926379228222547
"sdp",0.160949322551847
"sdp",0.041127894038801
"sdp",0.00460553503321584
"sdp",0.0380835370679008
"sdp",0.0754543269679285
"sdp",0.446507574000237
"sdp",0.0795304632662351
"sdp",0.0785609118427363
"sdp",0.0264693124370194
"sdp",0.120347605228235
"sdp",0.00343413451995248
"sdp",0.112922305901203
"sdp",0.168585149788604
"sdp",0.0623658104954933
"sdp",0.116920229767879
"sdp",0.0454832451584627
"sdp",0.249295686235716
"sdp",0.179497198530337
"sdp",0.104025477270748
"sdp",0.0309578018761357
"sdp",0.155680657600094
"sdp",0.36498856630453
"sdp",0.156442889154812
"sdp",0.311572914208191
"sdp",0.249966172353179
"sdp",0.280408949198442
"sdp",0.321683787865339
"sdp",0.136169209232593
"sdp",0.145159491441777
"sdp",0.193810123628277
"sdp",0.382858607776344
"sdp",0.376563314564154
"sdp",0.0511361223406708
"sdp",0.397482145169632
"sdp",0.146385998472953
"sdp",0.0694635877707268
"sdp",0.128875611350332
"sdp",0.328406899303649
"sdp",0.200768457176912
"sdp",0.367155145173586
"sdp",0.376331631406332
"sdp",0.318066640725026
"sdp",0.270025235504926
"sdp",0.245924320690884
"sdp",0.0221255046004996
"sdp",0.126936802745286
"sdp",0.229067848480065
"sdp",0.253803381191718
"sdp",0.0637600973073103
"sdp",0.105515511638716
"sdp",0.136929158682994
"sdp",0.183820074809129
"sdp",0.126382857136985
"sdp",0.163236795290259
"sdp",0.0136031816758464
"sdp",0.0727051234720748
"sdp",0.0690355895510469
"sdp",0.00898490021857136
"sdp",0.16253135972042
"sdp",0.0841717968637502
"sdp",0.209303229318082
"sdp",0.0520899653356858
"sdp",0.01173574204213
"sdp",0.33440837879984
"sdp",0.0229353793327688
"sdp",0.319098615878919
"sdp",0.386981115962971
"sdp",0.167165966404031
"sdp",0.253400378336929
"sdp",0.349272319597237
"sdp",0.00546408621188493
"sdp",0.207237431890996
"sdp",0.30056776744248
"sdp",0.0346201689793976
"sdp",0.403840400560731
"sdp",0.121834604536956
"sdp",0.106696341165416
"sdp",0.0768841307133513
"sdp",0.0177029403164938
"sdp",0.200102732998696
"sdp",0.217942680946713
"sdp",0.160127847813621
"sdp",0.211092008832526
"sdp",0.0518885600234279
"sdp",0.210434584330153
"sdp",0.115873642593091
"sdp",0.238085083740677
"sdp",0.120493071118142
"sdp",0.34944069084102
"sdp",0.0161966282301544
"sdp",0.183387573060216
"sdp",0.190611736505287
"sdp",0.190363580849364
"sdp",0.368118756070016
"sdp",0.309120123926513
"sdp",0.322849258489994
"sdp",0.136808401505368
"sdp",0.051146805071975
"sdp",0.190042634366784
"sdp",0.0403902543316039
"sdp",0.307231504767802
"sdp",0.140841846017174
"sdp",0.049946638364566
"sdp",0.105656492133328
"sdp",0.176392699094962
"sdp",0.149106723017862
"sdp",0.0715139047215423
"sdp",0.164616202712603
"sdp",0.0441299164580963
"sdp",0.194621571640368
"sdp",0.214988779963037
"sdp",0.111400520194807
"sdp",0.190866007309106
"sdp",0.0861151723516597
"sdp",0.497093996430409
"sdp",0.619045210795991
"sdp",0.0846915558799251
"sdp",0.262500401589171
"sdp",0.240086434117961
"sdp",0.0336197884788957
"sdp",0.118210262657936
"sdp",0.23694632778505
"sdp",0.0303799021945118
"sdp",0.498885992262258
"sdp",0.363837021517807
"sdp",0.348154178549258
"sdp",0.299146002188899
"sdp",0.23986125094117
"sdp",0.131602404916817
"sdp",0.0497244972162395
"sdp",0.0776412696310363
"sdp",0.0514362911758309
"sdp",0.024906800110329
"sdp",0.100297844677451
"sdp",0.0302463726764883
"sdp",0.0836676658267062
"sdp",0.0964594225948826
"sdp",0.0112462827458693
"sdp",0.334375253316908
"sdp",0.0757050336586065
"sdp",0.276662485207373
"sdp",0.0903617952296109
"sdp",0.0865241289725543
"sdp",0.133669071259971
"sdp",0.0657687961587808
"sdp",0.0258661043550945
"sdp",0.205260567612114
"sdp",0.00786318597157964
"sdp",0.175417677258053
"sdp",0.381964685892001
"sdp",0.285682484478248
"sdp",0.122991936794013
"sdp",0.207545295490437
"sdp",0.150090240339146
"sdp",0.12497624580016
"sdp",0.0249610098930982
"sdp",0.1093120078472
"sdp",0.0698609880569906
"sdp",0.200891960416288
"sdp",0.0728667067481385
"sdp",0.263991932834641
"sdp",0.0423283094556248
"sdp",0.0800925892172747
"sdp",0.134075752488182
"sdp",0.328172819767731
"sdp",0.258427421458138
"sdp",0.218617295364255
"sdp",0.151921116290751
"sdp",0.11073757516873
"sdp",0.244958158341358
"sdp",0.0500914086871629
"sdp",0.241094439738817
"sdp",0.397776783621155
"sdp",0.0293316842930977
"sdp",0.141119295675107
"sdp",0.259033775164053
"sdp",0.171036112659979
"sdp",0.143698723210107
"sdp",0.0713009691765441
"sdp",0.267868034527328
"sdp",0.0107659594443606
"sdp",0.0794903569852158
"sdp",0.0114583160594559
"sdp",0.0190803906649614
"sdp",0.331113377519896
"sdp",0.0744961209256806
"sdp",0.39121531424853
"sdp",0.0478093646270752
"sdp",0.272303952154423
"sdp",0.0277811381332283
"sdp",0.215753622681497
"sdp",0.0331089913250972
"sdp",0.0709312501839351
"sdp",0.0869033191175898
"sdp",0.0726287875704022
"sdp",0.275376049020971
"sdp",0.118449164246406
"sdp",0.0233836184950967
"sdp",0.308818144854262
"sdp",0.0755576167222871
"sdp",0.0602645092231139
"sdp",0.0473957928239399
"sdp",0.2007049568416
"sdp",0.218079812532592
"sdp",0.115391233543302
"sdp",0.0736239831047364
"sdp",0.166216657919035
"sdp",0.0622359297402834
"sdp",0.130507885942183
"sdp",0.281247290036095
"sdp",0.0367758483546549
"sdp",0.0862899756050477
"sdp",0.0269879050981778
"sdp",0.13443704453605
"sdp",0.179952824166658
"sdp",0.0309364484387611
"sdp",0.0844941526040781
"sdp",0.170363743441886
"sdp",0.103455143864268
"sdp",0.199560103461911
"sdp",0.225532481640563
"sdp",0.21506586692916
"sdp",0.0257097803076074
"sdp",0.176378565484242
"sdp",0.15985797495833
"sdp",0.124660873771729
"sdp",0.18666557228248
"sdp",0.180638468383298
"sdp",0.0706552250015535
"sdp",0.016053412144294
"sdp",0.180781678032918
"sdp",0.112081514018684
"sdp",0.00574368670063808
"sdp",0.131435163961855
"sdp",0.346992810085379
"sdp",0.14619946068301
"sdp",0.169814402716368
"sdp",0.0254667289643831
"sdp",0.180181887673354
"sdp",0.13867279202673
"sdp",0.142725282399818
"sdp",0.00682141512277157
"sdp",0.151524826865442
"sdp",0.144212572476677
"sdp",0.316344132198101
"sdp",0.130162435331079
"sdp",0.131241259347837
"sdp",0.100816055592275
"sdp",0.0543748617669829
"sdp",0.0674603231173297
"sdp",0.00244739025511457
"sdp",0.0940404062115747
"sdp",0.288211818589004
"sdp",0.0683192117039499
"sdp",0.292473643439692
"sdp",0.0994330931416372
"sdp",0.161266853955708
"sdp",0.254790683910995
"sdp",0.212571959020484
"sdp",0.214835810509613
"sdp",0.130695226259404
"sdp",0.0586016603250183
"sdp",0.0479387401879588
"sdp",0.229814334074105
"sdp",0.0984742297447125
"sdp",0.123873065469597
"sdp",0.00903226811202495
"sdp",0.139060603413654
"sdp",0.0205804118652214
"sdp",0.126679068425146
"sdp",0.148565452842097
"sdp",0.208911172012947
"sdp",0.145336301020247
"sdp",0.112502035341661
"sdp",0.296188011995628
"sdp",0.441005844082355
"sdp",0.258315374782708
"sdp",0.251067270340977
"sdp",0.201244677547234
"sdp",0.069819027637831
"sdp",0.297958372694683
"sdp",0.264326149074694
"sdp",0.279107137575141
"sdp",0.378847651582211
"sdp",0.246808478293666
"sdp",0.298251456297007
"sdp",0.261844465907832
"sdp",0.159374945642309
"sdp",0.110505522042692
"sdp",0.33695272219933
"sdp",0.049317659305155
"sdp",0.207956854300157
"sdp",0.348810895948009
"sdp",0.00767449102573955
"sdp",0.230579811173835
"sdp",0.361643971329772
"sdp",0.395043392078998
"sdp",0.334946963854138
"sdp",0.349057143582868
"sdp",0.107579952991869
"sdp",0.0368146767318334
"sdp",0.334986266442576
"sdp",0.0516516591927459
"sdp",0.185446197574561
"sdp",0.180994703880134
"sdp",0.147308198316401
"sdp",0.343786091784913
"sdp",0.142582250421057
"sdp",0.16979808798733
"sdp",0.212233063022613
"sdp",0.132854070862476
"sdp",0.275237570096453
"sdp",0.201893850241861
"sdp",0.0692540353897755
"sdp",0.0646428610998637
"sdp",0.167175392237741
"sdp",0.102626461344411
"sdp",0.284915202104689
"sdp",0.364211709701243
"sdp",0.147573714364872
"sdp",0.401028017487087
"sdp",0.330593170308323
"sdp",0.149382481238612
"sdp",0.176826289027316
"sdp",0.217911911644815
"sdp",0.0407119251706615
"sdp",0.0825857563614045
"sdp",0.249891136758683
"sdp",0.230440757970774
"sdp",0.212144530897174
"sdp",0.18935627665944
"sdp",0.162372818439696
"sdp",0.224268520233879
"sdp",0.212568374633903
"sdp",0.0716324614446446
"sdp",0.338233864194678
"sdp",0.158055739386078
"sdp",0.241131155270742
"sdp",0.27521883378277
"sdp",0.157447568951147
"sdp",0.239296315922015
"sdp",0.321585820351485
"sdp",0.455257628878963
"sdp",0.373618285598677
"sdp",0.102353683904849
"sdp",0.0997327527420904
"sdp",0.323068745307705
"sdp",0.256082631573379
"sdp",0.267733360024393
"sdp",0.090974819414643
"sdp",0.37952004948836
"sdp",0.241017647348623
"sdp",0.0804918891526455
"sdp",0.156812761344719
"sdp",0.165314009226649
"sdp",0.329260073806471
"sdp",0.197188403596032
"sdp",0.277460346485736
"sdp",0.264483539269888
"sdp",0.0190576988987615
"sdp",0.0852690105539433
"sdp",0.141925049850364
"sdp",0.24603382301176
"sdp",0.323300122555415
"sdp",0.159958402702392
"sdp",0.214289296831829
"sdp",0.0827272655001405
"sdp",0.21162022505485
"sdp",0.324504894422093
"sdp",0.0653847557572105
"sdp",0.405608017203873
"sdp",0.169563864997935
"sdp",0.608716729286184
"sdp",0.167149474784452
"sdp",0.0974288159800576
"sdp",0.238035872042416
"sdp",0.00358993020307882
"sdp",0.12705696245334
"sdp",0.160294198962244
"sdp",0.367674826898936
"sdp",0.192433828349789
"sdp",0.196175788036493
"sdp",0.382497590298217
"sdp",0.271971546715698
"sdp",0.197100500651252
"sdp",0.194265748449704
"sdp",0.0446101845930854
"sdp",0.055309891637129
"sdp",0.0585795995773785
"sdp",0.265309403420057
"sdp",0.101239522686626
"sdp",0.0416633599494003
"sdp",0.130757232643024
"sdp",0.144987875902342
"sdp",0.11173059241386
"sdp",0.0110625678780192
"sdp",0.122203741333116
"sdp",0.06844757260057
"sdp",0.0878176216977707
"sdp",0.0133059558402674
"sdp",0.140931096797222
"sdp",0.138157063693478
"sdp",0.206693013183873
"sdp",0.0871792813815498
"sdp",0.0289142972834095
"sdp",0.114936842214102
"sdp",0.00584772831985894
"sdp",0.446697714258972
"sdp",0.289024321102419
"sdp",0.0804684259238159
"sdp",0.230431224230429
"sdp",0.200282523362556
"sdp",0.00777093013774082
"sdp",0.103042936745296
"sdp",0.45531344213515
"sdp",0.0263298396858207
"sdp",0.369741110489968
"sdp",0.122008881425043
"sdp",0.0802820709485915
"sdp",0.208122398723799
"sdp",0.173025445192202
"sdp",0.0176193968858767
"sdp",0.225145772125991
"sdp",0.124986106889638
"sdp",0.157084225674738
"sdp",0.123056588461233
"sdp",0.0799044929014354
"sdp",0.0789733370305232
"sdp",0.25599019504779
"sdp",0.180801940862315
"sdp",0.0247232575895925
"sdp",0.0194575828099415
"sdp",0.00635626009863016
"sdp",0.25283664682846
"sdp",0.11188078836466
"sdp",0.285095385524401
"sdp",0.243038092819029
"sdp",0.127635422444718
"sdp",0.240393163243092
"sdp",0.0959112752357882
"sdp",0.155937285110221
"sdp",0.00618825304176326
"sdp",0.212050318711883
"sdp",0.159113843786824
"sdp",0.40271242097742
"sdp",0.500364986066876
"sdp",0.132828512520989
"sdp",0.552053483339258
"sdp",0.054582728802431
"sdp",0.162061445108898
"sdp",0.146635618598087
"sdp",0.0860655351719029
"sdp",0.237305642892505
"sdp",0.141429167367436
"sdp",0.148575548122758
"sdp",0.0888314411568712
"sdp",0.215650990956532
"sdp",0.00439309056585106
"sdp",0.176592545124439
"sdp",0.238865666389226
"sdp",0.0092062171949903
"sdp",0.0746239952924748
"sdp",0.0786585858756129
"sdp",0.00460939959425665
"sdp",0.0764621294816145
"sdp",0.0675839666924009
"sdp",0.00983221020002148
"sdp",0.122795351871629
"sdp",0.0865475020976244
"sdp",0.122035828671825
"sdp",0.199035667108277
"sdp",0.0724711297912174
"sdp",0.141153743977546
"sdp",0.0124475738570568
"sdp",0.171859460357963
"sdp",0.141688648618771
"sdp",0.0256726755414283
"sdp",0.069157860242448
"sdp",0.116189335721961
"sdp",0.173628894317945
"sdp",0.119012749108821
"sdp",0.0734687901682506
"sdp",0.209973053018323
"sdp",0.158996149800033
"sdp",0.0301129074586852
"sdp",0.148148013581927
"sdp",0.0865426825553853
"sdp",0.122686918022711
"sdp",0.114373042501692
"sdp",0.0605969905524415
"sdp",0.0750555385186509
"sdp",0.0762891051403031
"sdp",0.162814311270302
"sdp",0.0316860285535713
"sdp",0.120859619641254
"sdp",0.143523128222555
"sdp",0.0670177824956881
"sdp",0.144846630487492
"sdp",0.0733710544436465
"sdp",0.151521927835272
"sdp",0.0609534059815044
"sdp",0.0843925531771874
"sdp",0.106123739936768
"sdp",0.0019770753317001
"sdp",0.138474166422454
"sdp",0.30924780578312
"sdp",0.117732412162046
"sdp",0.0608851978154574
"sdp",0.100455130738343
"sdp",0.0651825067844723
"sdp",0.171823391383742
"sdp",0.0314825121264516
"sdp",0.042248665028766
"sdp",0.0812914811497349
"sdp",0.23602743464035
"sdp",0.0174568026830805
"sdp",0.0880643087518366
"sdp",0.00887490212457061
"sdp",0.037073705742979
"sdp",0.220723994038361
"sdp",0.0519474428026892
"sdp",0.0290882390789342
"sdp",0.0708616212958155
"sdp",0.106536083624888
"sdp",0.152430383050578
"sdp",0.0290061141298621
"sdp",0.125888114528204
"sdp",0.099641172649134
"sdp",0.0683924920889884
"sdp",0.130945845824736
"sdp",0.037736732568458
"sdp",0.0562322350382501
"sdp",0.000425922322219677
"sdp",0.126714996733235
"sdp",0.145862601360793
"sdp",0.0370237272087717
"sdp",0.0108627730505525
"sdp",0.218051636636567
"sdp",0.0762679704394394
"sdp",0.0289523279757681
"sdp",0.177336555145515
"sdp",0.0560168199055241
"sdp",0.0351825831151978
"sdp",0.0242606092996047
"sdp",0.243148818985495
"sdp",0.0339116323283822
"sdp",0.15964263294409
"sdp",0.218319807331236
"sdp",0.031244344392978
"sdp",0.0402213816243494
"sdp",0.147489189869891
"sdp",0.0972351954881828
"sdp",0.0620549570490321
"sdp",0.111883875643099
"sdp",0.124467085570257
"sdp",0.174773486796445
"sdp",0.364672786745522
"sdp",0.086028121692363
"sdp",0.0592634936045416
"sdp",0.162888555038449
"sdp",0.0636867750179833
"sdp",0.0805390532550824
"sdp",0.0792376821473757
"sdp",0.0410853717246458
"sdp",0.139017922293778
"sdp",0.131557572821238
"sdp",0.0456840354671565
"sdp",0.0370388288020573
"sdp",0.166783774110428
"sdp",0.0214578905276689
"sdp",0.334154357705043
"sdp",0.0199822855046424
"sdp",0.355941610906783
"sdp",0.140167684026696
"sdp",0.0719576119657719
"sdp",0.0974843717826909
"sdp",0.0408512883001962
"sdp",0.00455159276849754
"sdp",0.109799733434294
"sdp",0.0777554445711638
"sdp",0.121760420899455
"sdp",0.109682513295166
"sdp",0.276209004311893
"sdp",0.085412183569879
"sdp",0.194768701745181
"sdp",0.266995135518315
"sdp",0.0667952042064434
"sdp",0.121303665686808
"sdp",0.233584559844072
"sdp",0.0436895952305459
"sdp",0.148472657717068
"sdp",0.0497552691209416
"sdp",0.0185177567159127
"sdp",0.0258678607505277
"sdp",0.116756258689015
"sdp",0.287549898810691
"sdp",0.0450438962329636
"sdp",0.0298716275698362
"sdp",0.140341791156464
"sdp",0.248587629132443
"sdp",0.198556566919988
"sdp",0.0804343951019958
"sdp",0.00533342913228618
"sdp",0.0485748723135934
"sdp",0.0133083237601138
"sdp",0.0385741696714967
"sdp",0.0943438065178196
"sdp",0.125023923980878
"sdp",0.0324516247099541
"sdp",0.289191371558649
"sdp",0.194891385860046
"sdp",0.0442735360213628
"sdp",0.114803853929537
"sdp",0.0504494799696596
"sdp",0.0851433828697022
"sdp",0.0110055276272191
"sdp",0.0327997635197247
"sdp",0.0386403736698311
"sdp",0.14154869915435
"sdp",0.330518608960641
"sdp",0.0889538841636617
"sdp",0.147186598071812
"sdp",0.0311999257664766
"sdp",0.207899242269648
"sdp",0.144374281079486
"sdp",0.0824069142986815
"sdp",0.0628746367489373
"sdp",0.0277573526588857
"sdp",0.0386696226475179
"sdp",0.0250934102478276
"sdp",0.0109467601626969
"sdp",0.107473619427019
"sdp",0.0759744411558209
"sdp",0.0430055935737683
"sdp",0.0637460527167867
"sdp",0.0153256214297085
"sdp",0.0213560306814455
"sdp",0.19163600694226
"sdp",0.10806606083514
"sdp",0.136896395095785
"sdp",0.140927569595133
"sdp",0.0730949707423246
"sdp",0.0383208210773109
"sdp",0.017956291687276
"sdp",0.077367000087605
"sdp",0.0231833011849691
"sdp",0.307408673532757
"sdp",0.0829313277365795
"sdp",0.129540486483694
"sdp",0.154189316530921
"sdp",0.111341799992189
"sdp",0.018704974212879
"sdp",0.0560297486034266
"sdp",0.126317018254049
"sdp",0.142237005016582
"sdp",0.122935424321001
"sdp",0.15757483229433
"sdp",0.0807747974060776
"sdp",0.103497059622755
"sdp",0.0779197961152856
"sdp",0.0948938385208785
"sdp",0.0739098856821785
"sdp",0.0689915416989816
"sdp",0.0356982154746184
"sdp",0.0278389220023194
"sdp",0.0901533123124001
"sdp",0.0982997692093832
"sdp",0.13895872023287
"sdp",0.0371041677268029
"sdp",0.0698762944696394
"sdp",0.0260014665285518
"sdp",0.0612619075649301
"sdp",0.0867169581116239
"sdp",0.0331352595133445
"sdp",0.0038453420672403
"sdp",0.0875743337354302
"sdp",0.0757010280996518
"sdp",0.0867937904648167
"sdp",0.0580910095160893
"sdp",0.0803150892989452
"sdp",0.00803132801982021
"sdp",0.0472881874443912
"sdp",0.0882323199433039
"sdp",0.0921507121910055
"sdp",0.249344373929687
"sdp",0.10333739795302
"sdp",0.0117997233875077
"sdp",0.0129055263389165
"sdp",0.0439088869101507
"sdp",0.0902220009097803
"sdp",0.000456492857410784
"sdp",0.019909313512116
"sdp",0.0492863584974947
"sdp",0.174576317536007
"sdp",0.00305263742732767
"sdp",0.103356301929089
"sdp",0.206212365885062
"sdp",0.269924454740071
"sdp",0.117369664494378
"sdp",0.0148396938081985
"sdp",0.0090239656561541
"sdp",0.0364635194426353
"sdp",0.00722120997447126
"sdp",0.0497819037841309
"sdp",0.0722189320637541
"sdp",0.0971909090287253
"sdp",0.111644107175657
"sdp",0.149513973675004
"sdp",0.178022375857344
"sdp",0.149458416613565
"sdp",0.0855228764414318
"sdp",0.18092128508223
"sdp",0.0959086822167843
"sdp",0.161630611641244
"sdp",0.147084284293989
"sdp",0.167165147330084
"sdp",0.144899891571274
"sdp",0.0820807021743794
"sdp",0.010337453988334
"sdp",0.102421798836575
"sdp",0.0270555387876726
"sdp",0.164257960857411
"sdp",0.0931000617865411
"sdp",0.0214688158294296
"sdp",0.102524165296891
"sdp",0.0058119762777141
"sdp",0.104331574414639
"sdp",0.0283981601441168
"sdp",0.239239195949281
"sdp",0.170908555120975
"sdp",0.0925888980899268
"sdp",0.051119323351821
"sdp",0.0174479385896694
"sdp",0.0488715456682449
"sdp",0.078940652921418
"sdp",0.215434284586694
"sdp",0.0979826662656897
"sdp",0.190193717116323
"sdp",0.244271606866922
"sdp",0.0201541622091373
"sdp",0.356579888515601
"sdp",0.0300970040108776
"sdp",0.0690191237567241
"sdp",0.0262309515521043
"sdp",0.0658333277901824
"sdp",0.154773551162126
"sdp",0.0669091457137401
"sdp",0.00272725448292321
"sdp",0.0114968657916749
"sdp",0.244623181948932
"sdp",0.0154262645994632
"sdp",0.100306617066078
"sdp",0.166065955592749
"sdp",0.000622196026957247
"sdp",0.182604872994027
"sdp",0.047527008125355
"sdp",0.12559201461306
"sdp",0.0381679922124838
"sdp",0.189110830603552
"sdp",0.303504513141933
"sdp",0.0259347638314053
"sdp",0.1848392394886
"sdp",0.0420407096349355
"sdp",0.00138588322257721
"sdp",0.188742601127376
"sdp",0.0151277784440121
"sdp",0.00972743309577737
"sdp",0.125980866179324
"sdp",0.0230415106659534
"sdp",0.00268264397992107
"sdp",0.0617072275330028
"sdp",0.0410825947736206
"sdp",0.15484173716471
"sdp",0.0944168477310423
"sdp",0.148846616221738
"sdp",0.306022249557346
"sdp",0.00428101651993067
"sdp",0.0370607622568111
"sdp",0.00269346453194849
"sdp",0.122379292522994
"sdp",0.0153027509623772
"sdp",0.0809277297058849
"sdp",0.0338653265261367
"sdp",0.178733478491271
"sdp",0.0407576669182879
"sdp",0.0357799978704551
"sdp",0.00241488992048264
"sdp",0.250385232622101
"sdp",0.128394165880107
"sdp",0.1075382034733
"sdp",0.10283105011261
"sdp",0.0801162446224662
"sdp",0.0223086264763808
"sdp",0.0538500970877696
"sdp",0.148508717758816
"sdp",0.00879736221879807
"sdp",0.217221367548723
"sdp",0.0485799525378462
"sdp",0.135624798348436
"sdp",0.175940809972461
"sdp",0.133891972446111
"sdp",0.139122201971004
"sdp",0.0607604686136125
"sdp",0.0893027621628913
"sdp",0.283760756742377
"sdp",0.128184543475561
"sdp",0.112542954238556
"sdp",0.207986033566735
"sdp",0.16763227126643
"sdp",0.0542181678738276
"sdp",0.0369606740727976
"sdp",0.030127326450707
"sdp",0.00549806619428195
"sdp",0.00574318940490659
"sdp",0.107812271079665
"sdp",0.0815413340475279
"sdp",0.0154026694616352
"sdp",0.0334527043738261
"sdp",0.0624675071513984
"sdp",0.0529328294649067
"sdp",0.104945033961765
"sdp",0.243153233937055
"sdp",0.0307501488700766
"sdp",0.265049017467898
"sdp",0.0858241531011489
"sdp",0.101510002564601
"sdp",0.0115538090855269
"sdp",0.0560834962593114
"sdp",0.0661911878420648
"sdp",0.436247402789075
"sdp",0.00239054295260416
"sdp",0.192699547603945
"sdp",0.328610226972502
"sdp",0.121530573520591
"sdp",0.147606703068186
"sdp",0.0890845040206144
"sdp",0.317483443288489
"sdp",0.119431595975285
"sdp",0.0384426414864951
"sdp",0.0478085299425884
"sdp",0.037463185964927
"sdp",0.231914164406505
"sdp",0.0894313656155658
"sdp",0.00701846039699139
"sdp",0.100914490025001
"sdp",0.127186786393089
"sdp",0.156453252430866
"sdp",0.1505242247746
"sdp",0.010057639614812
"sdp",0.0678010972016893
"sdp",0.126758871231009
"sdp",0.0742540462742095
"sdp",0.00897498630109736
"sdp",0.0452544883609029
"sdp",0.15287752034502
"sdp",0.0410309156840264
"sdp",0.23388655371127
"sdp",0.228409979185403
"sdp",0.170193348525308
"sdp",0.0822618097107824
"sdp",0.013308645576238
"sdp",3.71020971080549e-05
"sdp",0.0414075198044825
"sdp",0.0202444559022658
"sdp",0.152299432787874
"sdp",0.08018428867559
"sdp",0.0844348195825
"sdp",0.222551940777961
"sdp",0.14607137796533
"sdp",0.0368979836793143
"sdp",0.00508626800179984
"sdp",0.0764753756501656
"sdp",0.0321717313554262
"sdp",0.0475365672458319
"sdp",0.0316311443753688
"sdp",0.226129345989328
"sdp",0.203065754497958
"sdp",0.136080945375596
"sdp",0.0941467142655439
"sdp",0.196166462072602
"sdp",0.316887043405367
"sdp",0.144983159908439
"sdp",0.188162972667104
"sdp",0.0371460281705081
"sdp",0.041561028343617
"sdp",0.0300805888019617
"sdp",0.0665030634065439
"sdp",0.00314426285330796
"sdp",0.118305084146648
"sdp",0.0418637964234373
"sdp",0.0953337431832706
"sdp",0.0846086884071559
"sdp",0.171573019944432
"sdp",0.0787101164157473
"sdp",0.0512939268273537
"sdp",0.115264967891832
"sdp",0.233003712113896
"sdp",0.147618058898754
"sdp",0.195508160872326
"sdp",0.168251466155001
"sdp",0.0675189037559484
"sdp",0.0876690325880566
"sdp",0.204256022650204
"sdp",0.0858442149871308
"sdp",0.12167211511655
"sdp",0.0691822408585754
"sdp",0.153022006330103
"sdp",0.0856119375074732
"sdp",0.131331307874075
"sdp",0.0129668859576887
"sdp",0.0438248367778354
"sdp",0.189300742605059
"sdp",0.0928173860589611
"sdp",0.275288859620767
"sdp",0.021975389743414
"sdp",0.245050663468674
"sdp",0.195362615737512
"sdp",0.109621393935845
"sdp",0.0722347693246633
"sdp",0.223140408703483
"sdp",0.0043187053995089
"sdp",0.129714627998457
"sdp",0.144626218813428
"sdp",0.00355716449989213
"sdp",0.0683934770702305
"sdp",0.0939465906624978
"sdp",0.0264112972817024
"sdp",0.00168795223926033
"sdp",0.15308189239634
"sdp",0.00914910553264123
"sdp",0.0319974401155733
"sdp",0.182886067384975
"sdp",0.0640516573307154
"sdp",0.133750557767301
"sdp",0.0406824855108245
"sdp",0.115003013663062
"sdp",0.0917229838232765
"sdp",0.0230356875586099
"sdp",0.139585318840511
"sdp",0.141120479637168
"sdp",0.0586836338695929
"sdp",0.183904564417265
"sdp",0.143050304938724
"sdp",0.0310197201779275
"sdp",0.100604106535548
"sdp",0.0136671564656106
"sdp",0.033848970064606
"sdp",0.0230527672445944
"sdp",0.0380042491437946
"sdp",0.130523582842843
"sdp",0.0983334321839287
"sdp",0.211768869900936
"sdp",0.0183909842262356
"sdp",0.00110596713041428
"sdp",0.0803473879655014
"sdp",0.0108140668161484
"sdp",0.173902729792893
"sdp",0.0802880199485013
"sdp",0.0205045148205776
"sdp",0.0655005015231103
"sdp",0.134367145519716
"sdp",0.175723879379829
"sdp",0.14071585526241
"sdp",0.139898427299914
"sdp",0.0935748873906918
"sdp",0.221156896350311
"sdp",0.256611109313187
"sdp",0.0227586337599586
"sdp",0.0823973204966101
"sdp",0.0493865373908813
"sdp",0.00161687776987654
"sdp",0.122837036171333
"sdp",0.175741471099561
"sdp",0.0450609042356199
"sdp",0.0324761628835102
"sdp",0.0748088153447327
"sdp",0.228568811512918
"sdp",0.116767344789912
"sdp",0.0162000753720755
"sdp",0.0228593151274901
"sdp",0.0785294119231985
"sdp",0.145825275370419
"sdp",0.0638465133241019
"sdp",0.0513547731008189
"sdp",0.0245604893336375
"sdp",0.051951169879549
"sdp",0.0326359652696008
"sdp",0.158409519679155
"sdp",0.0985617349049594
"sdp",0.344270833940419
"sdp",0.314487136015125
"sdp",0.101083118740413
"sdp",0.0756404613538096
"sdp",0.0359465962928434
"sdp",0.0524342563086954
"sdp",0.00936284306178872
"sdp",0.122065780270942
"sdp",0.312152965990751
"sdp",0.294550437962839
"sdp",0.291283010816395
"sdp",0.305681772369752
"sdp",0.0304936340311319
"sdp",0.194853401393164
"sdp",0.0703500946331869
"sdp",0.0321067715463951
"sdp",0.201736965283196
"sdp",0.141490837506522
"sdp",0.293500325392404
"sdp",0.137541321055043
"sdp",0.35005598161546
"sdp",0.305557571083833
"sdp",0.0556455399890437
"sdp",0.165929582480573
"sdp",0.0689156844399201
"sdp",0.106370248876534
"sdp",0.0812126943750743
"sdp",0.33318365237032
"sdp",0.00050763621321695
"sdp",0.416066778051174
"sdp",0.354311124209996
"sdp",0.0876841386532623
"sdp",0.372734474672544
"sdp",0.20887195349695
"sdp",0.0302600895798295
"sdp",0.0177356177709319
"sdp",0.254149817180115
"sdp",0.117006460975397
"sdp",0.0443981719737522
"sdp",0.0616055439840614
"sdp",0.00732439713785968
"sdp",0.254204003443475
"sdp",0.158083411984806
"sdp",0.13076189293188
"sdp",0.0815606483810876
"sdp",0.0511934025328533
"sdp",0.207543700473864
"sdp",0.019391195823675
"sdp",0.0330020977609066
"sdp",0.148404710387238
"sdp",0.0324334204891299
"sdp",0.226894590274538
"sdp",0.0623665744511448
"sdp",0.350486679512011
"sdp",0.0927726195904087
"sdp",0.212053625973075
"sdp",0.208658288425355
"sdp",0.0619929197180268
"sdp",0.0156725915402465
"sdp",0.237581576343693
"sdp",0.0943483182674835
"sdp",0.067483995552846
"sdp",0.266211949969616
"sdp",0.223510111881043
"sdp",0.228837534203606
"sdp",0.0489054271858802
"sdp",0.441048422249043
"sdp",0.00147754685269168
"sdp",0.201137697277528
"sdp",0.0660465892564818
"sdp",0.343990052178749
"sdp",0.187667984074265
"sdp",0.362056900981837
"sdp",0.0959665863013266
"sdp",0.0485611632483263
"sdp",0.0468597678750941
"sdp",0.232629876757799
"sdp",0.229592464288166
"sdp",0.453581671252748
"sdp",0.0127816237315435
"sdp",0.362357425883639
"sdp",0.20086742639847
"sdp",0.221593434547924
"sdp",0.376509135972815
"sdp",0.0319130800113116
"sdp",0.393756767625714
"sdp",0.128797537504339
"sdp",0.0125094253765016
"sdp",0.0285344604716012
"sdp",0.0152883384393263
"sdp",0.195150577160323
"sdp",0.144596094818276
"sdp",0.272168177669727
"sdp",0.307783716501209
"sdp",0.104294592003073
"sdp",0.459849567950973
"sdp",0.259029707058363
"sdp",0.0672991239753811
"sdp",0.301629202983856
"sdp",0.00273743195827122
"sdp",0.165408481369981
"sdp",0.118872929757234
"sdp",0.158307973881256
"sdp",0.160215426626072
"sdp",0.0191748282542066
"sdp",0.177032569321551
"sdp",0.134127883143634
"sdp",0.0563417971038467
"sdp",0.113860479879803
"sdp",0.0630879728371327
"sdp",0.0142689138192781
"sdp",0.123597613594222
"sdp",0.035598884825042
"sdp",0.200610399123286
"sdp",0.00765950200506407
"sdp",0.187033790012782
"sdp",0.276464713690346
"sdp",0.0882585992502299
"sdp",0.249526558356231
"sdp",0.0521202851836637
"sdp",0.0270905470817251
"sdp",0.113951032978613
"sdp",0.133691963558223
"sdp",0.158071486192354
"sdp",0.155795031475889
"sdp",0.247799328593852
"sdp",0.0124737462204492
"sdp",0.0566367892313255
"sdp",0.252569746050286
"sdp",0.0641162243195733
"sdp",0.0269639957926578
"sdp",0.151130176259132
"sdp",0.0270068046352926
"sdp",0.0130127516214702
"sdp",0.0112746403408947
"sdp",0.0492868298284296
"sdp",0.224918590331677
"sdp",0.102112376519
"sdp",0.17514480394856
"sdp",0.274187901737352
"sdp",0.0277485329905534
"sdp",0.193494203841443
"sdp",0.0332644323821935
"sdp",0.0404042960154619
"sdp",0.0113512392613034
"sdp",0.05788667896244
"sdp",0.0207921915851502
"sdp",0.0113611882776763
"sdp",0.191936019221036
"sdp",0.0340774876691958
"sdp",0.0889590090446207
"sdp",0.212065919731349
"sdp",0.0317494974623255
"sdp",0.0485729934485449
"sdp",0.264840873094337
"sdp",0.0535814333702543
"sdp",0.0761630298631827
"sdp",0.0353462718272465
"sdp",0.131243564051903
"sdp",0.0654763314451385
"sdp",0.157175141152446
"sdp",0.0566788375727741
"sdp",0.0857020582195841
"sdp",0.105700383727133
"sdp",0.0436970882116112
"sdp",0.257566562433675
"sdp",0.176325358723884
"sdp",0.1672629916284
"sdp",0.0413544591651895
"sdp",0.00206671103414996
"sdp",0.082711826293385
"sdp",0.0863394239722502
"sdp",0.0981989376997081
"sdp",0.318742884643287
"sdp",0.105822706090498
"sdp",0.255636500089382
"sdp",0.0976340514553795
"sdp",0.222637541614045
"sdp",0.231767398298298
"sdp",0.00827369822283844
"sdp",0.109665937679734
"sdp",0.0140654242592612
"sdp",0.0547795708984306
"sdp",0.0708329001067528
"sdp",0.0206782203250666
"sdp",0.190603995997284
"sdp",0.0084364738354179
"sdp",0.250948214407419
"sdp",0.0769153725492903
"sdp",0.146145534685796
"sdp",0.190934052825644
"sdp",0.136122243805459
"sdp",0.196155664095948
"sdp",0.00309924736221726
"sdp",0.0654202072908604
"sdp",0.107311266296084
"sdp",0.136688993394589
"sdp",0.0386367086769256
"sdp",0.296413360227443
"sdp",0.125129011886221
"sdp",0.0381049311507144
"sdp",0.154509420587811
"sdp",0.183789820821155
"sdp",0.105069261446656
"sdp",0.24703053164604
"sdp",0.0483321444932566
"sdp",0.131652928991576
"sdp",0.350776507746922
"sdp",0.0382660210853548
"sdp",0.0434393378344785
"sdp",0.161944247054597
"sdp",0.302888263691933
"sdp",0.172345316618571
"sdp",0.0145702755557487
"sdp",0.0606003779017503
"sdp",0.172624267963487
"sdp",0.0552302784204562
"sdp",0.0761101532449708
"sdp",0.107424592070903
"sdp",0.0247397764331937
"sdp",0.0719606943172162
"sdp",0.0799582047036553
"sdp",0.129983380144264
"sdp",0.268011605188353
"sdp",0.16732344771298
"sdp",0.00907319428066569
"sdp",0.106375241846349
"sdp",0.158243089855901
"sdp",0.0344008458153974
"sdp",0.0064174659586919
"sdp",0.116911814352677
"sdp",0.0527500109017516
"sdp",0.0707303596733527
"sdp",0.162698450679975
"sdp",0.235244206825409
"sdp",0.0613905647633913
"sdp",0.0139798928529057
"sdp",0.0945494336737606
"sdp",0.225268801736932
"sdp",0.0908182486358981
"sdp",0.252303471980406
"sdp",0.12437721695863
"sdp",0.18599523546014
"sdp",0.0574750977072277
"sdp",0.156019888617357
"sdp",0.0414896029122795
"sdp",0.121057898032881
"sdp",0.243382542394605
"sdp",0.114364086154961
"sdp",0.150391516566247
"sdp",0.172764119127969
"sdp",0.157910942807286
"sdp",0.149604137413951
"sdp",0.265441889768525
"sdp",0.0304342126922738
"sdp",0.180949609232649
"sdp",0.118684559458368
"sdp",0.171854944172925
"sdp",0.0604576359440116
"sdp",0.0609825169310446
"sdp",0.0806309698155857
"sdp",0.186798806727038
"sdp",0.297661042419831
"sdp",0.026419376403464
"sdp",0.0477441847240282
"sdp",0.134783821326759
"sdp",0.038781697392017
"sdp",0.0980548524155597
"sdp",0.151860336930363
"sdp",0.187878493151567
"sdp",0.00671650117907039
"sdp",0.262632200488824
"sdp",0.217681355619086
"sdp",0.0453472312452151
"sdp",0.281491919222919
"sdp",0.038985937062153
"sdp",0.0116974321378934
"sdp",0.256669419047375
"sdp",0.100124203457344
"sdp",0.037773841572048
"sdp",0.0492456920369849
"sdp",0.0306676383034191
"sdp",0.131792707412777
"sdp",0.289853784744263
"sdp",0.179061889534473
"sdp",0.0815319501791349
"sdp",0.42575490382707
"sdp",0.155192214014855
"sdp",0.00453627997942984
"sdp",0.0505848331505331
"sdp",0.147137638199761
"sdp",0.151511884609529
"sdp",0.15055510399353
"sdp",0.221723329419461
"sdp",0.233576126655943
"sdp",0.0638910362965302
"sdp",0.0490778548408288
"sdp",0.021211831448211
"sdp",0.0862084430813748
"sdp",0.0136959264287391
"sdp",0.135356485538116
"sdp",0.118240581746014
"sdp",0.113433474032037
"sdp",0.0128036898071092
"sdp",0.123681909937164
"sdp",0.0604855546238243
"sdp",0.185881198810485
"sdp",0.176383678356334
"sdp",0.0236828706840254
"sdp",0.218205714718915
"sdp",0.206734989341498
"sdp",0.0693979087782801
"sdp",0.143592414945084
"sdp",0.296496909203474
"sdp",0.0349063820312981
"sdp",0.27754537017003
"sdp",0.197499179365115
"sdp",0.114399511517466
"sdp",0.150428230060418
"sdp",0.0526768558318849
"sdp",0.0781387066889498
"sdp",0.0844023717959547
"sdp",0.294021126607867
"sdp",0.156432838859823
"sdp",0.108329039403069
"sdp",0.263835196339291
"sdp",0.0580624862873258
"sdp",0.331373514836034
"sdp",0.0909028228572848
"sdp",0.131338169214806
"sdp",0.0688356228534565
"sdp",0.0600352525637413
"sdp",0.0863697644043839
"sdp",0.0944421885226792
"sdp",0.0652803708876271
"sdp",0.225854897953441
"sdp",0.100588772166831
"sdp",0.0954597205379031
"sdp",0.0464001431506283
"sdp",0.0268823686228307
"sdp",0.158833077259925
"sdp",0.135025511769264
"sdp",0.119696256922217
"sdp",0.223549159226862
"sdp",0.122980220425863
"sdp",0.0559672579428289
"sdp",0.070110046423431
"sdp",0.0370316082162913
"sdp",0.102364121995028
"sdp",0.142352205285069
"sdp",0.0518478278947648
"sdp",0.0260864463884836
"sdp",0.244259141637574
"sdp",0.305946920993186
"sdp",0.297537163356365
"sdp",0.0571274110815124
"sdp",0.0799903189357944
"sdp",0.0606029427439922
"sdp",0.151992125949183
"sdp",0.107991375207864
"sdp",0.0569056654776099
"sdp",0.190616836220314
"sdp",0.204580386346223
"sdp",0.0640791236756534
"sdp",0.109470418171854
"sdp",0.157360781512982
"sdp",0.171239056916437
"sdp",0.138522249568498
"sdp",0.0692447939484735
"sdp",0.0330229576480394
"sdp",0.0566025979062622
"sdp",0.0794897759218331
"sdp",0.180243859548907
"sdp",0.0665146695334886
"sdp",0.0985156252682614
"sdp",0.111155299696145
"sdp",0.144595938523696
"sdp",0.151679085716698
"sdp",0.121758694487212
"sdp",0.0357057538008063
"sdp",0.101632866792812
"sdp",0.0304685826535129
"sdp",0.404981982980079
"sdp",0.0998855800043391
"sdp",0.064792523642453
"sdp",0.146482314956991
"sdp",0.0666354837414267
"sdp",0.116207114674142
"sdp",0.178353136989128
"sdp",0.180060598325859
"sdp",0.0633849026664032
"sdp",0.0296716254014329
"sdp",0.150306084171346
"sdp",0.188341452031489
"sdp",0.133444588752977
"sdp",0.0545006051517127
"sdp",0.188402612490458
"sdp",0.385871497879006
"sdp",0.118437785432167
"sdp",0.37064859203582
"sdp",0.22854020532981
"sdp",0.063051423874881
"sdp",0.46583530835663
"sdp",0.12407637589098
"sdp",0.241445444494075
"sdp",0.144930410363261
"sdp",0.702259226431739
"sdp",0.374402761479674
"sdp",0.0808114922849115
"sdp",0.211540364335148
"sdp",0.181591180971017
"sdp",0.00708515441536352
"sdp",0.0566875316366148
"sdp",0.270909541090509
"sdp",0.16590644830277
"sdp",0.37151158261282
"sdp",0.221265546306848
"sdp",0.225448933385221
"sdp",0.503133566214656
"sdp",0.332211399295577
"sdp",0.133733126436309
"sdp",0.174202291135086
"sdp",0.117398601612858
"sdp",0.114410328552114
"sdp",0.171178388647529
"sdp",0.16456450703936
"sdp",0.0858936170333406
"sdp",0.264710570017005
"sdp",0.148203575495151
"sdp",0.17678897097017
"sdp",0.447308751080842
"sdp",0.0925049074185521
"sdp",0.216569529009026
"sdp",0.00573075415512613
"sdp",0.168407677205328
"sdp",0.163774901164388
"sdp",0.218315123537867
"sdp",0.180821946526631
"sdp",0.0987922702776184
"sdp",0.184504281598963
"sdp",0.0739997003168923
"sdp",0.618876828170142
"sdp",0.42513293392558
"sdp",0.129825776847734
"sdp",0.27429779163339
"sdp",0.331081263252039
"sdp",0.00311692861514385
"sdp",0.255685150289681
"sdp",0.319757438449209
"sdp",0.0548996888033913
"sdp",0.477683747233939
"sdp",0.0168373215682506
"sdp",0.238168118248821
"sdp",0.0267949717490764
"sdp",0.109402205537712
"sdp",0.346563909367603
"sdp",0.405697254889116
"sdp",0.14293535246414
"sdp",0.0687261674983445
"sdp",0.00204434245951646
"sdp",0.0776805173016825
"sdp",0.057101065421935
"sdp",0.141097871242029
"sdp",0.474561138984388
"sdp",0.412697860690168
"sdp",0.027324518390949
"sdp",0.27693473261033
"sdp",0.245365020690622
"sdp",0.140967282441828
"sdp",0.190903733649541
"sdp",0.149265008706904
"sdp",0.330325874846828
"sdp",0.124087149119251
"sdp",0.242291646130846
"sdp",0.126958100999857
"sdp",0.0324417097308886
"sdp",0.302762036517603
"sdp",0.027873763197565
"sdp",0.523867440743192
"sdp",0.480067723230121
"sdp",0.0119837274085224
"sdp",0.482134668510751
"sdp",0.157145727981834
"sdp",0.039391232632072
"sdp",0.221986527808477
"sdp",0.0951055224563648
"sdp",0.175643418645644
"sdp",0.122233019688724
"sdp",0.00915594514230803
"sdp",0.242417101197593
"sdp",0.312222935861941
"sdp",0.212746869625852
"sdp",0.255176916685633
"sdp",0.23652626626797
"sdp",0.0347181395648144
"sdp",0.221089190362247
"sdp",0.259977123085308
"sdp",0.0606003625634358
"sdp",0.183767235528823
"sdp",0.143700735043737
"sdp",0.0782236551776773
"sdp",0.392323643462966
"sdp",0.0675604573096062
"sdp",0.138471111878853
"sdp",0.0519745085989133
"sdp",0.369269071581342
"sdp",0.0185618316372126
"sdp",0.146947780327175
"sdp",0.122751629220594
"sdp",0.117693518693739
"sdp",0.151467008915771
"sdp",0.071292729945849
"sdp",0.33216815684309
"sdp",0.153964963506938
"sdp",0.0789933021168452
"sdp",0.285822559344636
"sdp",0.20884196959203
"sdp",0.363684167535104
"sdp",0.000117216491987121
"sdp",0.0789751436541003
"sdp",0.149181949781525
"sdp",0.159766668722561
"sdp",0.0476746908489662
"sdp",0.0746242346803295
"sdp",0.108453997152365
"sdp",0.0131502182112486
"sdp",0.0666684164401249
"sdp",0.0356095801049744
"sdp",0.00195665872429351
"sdp",0.0249600306734468
"sdp",0.102783332462261
"sdp",0.0231922423500536
"sdp",0.105826172762858
"sdp",0.0594497669142751
"sdp",0.0347648964636988
"sdp",0.15751922782796
"sdp",0.0550528413098738
"sdp",0.128651456325331
"sdp",0.156075176088859
"sdp",0.0299120050109561
"sdp",0.309488870111364
"sdp",0.240158761437635
"sdp",0.0396509694020344
"sdp",0.178048823652263
"sdp",0.0586023804381502
"sdp",0.0638344859756883
"sdp",0.219789529222323
"sdp",0.201758119617512
"sdp",0.0128785534974035
"sdp",0.305080648663676
"sdp",0.0226722278269305
"sdp",0.103586980709088
"sdp",0.12324398999394
"sdp",0.041106957960161
"sdp",0.152717341494561
"sdp",0.107011884076511
"sdp",0.0655979582056323
"sdp",0.140169945495422
"sdp",0.0227332668047035
"sdp",0.0155956830966614
"sdp",0.0547620175587581
"sdp",0.0204957594623378
"sdp",0.056931149198402
"sdp",0.436852867846175
"sdp",0.0860706385673028
"sdp",0.149209465178191
"sdp",0.0190382896539123
"sdp",0.0967270951263215
"sdp",0.311979768166715
"sdp",0.295147142774573
"sdp",0.331309438421033
"sdp",0.129967308452947
"sdp",0.00289528606915415
"sdp",0.149850432831342
"sdp",0.0729400102088794
"sdp",0.236174327701577
"sdp",0.0409387083465869
"sdp",0.399125438032005
"sdp",0.31108260982177
"sdp",0.0990025700550278
"sdp",0.349051217739081
"sdp",0.51191768684332
"sdp",0.0468815493399033
"sdp",0.159682796633445
"sdp",0.0252509188426709
"sdp",0.0435186477237915
"sdp",0.0264585109564291
"sdp",0.0317164965426428
"sdp",0.218247938739859
"sdp",0.0911578411982837
"sdp",0.138320696229729
"sdp",0.156659495229126
"sdp",0.345168592500483
"sdp",0.116204418962392
"sdp",0.0492118599798685
"sdp",0.00123756126766937
"sdp",0.0327885616592045
"sdp",0.00543524971339908
"sdp",0.00291973475722003
"sdp",0.00427509209932296
"sdp",0.183072928619668
"sdp",0.0258135168770399
"sdp",0.101011999859927
"sdp",0.0327717787848594
"sdp",0.0947177805387348
"sdp",0.0508196772647986
"sdp",0.192396950513013
"sdp",0.0306185337607475
"sdp",0.264364368428512
"sdp",0.0726086987598204
"sdp",0.0405503102019735
"sdp",0.0326418240445186
"sdp",0.111503378591458
"sdp",0.0176542772277269
"sdp",0.066037311195811
"sdp",0.0372406027584923
"sdp",0.0586009682246323
"sdp",0.133929083428842
"sdp",0.065397977905648
"sdp",0.0726245785207149
"sdp",0.0971692712277909
"sdp",0.106031632469145
"sdp",0.115514153265982
"sdp",0.0422160783700302
"sdp",0.00618730875094015
"sdp",0.0922522999534432
"sdp",0.00785623120026724
"sdp",0.0790830407219137
"sdp",0.0529856326134127
"sdp",0.0247090618659992
"sdp",0.0788894575844171
"sdp",0.0783859318763427
"sdp",0.174647733083427
"sdp",0.0453370093957804
"sdp",0.0130522984144927
"sdp",0.0424108013270473
"sdp",0.0469577351475096
"sdp",0.0177025525924772
"sdp",0.191575311649048
"sdp",0.0305764519180629
"sdp",0.11916637689777
"sdp",0.095945240492443
"sdp",0.0940668789229005
"sdp",0.0197479952285526
"sdp",0.023731993553134
"sdp",0.196513852561824
"sdp",0.101038587100984
"sdp",0.115720097546686
"sdp",0.0594895850423441
"sdp",0.0735841945951241
"sdp",0.0614973049865839
"sdp",0.198679160157714
"sdp",0.0988240510029195
"sdp",0.0036514798800492
"sdp",0.0827219930266207
"sdp",0.0514986112943508
"sdp",0.140436099854363
"sdp",0.134091952695247
"sdp",0.100994587350929
"sdp",0.125786849427065
"sdp",0.0445546199035227
"sdp",0.0398724433666544
"sdp",0.00617585758932995
"sdp",0.0561589237681639
"sdp",0.132170130168898
"sdp",0.0515033354300343
"sdp",0.0667407318899799
"sdp",0.157173624783078
"sdp",0.176320770856525
"sdp",0.0181447953749326
"sdp",0.104646462013698
"sdp",0.0132530167511336
"sdp",0.0569705612225955
"sdp",0.0921374749680558
"sdp",0.0412700536855362
"sdp",0.0716440346250651
"sdp",0.0387293647091914
"sdp",0.131816369017596
"sdp",0.0264670085951924
"sdp",0.112945411085208
"sdp",0.0803529543010438
"sdp",0.0192739618577733
"sdp",0.123937920918582
"sdp",0.0418951615269855
"sdp",0.0715165637874022
"sdp",0.0768568535319716
"sdp",0.00634361839581031
"sdp",0.0136117647032911
"sdp",0.048722519645154
"sdp",0.0768912721893519
"sdp",0.163866654187138
"sdp",0.117135984866961
"sdp",0.15397590182906
"sdp",0.174777471529163
"sdp",0.0587634242768434
"sdp",0.00831732520856326
"sdp",0.113442358388723
"sdp",0.188376010653067
"sdp",0.143729998175858
"sdp",0.257229027135185
"sdp",0.109549079428657
"sdp",0.0329591698538604
"sdp",0.219134702537953
"sdp",0.00644279867102335
"sdp",0.0227562207905947
"sdp",0.337336877586341
"sdp",0.0314938639985636
"sdp",0.0449330884910594
"sdp",0.197666012101245
"sdp",0.0381667273105124
"sdp",0.00616766369787525
"sdp",0.251591412381432
"sdp",0.0380295890773955
"sdp",0.21506866625254
"sdp",0.0428248643411227
"sdp",0.210675368988422
"sdp",0.242616979749055
"sdp",0.0720206967984166
"sdp",0.124872523641578
"sdp",0.00733247873050431
"sdp",0.419336936493407
"sdp",0.210317385410684
"sdp",0.0963908662939919
"sdp",0.145308076208662
"sdp",0.00378206997600075
"sdp",0.302265052091761
"sdp",0.0673482612782332
"sdp",0.111838701829237
"sdp",0.232147656308677
"sdp",0.115362386379145
"sdp",0.0793567654632407
"sdp",0.104064215388063
"sdp",0.115319662805942
"sdp",0.1547382179975
"sdp",0.181685850522106
"sdp",0.0548356849597307
"sdp",0.0115991960307149
"sdp",0.173451760040559
"sdp",0.104903051376897
"sdp",0.0109393938984522
"sdp",0.187722483473464
"sdp",0.0102294675833807
"sdp",0.0926122430638724
"sdp",0.106668821556117
"sdp",0.0407289873328829
"sdp",0.0675903152547758
"sdp",0.0259434240418597
"sdp",0.024749897410932
"sdp",0.219458050657141
"sdp",0.108781012894168
"sdp",0.305938680960981
"sdp",0.405522199454761
"sdp",0.355275760497145
"sdp",0.0495305536636363
"sdp",0.00323188449997332
"sdp",0.0209899198080256
"sdp",0.234905768990711
"sdp",0.0578919199140073
"sdp",0.0657218807851323
"sdp",0.197102058901283
"sdp",0.215508707900139
"sdp",0.166287828637664
"sdp",0.0667785478184689
"sdp",0.005190229217125
"sdp",0.298573898228867
"sdp",0.158699015107808
"sdp",0.120039092069829
"sdp",0.0566550253500221
"sdp",0.087948413887856
"sdp",0.0109529611715438
"sdp",0.0624425022509251
"sdp",0.0725507535844088
"sdp",0.218027803855172
"sdp",0.11829603565498
"sdp",0.238903656244746
"sdp",0.207400568729478
"sdp",0.0604782022805563
"sdp",0.25674613581673
"sdp",0.117478831402654
"sdp",0.0665204392576234
"sdp",0.164165138791256
"sdp",0.113158054161324
"sdp",0.158461363674769
"sdp",0.149554495181956
"sdp",0.0726697823941365
"sdp",0.190422386362665
"sdp",0.253306585043282
"sdp",0.127012943689714
"sdp",0.149993411670815
"sdp",0.114727199288073
"sdp",0.0743339938606831
"sdp",0.136359176684789
"sdp",0.205964448143453
"sdp",0.0142195183764238
"sdp",0.0652346316143044
"sdp",0.00436279335725767
"sdp",0.0101074937635939
"sdp",0.159428919482232
"sdp",0.21636930489069
"sdp",0.178495943935046
"sdp",0.0420224653230009
"sdp",0.0524293729516911
"sdp",0.112197077105696
"sdp",0.241025642131932
"sdp",0.156372778444302
"sdp",0.257286116980761
"sdp",0.0753223539678026
"sdp",0.114383893157652
"sdp",0.209552034061951
"sdp",0.145488486981554
"sdp",0.0138276040132271
"sdp",0.0437357522810504
"sdp",0.164299678145113
"sdp",0.0163075884545448
"sdp",0.215966252754213
"sdp",0.113095764475769
"sdp",0.138124933179849
"sdp",0.262033185597841
"sdp",0.304799469494571
"sdp",0.204358466750668
"sdp",0.137154513176291
"sdp",0.113702884023592
"sdp",0.0818492415206185
"sdp",0.0335666461985303
"sdp",0.0389508526262552
"sdp",0.106023599412878
"sdp",0.226025730677209
"sdp",0.130738989566594
"sdp",0.170096200915748
"sdp",0.323985491014888
"sdp",0.167703812980682
"sdp",0.0417589348675633
"sdp",0.150526557002064
"sdp",0.0853441182818728
"sdp",0.137705639215147
"sdp",0.0535718743918493
"sdp",0.137146105381967
"sdp",0.282431744191687
"sdp",0.0775869394250441
"sdp",0.219839123067046
"sdp",0.224001728537269
"sdp",0.297235668167792
"sdp",0.0379150732337215
"sdp",0.135351881458831
"sdp",0.261385152151673
"sdp",0.156378585466798
"sdp",0.158780808613425
"sdp",0.259458936847174
"sdp",0.014618528503617
"sdp",0.0276706849455918
"sdp",0.0696005548573724
"sdp",0.221537131647035
"sdp",0.0865541156636342
"sdp",0.00517083523903923
"sdp",0.242991311393463
"sdp",0.0820175065917567
"sdp",0.179953071361865
"sdp",0.161083239972747
"sdp",0.144703624545718
"sdp",0.0754090460762397
"sdp",0.117390025792978
"sdp",0.276560680471862
"sdp",0.0275684643763396
"sdp",0.0498584448291882
"sdp",0.230237392628082
"sdp",0.309454930718964
"sdp",0.360535326216015
"sdp",0.160252382923301
"sdp",0.0622480237664552
"sdp",0.299255489468584
"sdp",0.00324470769141866
"sdp",0.124855995899481
"sdp",0.183714686841224
"sdp",0.0293784067047698
"sdp",0.0160036672439125
"sdp",0.0937607090562362
"sdp",0.0409703717020061
"sdp",0.230895310173603
"sdp",0.113128660030176
"sdp",0.0379372891383804
"sdp",0.0637001441148232
"sdp",0.174019615645877
"sdp",0.120797081894382
"sdp",0.129129301138893
"sdp",0.290115074716325
"sdp",0.057917390811198
"sdp",0.0543238221289634
"sdp",0.116866584494924
"sdp",0.130969192580095
"sdp",0.197583375553625
"sdp",0.235808415026101
"sdp",0.156428298456165
"sdp",0.0471840802266886
"sdp",0.0271785770327414
"sdp",0.13653122652621
"sdp",0.242736940363088
"sdp",0.00192959506482386
"sdp",0.0579301532857379
"sdp",0.0717502241750723
"asdp",0.218024263937756
"asdp",0.00244792800556676
"asdp",0.0605778355673854
"asdp",0.0816350900451862
"asdp",0.0646023043319879
"asdp",0.123898198353033
"asdp",0.00476491514051414
"asdp",0.0775427191907343
"asdp",0.00374117059979009
"asdp",0.0242435804451546
"asdp",0.104386787829263
"asdp",0.0357455738873817
"asdp",0.11042553326
"asdp",0.270333948010013
"asdp",0.0974612313856374
"asdp",0.0304306454279872
"asdp",0.0428239465463003
"asdp",0.00354876411543584
"asdp",0.082165654667087
"asdp",0.0305054227652558
"asdp",0.248148021909403
"asdp",0.0854238416447131
"asdp",0.103908549829763
"asdp",0.0153408235095878
"asdp",0.0870507714320687
"asdp",0.0406567097495379
"asdp",0.0298586006103471
"asdp",0.00581840835477316
"asdp",0.00745304178356475
"asdp",0.0770947307397296
"asdp",0.220356154933766
"asdp",0.0456566672558263
"asdp",0.0578859227382407
"asdp",0.186497344702115
"asdp",0.00185334210782812
"asdp",0.259249782497129
"asdp",0.0429441969529388
"asdp",0.076411724469172
"asdp",0.0023628308320757
"asdp",0.19967126455746
"asdp",0.0205747997309871
"asdp",0.0693384378738668
"asdp",0.0179148010310784
"asdp",0.0301734014314249
"asdp",0.179392777618517
"asdp",0.0964642016488904
"asdp",0.148831136535644
"asdp",0.207767261711637
"asdp",0.1342596170518
"asdp",0.0741623284630495
"asdp",0.0827246003868662
"asdp",0.137005786696487
"asdp",0.23762456254121
"asdp",0.175372611192028
"asdp",0.138093906098574
"asdp",0.0140776188847749
"asdp",0.062639085358364
"asdp",0.178229063601618
"asdp",0.170218171610218
"asdp",0.0871341883666412
"asdp",0.113547936743745
"asdp",0.149888396269986
"asdp",0.0991874662648099
"asdp",0.0682385747856619
"asdp",0.0791161217864922
"asdp",0.14348185368272
"asdp",0.100449838655263
"asdp",0.205261520303999
"asdp",0.371117820634642
"asdp",0.00921886827821455
"asdp",0.192892551140851
"asdp",0.267604856380772
"asdp",0.0270401756440722
"asdp",0.198920447304508
"asdp",0.378793939732431
"asdp",0.191592638588232
"asdp",0.393592698551261
"asdp",0.0478757975323488
"asdp",0.185093185379345
"asdp",0.171232581063349
"asdp",0.0983748766520424
"asdp",0.337937916956211
"asdp",0.175426105516304
"asdp",0.221714839204566
"asdp",0.0857474626890923
"asdp",0.18360931159181
"asdp",0.292964628138663
"asdp",0.203346464633448
"asdp",0.283052510889503
"asdp",0.134249920272277
"asdp",0.31140367802664
"asdp",0.0313463149873946
"asdp",0.163356535560414
"asdp",0.105939529956881
"asdp",0.119025458596728
"asdp",0.101812866893249
"asdp",0.00423800358430732
"asdp",0.0675416921908535
"asdp",0.100546048306742
"asdp",0.0538475756594453
"asdp",0.0757877236846259
"asdp",0.0132612553988561
"asdp",0.110294899622089
"asdp",0.0679497869063014
"asdp",0.0711937733331242
"asdp",0.0522848412284483
"asdp",0.0631000584642634
"asdp",0.153041463151046
"asdp",0.28956291473704
"asdp",0.205275791535387
"asdp",0.175443877827484
"asdp",0.0295472967549444
"asdp",0.100259780915234
"asdp",0.076264538920011
"asdp",0.0931680158487038
"asdp",0.22021206295797
"asdp",0.0654961649565876
"asdp",0.0807391835324243
"asdp",0.0578706542374755
"asdp",0.104168920841433
"asdp",0.201429405313705
"asdp",0.152928620301384
"asdp",0.0630550627958962
"asdp",0.365992736356758
"asdp",0.0245148475197491
"asdp",0.0464045701936629
"asdp",0.0673470747793615
"asdp",0.0492313338739419
"asdp",0.133400507351913
"asdp",0.0995453370900383
"asdp",0.0869039295951397
"asdp",0.00166513945369784
"asdp",0.0976631009337426
"asdp",0.193415682570415
"asdp",0.112147350381769
"asdp",0.0225120002842135
"asdp",0.0318209279638143
"asdp",0.0737616832280979
"asdp",0.0372942753420487
"asdp",0.0172792699780936
"asdp",0.0231353168227581
"asdp",0.194703916292873
"asdp",0.131653351915133
"asdp",0.00888900689048348
"asdp",0.139847223801324
"asdp",0.0492926193073419
"asdp",0.0760545568620087
"asdp",0.130329099684832
"asdp",0.127167437687677
"asdp",0.0799760606618589
"asdp",0.0709755843607
"asdp",0.0282982692586558
"asdp",0.140908614460612
"asdp",0.0656807694396189
"asdp",0.00270612686909535
"asdp",0.0580575886393271
"asdp",0.0558984781595147
"asdp",0.102237467699623
"asdp",0.189843414716649
"asdp",0.0379089093811788
"asdp",0.00584709247068163
"asdp",0.0673259326107636
"asdp",0.00310246573736886
"asdp",0.140687448806714
"asdp",0.0371511819351908
"asdp",0.0845481716468112
"asdp",0.059543082177375
"asdp",0.153668788441528
"asdp",0.0470766376279413
"asdp",0.0480083623570527
"asdp",0.0112879123221715
"asdp",0.145263948813245
"asdp",0.324141728589831
"asdp",0.151633143961532
"asdp",0.388544533949043
"asdp",0.409059956653521
"asdp",0.123765843174496
"asdp",0.118878946796926
"asdp",0.384291910636388
"asdp",0.314893986643846
"asdp",0.326257865588395
"asdp",0.242488306715817
"asdp",0.181396565860505
"asdp",0.349353965345645
"asdp",0.248258540136589
"asdp",0.0610373387737413
"asdp",0.0886039299962751
"asdp",0.303614392404469
"asdp",0.0489024262617396
"asdp",0.249581104361112
"asdp",0.129180541246941
"asdp",0.00141622112869089
"asdp",0.0848222679255241
"asdp",0.181708774301267
"asdp",0.0344171350247889
"asdp",0.166415456978668
"asdp",0.0148043190499561
"asdp",0.0419629991140066
"asdp",0.104935793494768
"asdp",0.0181590084217083
"asdp",0.0996975215061888
"asdp",0.123693785097284
"asdp",0.0854960770302903
"asdp",0.116322823907203
"asdp",0.0565687849616209
"asdp",0.200158374810013
"asdp",0.0671055003025045
"asdp",0.137863510307896
"asdp",0.0676939405309839
"asdp",0.091709153468383
"asdp",0.183912766226293
"asdp",0.0635599434354295
"asdp",0.398116564993116
"asdp",0.243015901638717
"asdp",0.158355742427731
"asdp",0.311990805607529
"asdp",0.151660975729182
"asdp",0.401952381716875
"asdp",0.259538646608719
"asdp",0.358358213298703
"asdp",0.232666490967451
"asdp",0.197211944662821
"asdp",0.358648324526638
"asdp",0.351717555351685
"asdp",0.0849458589997746
"asdp",0.205803245423375
"asdp",0.381813997084045
"asdp",0.131773896523842
"asdp",0.206730510180593
"asdp",0.225288677520478
"asdp",0.10923514286654
"asdp",0.0240731953728001
"asdp",0.177417890109925
"asdp",0.376798965294211
"asdp",0.343925195039312
"asdp",0.246384358284534
"asdp",0.147340232085092
"asdp",0.0001745579668751
"asdp",0.400611832863453
"asdp",0.222526580534983
"asdp",0.325395838170782
"asdp",0.177594064595102
"asdp",0.166670068964143
"asdp",0.529098982762048
"asdp",0.0986462941282132
"asdp",0.0119240517364905
"asdp",0.107003121246549
"asdp",0.255493763819602
"asdp",0.0537773942828384
"asdp",0.23307614281638
"asdp",0.308384100261139
"asdp",0.0064327143988262
"asdp",0.0285310881830536
"asdp",0.00355780271127996
"asdp",0.0815058350474618
"asdp",0.269458507063214
"asdp",0.000660244038662716
"asdp",0.0401621475827075
"asdp",0.119049582490819
"asdp",0.0521673453068108
"asdp",0.0867735316920024
"asdp",0.304306587172134
"asdp",0.192528804409546
"asdp",0.240534881226675
"asdp",0.0370287413380047
"asdp",0.192588495972362
"asdp",0.120719558902743
"asdp",0.0525722504239724
"asdp",0.288344642241875
"asdp",0.111078644767276
"asdp",0.13529838560254
"asdp",0.0210101650220156
"asdp",0.412592310018386
"asdp",0.0444638073440415
"asdp",0.270984727463922
"asdp",0.199720002861105
"asdp",0.0191034535300535
"asdp",0.10297214534672
"asdp",0.19308986080598
"asdp",0.0881564261919644
"asdp",0.0221972589343752
"asdp",0.253455012348814
"asdp",0.0278879341614443
"asdp",0.0716485566831994
"asdp",0.202365544525927
"asdp",0.00738720670589074
"asdp",0.315489539981907
"asdp",0.11051699272666
"asdp",0.344046492054909
"asdp",0.274665902177281
"asdp",0.112296775820439
"asdp",0.153403231143808
"asdp",0.0511554706133978
"asdp",0.0625102886158541
"asdp",0.0515584452484126
"asdp",0.263386440370929
"asdp",0.0795591570637041
"asdp",0.649562157424762
"asdp",0.447385560718492
"asdp",0.191979376017031
"asdp",0.00381368012807984
"asdp",0.158291899683674
"asdp",0.334020561852542
"asdp",0.141730545610294
"asdp",0.113608554698849
"asdp",0.169540171137102
"asdp",0.0168430835579979
"asdp",0.143669566060883
"asdp",0.0353348017388786
"asdp",0.0693867097794852
"asdp",0.0692621955593193
"asdp",0.00807732475606565
"asdp",0.121508936184992
"asdp",0.0575927214941708
"asdp",0.0201983080707512
"asdp",0.231727842439492
"asdp",0.053005277053764
"asdp",0.0194081055596518
"asdp",0.0662364790222201
"asdp",0.163760022848683
"asdp",0.157666237798638
"asdp",0.10365954746053
"asdp",0.0641654257225715
"asdp",0.183651613085937
"asdp",0.283650460958276
"asdp",0.0501174193097079
"asdp",0.125181696374595
"asdp",0.136220563635902
"asdp",0.0264641772230595
"asdp",0.0917876223536459
"asdp",0.0527505746647224
"asdp",0.0676194855135656
"asdp",0.0870571228740114
"asdp",0.0714870071332058
"asdp",0.0518931570208914
"asdp",0.0140715558746249
"asdp",0.0213194119402086
"asdp",0.0114417440867364
"asdp",0.171725312465339
"asdp",0.055446640729655
"asdp",0.136513795098724
"asdp",0.206111133033224
"asdp",0.0886742269510148
"asdp",0.120239896750091
"asdp",0.216601346750117
"asdp",0.0139487952388822
"asdp",0.239672121585541
"asdp",0.215811013824234
"asdp",0.0382093928205405
"asdp",0.103804852344251
"asdp",0.173337887872427
"asdp",0.149942535436069
"asdp",0.0747439529579983
"asdp",0.0672062456576888
"asdp",0.0108779912813344
"asdp",0.0651295878000177
"asdp",0.0594991388660954
"asdp",0.0563453730810707
"asdp",0.0453593540042209
"asdp",0.0428908951070659
"asdp",0.103166943624039
"asdp",0.0525856262559073
"asdp",0.125250424251663
"asdp",0.0438533208351564
"asdp",0.241991488385879
"asdp",0.112959335682967
"asdp",0.0556562094654998
"asdp",0.0661617002096167
"asdp",0.13687078258248
"asdp",0.0675826191891185
"asdp",0.264836127373583
"asdp",0.141404308356461
"asdp",0.109014134212051
"asdp",0.202248250050935
"asdp",0.0341320833229194
"asdp",0.0613819476518641
"asdp",0.0849687001011748
"asdp",0.129561671610439
"asdp",0.222188982266696
"asdp",0.0383864971616931
"asdp",0.0510616938950087
"asdp",0.235814034330337
"asdp",0.0527793496923969
"asdp",0.0506284902877674
"asdp",0.102283933311157
"asdp",0.0478186454555908
"asdp",0.446641209171162
"asdp",0.118502946543024
"asdp",0.105788296121901
"asdp",0.225930100539187
"asdp",0.410687069028689
"asdp",0.294165139418141
"asdp",0.0358584341507805
"asdp",0.289621002150411
"asdp",0.182083198568597
"asdp",0.0156023145083325
"asdp",0.0449605124083231
"asdp",0.272995700949949
"asdp",0.203596732128246
"asdp",0.208266428153073
"asdp",0.449027449559495
"asdp",0.0727526660853341
"asdp",0.13229752982664
"asdp",0.354692487567282
"asdp",0.0118290519507656
"asdp",0.194100395633236
"asdp",0.0801820780642847
"asdp",0.0160787930091591
"asdp",0.0684128998020637
"asdp",0.011199986260141
"asdp",0.0631316263045831
"asdp",0.0752578184230528
"asdp",0.0197393992324079
"asdp",0.0405926518457427
"asdp",0.0352620211132184
"asdp",0.06298658599416
"asdp",0.266158223000197
"asdp",0.0958608115187929
"asdp",0.0846793886105442
"asdp",0.0888111181609379
"asdp",0.049344320317342
"asdp",0.0655265153588405
"asdp",0.110738239663592
"asdp",0.0120436288189803
"asdp",0.0484594132450103
"asdp",0.154039301357105
"asdp",0.0234287016217304
"asdp",0.0813003812879878
"asdp",0.0955926937374765
"asdp",0.0497415997848495
"asdp",0.0447002660951473
"asdp",0.0976385226934775
"asdp",0.108976567136143
"asdp",0.10470737811861
"asdp",0.121440535361267
"asdp",0.047197947062934
"asdp",0.0351234394135537
"asdp",0.00142755775633621
"asdp",0.00386989566929247
"asdp",0.0290436501417302
"asdp",0.0196995362851282
"asdp",0.0335627043955641
"asdp",0.0553848133495768
"asdp",0.00590473240449521
"asdp",0.143566763022049
"asdp",0.191127033895063
"asdp",0.0563614304375933
"asdp",0.0118350763923419
"asdp",0.0317571232263166
"asdp",0.063000415185694
"asdp",0.0209446180877469
"asdp",0.127296788294448
"asdp",0.0419140242147948
"asdp",0.0948048712309293
"asdp",0.268063245996673
"asdp",0.122703150518475
"asdp",0.104959792886838
"asdp",0.149083067314629
"asdp",0.00650984412543899
"asdp",0.058724799290397
"asdp",0.0356206521998871
"asdp",0.00322564174271309
"asdp",0.0155475035728616
"asdp",0.0971470743987245
"asdp",0.127768882543709
"asdp",0.0520440036100568
"asdp",0.158579388983047
"asdp",0.0746458857022652
"asdp",0.184677426033053
"asdp",0.0731617458787836
"asdp",0.206362914609591
"asdp",0.0746599996339169
"asdp",0.135574461848082
"asdp",0.0469044776579814
"asdp",0.0183131474682379
"asdp",0.0201432556239781
"asdp",0.172131076349604
"asdp",0.0374437296521904
"asdp",0.0462710707833328
"asdp",0.0137720167045306
"asdp",0.17392998392047
"asdp",0.110488622676748
"asdp",0.105429768807449
"asdp",0.108711632511786
"asdp",0.132204549486738
"asdp",0.0308498798558557
"asdp",0.129347365038533
"asdp",0.141074938590144
"asdp",0.00484468144839151
"asdp",0.178776953155448
"asdp",0.0655303037259822
"asdp",0.0904691317675515
"asdp",0.215409942831604
"asdp",0.128602658031929
"asdp",0.0432647126738969
"asdp",0.172772605300925
"asdp",0.034071717895323
"asdp",0.0228504390738608
"asdp",0.0155949048586826
"asdp",0.0302469907828606
"asdp",0.156060978460289
"asdp",0.0539158163974165
"asdp",0.053723148361596
"asdp",0.00608052380843632
"asdp",0.0187177285727338
"asdp",0.0461027861344075
"asdp",0.13780844132967
"asdp",0.0739448128607778
"asdp",0.0216590389459394
"asdp",0.0812973822670595
"asdp",0.0879414050478569
"asdp",0.009892896727664
"asdp",0.123762527482607
"asdp",0.0360618854859518
"asdp",0.0207259902991087
"asdp",0.302496087880873
"asdp",0.104227069610805
"asdp",0.188138575908291
"asdp",0.16181780841328
"asdp",0.00402663897179362
"asdp",0.0833040210051057
"asdp",0.0274682647678691
"asdp",0.0712305883157328
"asdp",0.0143187181026894
"asdp",0.136188805001519
"asdp",0.0912500439214101
"asdp",0.077178746531818
"asdp",0.178906405828499
"asdp",0.0147353693469547
"asdp",0.115942502144541
"asdp",0.155366823384363
"asdp",0.23208690914887
"asdp",0.0812225396412082
"asdp",0.0449476995570164
"asdp",0.0104015705266807
"asdp",0.0571583116420182
"asdp",0.226253844624309
"asdp",0.124826159551874
"asdp",0.225678591675477
"asdp",0.0659750531037855
"asdp",0.343225995782263
"asdp",0.44174464958888
"asdp",0.222312655838074
"asdp",0.231290900732684
"asdp",0.243733477670872
"asdp",0.0278928791761288
"asdp",0.065750022201548
"asdp",0.321232503008642
"asdp",0.0493653308222923
"asdp",0.345698455066342
"asdp",0.462879216630377
"asdp",0.0851709070824416
"asdp",0.0796510401444483
"asdp",0.203134582983901
"asdp",0.0663097992833614
"asdp",0.110348127809846
"asdp",0.167613822652009
"asdp",0.056968442879703
"asdp",0.180348974716471
"asdp",0.075324772861794
"asdp",0.133895629223802
"asdp",0.0169509334419609
"asdp",0.0550568113348721
"asdp",0.136192213811006
"asdp",0.0349639081437621
"asdp",0.0521003718834175
"asdp",0.0275790657689079
"asdp",0.0301789862158932
"asdp",0.017319683845189
"asdp",0.0331329744160581
"asdp",0.0295762629268078
"asdp",0.0691231148479332
"asdp",0.0964895746960585
"asdp",0.180373173538663
"asdp",0.157932249392657
"asdp",0.0117262873342966
"asdp",0.0171444618694961
"asdp",0.0754171857253547
"asdp",0.115742488070782
"asdp",0.00858386936960301
"asdp",0.238167585389997
"asdp",0.119523890825157
"asdp",0.152891863129853
"asdp",0.161440890081971
"asdp",0.127955630995786
"asdp",0.080621628560345
"asdp",0.0278944241490108
"asdp",0.00143479020115239
"asdp",0.0346175953270021
"asdp",0.169347072192848
"asdp",0.069166033819491
"asdp",0.00731299944503223
"asdp",0.000888777006785163
"asdp",0.00774611728076186
"asdp",0.0697548727208096
"asdp",0.257361681596175
"asdp",0.101188480111713
"asdp",0.0305918802340493
"asdp",0.0503216714235788
"asdp",0.033378374566893
"asdp",0.0789405666513009
"asdp",0.0942998837950272
"asdp",0.0196045157598543
"asdp",0.0144888481577766
"asdp",0.0196048766312274
"asdp",0.0269533706261329
"asdp",0.0477697237365145
"asdp",0.136477799944436
"asdp",0.234223347655968
"asdp",0.119921652014302
"asdp",0.146899603717552
"asdp",0.187517718619218
"asdp",0.0330783950112735
"asdp",0.00569379529118848
"asdp",0.0433656845294037
"asdp",0.0125961208283239
"asdp",0.197172305338799
"asdp",0.137010267994355
"asdp",0.122628368470155
"asdp",0.0384844012929663
"asdp",0.332803601809876
"asdp",0.086909190584838
"asdp",0.0647434041835711
"asdp",0.225486110788683
"asdp",0.111564452910345
"asdp",0.00997698124519626
"asdp",0.19279129509555
"asdp",0.0404826596091908
"asdp",0.0407736197053827
"asdp",0.100556080595989
"asdp",0.0185354972785896
"asdp",0.0129624643226384
"asdp",0.224572917228938
"asdp",0.171523965794809
"asdp",0.0684168146584365
"asdp",0.358962697914277
"asdp",0.0439310036675149
"asdp",0.0707862295526983
"asdp",0.12507041852764
"asdp",0.0837584982202935
"asdp",0.102734509400261
"asdp",0.161036165094035
"asdp",0.130986637357366
"asdp",0.0316525444442591
"asdp",0.00416035301274587
"asdp",0.163793750902954
"asdp",0.00561865110990253
"asdp",0.0675791468481219
"asdp",0.00277304775699797
"asdp",0.0657169233460019
"asdp",0.083491630959222
"asdp",0.163266225897097
"asdp",0.171800133108182
"asdp",0.145266834420293
"asdp",0.383053358154576
"asdp",0.240323227832841
"asdp",0.0457246437512807
"asdp",0.0852821265425409
"asdp",0.287984368309195
"asdp",0.0326222828228266
"asdp",0.0449545319590252
"asdp",0.196629869310736
"asdp",0.0553108501571132
"asdp",0.174612870323704
"asdp",0.0859767997786694
"asdp",0.288549022488313
"asdp",0.124770409154535
"asdp",0.0388533140971792
"asdp",0.052728905682097
"asdp",0.0518064747403015
"asdp",0.125801076081937
"asdp",0.0131140450952257
"asdp",0.0214139195431431
"asdp",0.000873997107781355
"asdp",0.0552515090105353
"asdp",0.0560987841531486
"asdp",0.00974300042347513
"asdp",0.0191297296346393
"asdp",0.0078701788518246
"asdp",0.143850355067377
"asdp",0.0780193285742163
"asdp",0.115017104160392
"asdp",0.0687383848511456
"asdp",0.031997594313403
"asdp",0.0469247051851222
"asdp",0.115081462869045
"asdp",0.077577810268356
"asdp",0.0457203550592784
"asdp",0.062697744188462
"asdp",0.101574509580275
"asdp",0.0135019294216068
"asdp",0.0555702587559899
"asdp",0.0447704872730298
"asdp",0.10413960637158
"asdp",0.0145463442074949
"asdp",0.00845739823183619
"asdp",0.00155863369833131
"asdp",0.0167154517345008
"asdp",0.047801687697812
"asdp",0.045638835923047
"asdp",0.00423771160195541
"asdp",0.0649774233250656
"asdp",0.0306222991083515
"asdp",0.0117326482074544
"asdp",0.0381993902998921
"asdp",0.0190573273523848
"asdp",0.0459055889972425
"asdp",0.0111478614334184
"asdp",0.0166896313639629
"asdp",0.104353522535946
"asdp",0.00213221215168526
"asdp",0.146810343774119
"asdp",0.0182675935611758
"asdp",0.0959906362543033
"asdp",0.0976234017924218
"asdp",0.0948819197159761
"asdp",0.0547405744749375
"asdp",0.0286130028011019
"asdp",0.197999487593529
"asdp",0.0299221956394809
"asdp",0.198041101273708
"asdp",0.137321356499395
"asdp",0.131333522548731
"asdp",0.0498609033933229
"asdp",0.123867204011008
"asdp",0.242523686241808
"asdp",0.0221680983305322
"asdp",0.0169169070647153
"asdp",0.207592234398173
"asdp",0.158968826531559
"asdp",0.0846011349232636
"asdp",0.0237338903179377
"asdp",0.27973757838579
"asdp",0.00936252823458128
"asdp",0.112047142720079
"asdp",0.0189316767167206
"asdp",0.047779647802256
"asdp",0.00079718533082504
"asdp",0.195510709544232
"asdp",0.0320859476527947
"asdp",0.0158547238709636
"asdp",0.0961825161479268
"asdp",0.124906654998536
"asdp",0.0211192376190989
"asdp",0.0916884530840547
"asdp",0.000182488569366111
"asdp",0.00967827281544456
"asdp",0.0217936701581583
"asdp",0.0633119687545568
"asdp",0.0815010605032139
"asdp",0.0165432338396739
"asdp",0.0614965020430792
"asdp",0.0385934113857611
"asdp",0.0954158148836731
"asdp",0.00760206088317369
"asdp",0.0957685223205153
"asdp",0.0161606316904641
"asdp",0.12060602344453
"asdp",0.0424930133496101
"asdp",0.0265847573767435
"asdp",0.0427213549786594
"asdp",0.0422423767753115
"asdp",0.00693752149233922
"asdp",0.221165757972564
"asdp",0.0278623756853779
"asdp",0.0306538850569137
"asdp",0.0199529818603026
"asdp",0.234722543045669
"asdp",0.0851838508500588
"asdp",0.20190580239143
"asdp",0.00361260072329994
"asdp",0.0453687963941372
"asdp",0.0622519651090851
"asdp",0.0513699670747643
"asdp",0.0945873215000135
"asdp",0.059591608578213
"asdp",0.0493496115824623
"asdp",0.0441866455822888
"asdp",0.0640538545306089
"asdp",0.104185353279499
"asdp",0.0682190939114237
"asdp",0.0134138362345487
"asdp",0.0785061674717376
"asdp",0.0298450978692323
"asdp",0.0652931250853269
"asdp",0.0437467454888729
"asdp",0.154710024629495
"asdp",0.0599445348523914
"asdp",0.0926619606037953
"asdp",0.123414534810254
"asdp",0.0934214520480011
"asdp",0.233225905834814
"asdp",0.00815635482628621
"asdp",0.113505850431859
"asdp",0.109712678167938
"asdp",0.00606128665678471
"asdp",0.129731505258728
"asdp",0.175096770788604
"asdp",0.0103613366905745
"asdp",0.214466498190166
"asdp",0.181862330495756
"asdp",0.194913064469361
"asdp",0.0356188269179796
"asdp",0.0393231812643539
"asdp",0.076172592036704
"asdp",0.00360358640610975
"asdp",0.00251645490868956
"asdp",0.0139967223038638
"asdp",0.203668622918832
"asdp",0.0841633412380624
"asdp",0.0149275068082256
"asdp",0.311645084842553
"asdp",0.00956798063350608
"asdp",0.131339313353114
"asdp",0.150244973006385
"asdp",0.0736917799828969
"asdp",0.04073174252938
"asdp",0.0489603657261572
"asdp",0.00958691773611253
"asdp",0.0463103798564108
"asdp",0.0411687855121277
"asdp",0.0765208464916176
"asdp",0.0901576203263659
"asdp",0.022269288820462
"asdp",0.000351550371152698
"asdp",0.0316766314881401
"asdp",0.0814211398487512
"asdp",0.177306496383391
"asdp",0.0053669016864486
"asdp",0.110091061401103
"asdp",0.0475271028340829
"asdp",0.163742897405492
"asdp",0.074483606530969
"asdp",0.283673506795033
"asdp",0.232579234222512
"asdp",0.030493169369878
"asdp",0.137494998520587
"asdp",0.124071954828873
"asdp",3.03945988541221e-05
"asdp",0.133390535940702
"asdp",0.122368857556618
"asdp",0.409936511140906
"asdp",0.282647394139858
"asdp",0.168873919300298
"asdp",0.0417552616433153
"asdp",0.0728499860945328
"asdp",0.128880519061312
"asdp",0.105933743896463
"asdp",0.00878250090043096
"asdp",0.0443164343508522
"asdp",0.137520976568719
"asdp",0.0618285906680043
"asdp",0.0631415656608316
"asdp",0.0160063554218873
"asdp",0.21311541831885
"asdp",0.0522368970060992
"asdp",0.0229427742288374
"asdp",0.0496041826394568
"asdp",0.0462864730875545
"asdp",0.0905445000193238
"asdp",0.0652750458341486
"asdp",0.0881599637439833
"asdp",0.0621641837473288
"asdp",0.00653208120441198
"asdp",0.13749019809564
"asdp",0.0741116728688302
"asdp",0.0214639155002129
"asdp",0.00419729841721481
"asdp",0.028555405238326
"asdp",0.0938685429103726
"asdp",0.00744097978280983
"asdp",0.183573344519428
"asdp",0.0438471862714743
"asdp",0.0936414399888452
"asdp",0.180470271935197
"asdp",0.119125337818397
"asdp",0.10501343832044
"asdp",0.0698227166364259
"asdp",0.0245124730785794
"asdp",0.0776752839068071
"asdp",0.252262685306858
"asdp",0.0586370324822895
"asdp",0.187933293159432
"asdp",0.16025001749662
"asdp",0.00473896034018728
"asdp",0.0358211314104458
"asdp",0.014765600348634
"asdp",0.0564917387220032
"asdp",0.0186756717093142
"asdp",0.0927954147798635
"asdp",0.0408057991570394
"asdp",0.0224316289980017
"asdp",0.0880103301053251
"asdp",0.0485411724684632
"asdp",0.0256335135990848
"asdp",0.0129722151299447
"asdp",0.0375228952873248
"asdp",0.0722716443655119
"asdp",0.0319844987884705
"asdp",0.065163959149152
"asdp",0.054373032503739
"asdp",0.028624443260343
"asdp",0.10749786428558
"asdp",0.0272084268336066
"asdp",0.0127957918828174
"asdp",0.0446607590586874
"asdp",0.0395671437297271
"asdp",0.0622573924413123
"asdp",0.0206106624149689
"asdp",0.222798252733283
"asdp",0.0981232642710963
"asdp",0.218041827121588
"asdp",0.117095961149962
"asdp",0.217685597563732
"asdp",0.299621074481693
"asdp",0.0338567056335313
"asdp",0.205815174412902
"asdp",0.180109466543404
"asdp",0.0119427757739313
"asdp",0.0337283457687106
"asdp",0.0265796503812144
"asdp",0.0853528604456993
"asdp",0.421040766072898
"asdp",0.0294070573803234
"asdp",0.400492205777627
"asdp",0.352396694400712
"asdp",0.203072852055185
"asdp",0.232703056083565
"asdp",0.0867556994870081
"asdp",0.01020683684007
"asdp",0.0199470433706569
"asdp",0.024745525545303
"asdp",0.040855518660739
"asdp",0.0894891756132321
"asdp",0.0424488119670106
"asdp",0.052138831626784
"asdp",0.102231591582748
"asdp",0.133383064478727
"asdp",0.0153152502969906
"asdp",0.2050161275003
"asdp",0.0517296256183572
"asdp",0.0329090741207783
"asdp",0.00389154683162089
"asdp",0.0544551663079857
"asdp",0.128519754921425
"asdp",0.0038502775285813
"asdp",0.0818854903111587
"asdp",0.0234879186685401
"asdp",0.0252764464777178
"asdp",0.00716005057203062
"asdp",0.0369774839190001
"asdp",0.166942206182196
"asdp",0.0781977118915135
"asdp",0.0947036639410163
"asdp",0.231839141655237
"asdp",0.00713282380942082
"asdp",0.175306042027874
"asdp",0.0823871133219548
"asdp",0.106149014749531
"asdp",0.167440358592983
"asdp",0.0100620032154581
"asdp",0.115671353977207
"asdp",0.00103753953271364
"asdp",0.134051856524397
"asdp",0.00268050299905964
"asdp",0.176419526450053
"asdp",0.0777635849183791
"asdp",0.312773278315924
"asdp",0.304858316216505
"asdp",0.0836905548227604
"asdp",0.0393636474260212
"asdp",0.212836320798926
"asdp",0.0712611942165031
"asdp",0.0120360781220236
"asdp",0.0723498599589092
"asdp",0.0930301198757549
"asdp",0.0620366437504919
"asdp",0.037442613863425
"asdp",0.00654941506754092
"asdp",0.111044625953708
"asdp",0.0507891336169934
"asdp",0.0274695066181452
"asdp",0.216276597834108
"asdp",0.0380768422906172
"asdp",0.031621807675448
"asdp",0.0095536187464779
"asdp",0.0341436670164499
"asdp",0.0825014064383993
"asdp",0.0623573642029644
"asdp",0.0413467375390185
"asdp",0.19660162740467
"asdp",0.108334781884016
"asdp",0.14030235524522
"asdp",0.189677247550987
"asdp",0.0778373264925722
"asdp",0.141326885378863
"asdp",0.145016541504533
"asdp",0.0369532744644231
"asdp",0.209178605412065
"asdp",0.0585810155050503
"asdp",0.0698413709822014
"asdp",0.0174087956868525
"asdp",0.154363189928864
"asdp",0.28579830154155
"asdp",0.0381768468064208
"asdp",0.205340181867332
"asdp",0.277523355911958
"asdp",0.0288957894158645
"asdp",0.0245281915124221
"asdp",0.150897451103255
"asdp",0.256759136907323
"asdp",0.255951452023955
"asdp",0.330028753987598
"asdp",0.202329432629374
"asdp",0.266565192353463
"asdp",0.280409249422674
"asdp",0.107091974701876
"asdp",0.143283498186264
"asdp",0.220526132720939
"asdp",0.0491962921981617
"asdp",0.0686942269287134
"asdp",0.2152409215943
"asdp",0.00966560878644604
"asdp",0.0700045445082322
"asdp",0.0279298153396207
"asdp",0.226852335052669
"asdp",0.139038593969958
"asdp",0.0161135555211518
"asdp",0.131108399246159
"asdp",0.0889518932841959
"asdp",0.0646953777084433
"asdp",0.167242815744157
"asdp",0.0671851996030647
"asdp",0.0371997264862756
"asdp",0.0182648900084852
"asdp",0.00611191781760091
"asdp",0.138238904260147
"asdp",0.064948999343819
"asdp",0.117191913059761
"asdp",0.193867402495185
"asdp",0.0771477780214933
"asdp",0.0386982568665794
"asdp",0.0761234338895248
"asdp",0.0209390997054258
"asdp",0.0917211024993388
"asdp",0.0569924868909571
"asdp",0.105320679526099
"asdp",0.0735858244559615
"asdp",0.131031790467782
"asdp",0.126969004405924
"asdp",0.11312708738239
"asdp",0.091425147266548
"asdp",0.0472885856690958
"asdp",0.12146090452672
"asdp",0.111669790155897
"asdp",0.0302383517168809
"asdp",0.0926347719547092
"asdp",0.150526468836899
"asdp",0.0278630026764378
"asdp",0.0877366451901041
"asdp",0.0761827379288167
"asdp",0.182367517169444
"asdp",0.073419665474922
"asdp",0.0253109733554359
"asdp",0.0266707770992887
"asdp",0.0203698000905042
"asdp",0.00730182915389903
"asdp",0.0817509587102682
"asdp",0.23751291392425
"asdp",0.0111464794466433
"asdp",0.0215253905759116
"asdp",0.00745377023070938
"asdp",0.219037731354619
"asdp",0.0186033372143739
"asdp",0.0530716439541851
"asdp",0.0579096149820045
"asdp",0.185465512846725
"asdp",0.113932947463358
"asdp",0.173476598594989
"asdp",0.0331145571713904
"asdp",0.0247039121971044
"asdp",0.0155228720618547
"asdp",0.0571079036638036
"asdp",0.285269172825076
"asdp",0.0326014820715235
"asdp",0.00923632758661092
"asdp",0.116068024704808
"asdp",0.0154073211234368
"asdp",0.0219342005824251
"asdp",0.511253804875178
"asdp",0.136317170678849
"asdp",0.221121831806792
"asdp",0.140184963364006
"asdp",0.444063918236189
"asdp",0.281114790507507
"asdp",0.0297122920950534
"asdp",0.156115573211886
"asdp",0.0882278801838673
"asdp",0.0594680758429555
"asdp",0.04330562357672
"asdp",0.347845450246479
"asdp",0.0243018858366148
"asdp",0.418278370109657
"asdp",0.448843647330595
"asdp",0.0413529229529404
"asdp",0.267375327588367
"asdp",0.149876118306905
"asdp",0.133637697055449
"asdp",0.117674147969248
"asdp",0.281482209303758
"asdp",0.0466867215142091
"asdp",0.0726641549780689
"asdp",0.0893295077263841
"asdp",0.0445878070454498
"asdp",0.243869248598013
"asdp",0.123195965200964
"asdp",0.0222537034301633
"asdp",0.217451188951374
"asdp",0.0524627819472162
"asdp",0.10675999657174
"asdp",0.0609697020063287
"asdp",0.0354919921773711
"asdp",0.0290687777819997
"asdp",0.0880843063162825
"asdp",0.0612670136300445
"asdp",0.0410292787823061
"asdp",0.242163279997573
"asdp",0.00511157109913671
"asdp",0.0697321946942878
"asdp",0.284197325734907
"asdp",0.297243666605791
"asdp",0.338926034611374
"asdp",0.163078694972834
"asdp",0.132719309290568
"asdp",0.00516716544035878
"asdp",0.322459996098957
"asdp",0.489787744769026
"asdp",0.313126491568299
"asdp",0.321294562087714
"asdp",0.145752486236463
"asdp",0.347524790949375
"asdp",0.246095422402946
"asdp",0.00702431795867996
"asdp",0.0519207197612102
"asdp",0.439993228662463
"asdp",0.0081292572212984
"asdp",0.183230543653465
"asdp",0.192495277827892
"asdp",0.0732276160119277
"asdp",0.248880773888604
"asdp",0.234192831879191
"asdp",0.369673818241921
"asdp",0.456638411800193
"asdp",0.223768576478604
"asdp",0.237112840256056
"asdp",0.369232214167581
"asdp",0.345253783901839
"asdp",0.0202194080425504
"asdp",0.1678877310734
"asdp",0.207584739903
"asdp",0.148574610067742
"asdp",0.413905700638706
"asdp",0.069554222169465
"asdp",0.227210562292708
"asdp",0.143871754985818
"asdp",0.0758798435129107
"asdp",0.150190503754156
"asdp",0.00969007817739302
"asdp",0.0906222008286125
"asdp",0.154122439180947
"asdp",0.15935900381794
"asdp",0.275649360346853
"asdp",0.292688905582218
"asdp",0.176299578452759
"asdp",0.00818162943151018
"asdp",0.396879713163357
"asdp",0.068319770379359
"asdp",0.0469685578084441
"asdp",0.109794852690531
"asdp",0.116571802697831
"asdp",0.145925644305529
"asdp",0.00530006199811624
"asdp",0.0887704612602881
"asdp",0.0275010212118573
"asdp",0.10803683583832
"asdp",0.010651199585769
"asdp",0.117100458723324
"asdp",0.0225457332647686
"asdp",0.153144503441034
"asdp",0.127786513742137
"asdp",0.158926526071828
"asdp",0.0598079726456339
"asdp",0.0726314488302669
"asdp",0.0818747309636151
"asdp",0.0475957070306449
"asdp",0.360922251519266
"asdp",0.0215717301844427
"asdp",0.31941861046554
"asdp",0.252682501435117
"asdp",0.117374592341119
"asdp",0.00621879648264703
"asdp",0.0469483843356888
"asdp",0.0572781303213705
"asdp",0.00380261627937284
"asdp",0.0487051981399048
"asdp",0.0249542568604504
"asdp",0.00590401211815689
"asdp",0.0271795374951833
"asdp",0.0797785217797828
"asdp",0.00379751232018655
"asdp",0.0215570257913778
"asdp",0.00848937698176364
"asdp",0.0642163127845529
"asdp",0.0784040651167542
"asdp",0.0234617151528901
"asdp",0.0164583116880646
"asdp",0.0406488831485915
"asdp",0.108842973757668
"asdp",0.00129679510187197
"asdp",0.0332975571785896
"asdp",0.0850063076066901
"asdp",0.0310457021122051
"asdp",0.139167275348689
"asdp",0.00479613368650814
"asdp",0.204104183911032
"asdp",0.126877410021812
"asdp",0.0134889567061648
"asdp",0.0150563774203732
"asdp",0.103224001507625
"asdp",0.062944761315976
"asdp",0.070509449654504
"asdp",0.00579589004615294
"asdp",0.0488131116904242
"asdp",0.126798523929094
"asdp",0.0497783322136105
"asdp",0.142185861124791
"asdp",0.0396485013350359
"asdp",0.118070100965587
"asdp",0.0831003230366479
"asdp",0.093464930882775
"asdp",0.113523904491517
"asdp",0.0917850174080356
"asdp",0.00882832110706465
"asdp",0.0230290486269405
"asdp",0.349653534485434
"asdp",0.0155287266441278
"asdp",0.175906295241585
"asdp",0.17105755777796
"asdp",0.0198553744804434
"asdp",0.0799163891186525
"asdp",0.002232758208655
"asdp",0.012993422365006
"asdp",0.0655521565309218
"asdp",0.0922766794367213
"asdp",0.025474492201492
"asdp",0.0694092103734868
"asdp",0.143532817190546
"asdp",0.0880517957382813
"asdp",0.122014658762105
"asdp",0.037640133642771
"asdp",0.112585611733947
"asdp",0.016393157349968
"asdp",0.0423098410005113
"asdp",0.00301084226640216
"asdp",0.0238717392100665
"asdp",0.0479946602329643
"asdp",0.102209914015373
"asdp",0.01630956428979
"asdp",0.0520044667652125
"asdp",0.0113326026923097
"asdp",0.0637528923294755
"asdp",0.0784168645382316
"asdp",0.0522145419320486
"asdp",0.105059553078069
"asdp",0.0156788854526579
"asdp",0.350873211343943
"asdp",0.0154542530003265
"asdp",0.102737066332374
"asdp",0.299329790184027
"asdp",0.0806442091208633
"asdp",0.189961157341658
"asdp",0.103827494981265
"asdp",7.08237338647444e-05
"asdp",0.132000642652871
"asdp",0.0930471143351387
"asdp",0.180607593797389
"asdp",0.00579591884624059
"asdp",0.26219852243118
"asdp",0.354911272177221
"asdp",0.0430501259649972
"asdp",0.178565493057781
"asdp",0.232924923015578
"asdp",0.153750596398819
"asdp",0.048010874914411
"asdp",0.529871753587113
"asdp",0.199396174193878
"asdp",0.315443578058032
"asdp",0.437691837728484
"asdp",0.0383071686885875
"asdp",0.0920803080931081
"asdp",0.271526999471681
"asdp",0.153989952321764
"asdp",0.168345745885619
"asdp",0.182124241077281
"asdp",0.0535160850134082
"asdp",0.099956873094479
"asdp",0.207516498489541
"asdp",0.025462555499322
"asdp",0.177285761769639
"asdp",0.0459171702719504
"asdp",0.070125772513115
"asdp",0.216760291719639
"asdp",0.00273330861851878
"asdp",0.00755348411285192
"asdp",0.0113971667832382
"asdp",0.10860944652339
"asdp",0.0098459493678848
"asdp",0.0173472467192957
"asdp",0.107545380583444
"asdp",0.0515576254193316
"asdp",0.312237437760079
"asdp",0.131515785218503
"asdp",0.231701081218383
"asdp",0.342835759469378
"asdp",0.0205320944151872
"asdp",0.0681637616896477
"asdp",0.0192245848171526
"asdp",0.0871795462377054
"asdp",0.107114439485227
"asdp",0.103008711795593
"asdp",0.0190103964271483
"asdp",0.042306909058669
"asdp",0.0214741528002643
"asdp",0.0442232584245875
"asdp",0.130576431321783
"asdp",0.0577732006386506
"asdp",0.0284691002770742
"asdp",0.0320927313146826
"asdp",0.0531447624944962
"asdp",0.022786493550553
"asdp",0.0254135755913727
"asdp",0.0510205633894849
"asdp",0.0102675706894223
"asdp",0.0639029377355898
"asdp",0.00544670634897876
"asdp",0.0472922312401282
"asdp",0.0423295046374311
"asdp",0.00141427590221031
"asdp",0.0160903401673073
"asdp",0.00586877244454511
"asdp",0.00206361939066398
"asdp",0.0141312805690944
"asdp",0.0897288372901544
"asdp",0.051909809081117
"asdp",0.0677823732989649
"asdp",0.128052721423822
"asdp",0.0161809512206617
"asdp",0.191969447111099
"asdp",0.0422618667941265
"asdp",0.113505923779538
"asdp",0.0314695041900459
"asdp",0.143361608382457
"asdp",0.0466508345856459
"asdp",0.0364667643986341
"asdp",0.0375468133551038
"asdp",0.0216432729945394
"asdp",0.0505229335823416
"asdp",0.182128116590448
"asdp",0.0220430878117443
"asdp",0.106377450229416
"asdp",0.0832849952131504
"asdp",0.143131155778602
"asdp",0.0973505002207257
"asdp",0.0571704691598204
"asdp",0.0154405517372474
"asdp",0.0343942650082377
"asdp",0.0732112541954392
"asdp",0.0842484009099535
"asdp",0.00903217782773678
"asdp",0.0650992186412606
"asdp",0.233339496164694
"asdp",0.0794013516369046
"asdp",0.0172045627622135
"asdp",0.0265672501466519
"asdp",0.0406096466573946
"asdp",0.0635055015103839
"asdp",0.0878886705491875
"asdp",0.119884950930418
"asdp",0.122403424447665
"asdp",0.0459122980870704
"asdp",0.0420688005607821
"asdp",0.223431209035405
"asdp",0.0264917837092153
"asdp",0.0629518757458899
"asdp",0.254238134884446
"asdp",0.00568214871484639
"asdp",0.00218042672295327
"asdp",0.232937419631291
"asdp",0.220023749784456
"asdp",0.119986911493165
"asdp",0.174256379696277
"asdp",0.0885786371806927
"asdp",0.0988775154432849
"asdp",0.0483890428905182
"asdp",0.0389298714976712
"asdp",0.15175407060972
"asdp",0.242526551380857
"asdp",0.20520622394431
"asdp",0.0294330268560939
"asdp",0.307671160297496
"asdp",0.0315553376726486
"asdp",0.37928678373976
"asdp",0.0858640179741995
"asdp",0.115272686673689
"asdp",0.150943386909757
"asdp",0.0129293937452969
"asdp",0.0932718163550955
"asdp",0.0615365712931469
"asdp",0.0223818507753812
"asdp",0.140915754300367
"asdp",0.0370487689497572
"asdp",0.063661423857728
"asdp",0.0612669162976087
"asdp",0.273787679544804
"asdp",0.0654454482150832
"asdp",0.0667446618135296
"asdp",0.328663229515414
"asdp",0.0457085314190429
"asdp",0.0753230915229388
"asdp",0.207707308946918
"asdp",0.0972449156395971
"asdp",0.0418494240010012
"asdp",0.040417035934362
"asdp",0.0796382663697593
"asdp",0.0761572756998881
"asdp",0.00603729927145896
"asdp",0.195211417422366
"asdp",0.0483864074168794
"asdp",0.0286436651477884
"asdp",0.0675542312915799
"asdp",0.0686437498450589
"asdp",0.00787413834584044
"asdp",0.00154175249596261
"asdp",0.291190473824301
"asdp",0.240730463366455
"asdp",0.0882225924787149
"asdp",0.176112161002573
"asdp",0.154425873259749
"asdp",0.0244642038202561
"asdp",0.0328739347113778
"asdp",0.297234006530113
"asdp",0.0790148573909404
"asdp",0.410393529982073
"asdp",0.349071928404583
"asdp",0.157038576272162
"asdp",0.13526313889782
"asdp",0.174312766704908
"asdp",0.0294598293842505
"asdp",0.059654284081649
"asdp",0.0426240388022427
"asdp",0.0166333277566868
"asdp",0.103226506637466
"asdp",0.0293319441133936
"asdp",0.128475386495484
"asdp",0.121807449426294
"asdp",0.012088211733454
"asdp",0.0760064668127248
"asdp",0.230170110654405
"asdp",0.00111771406166436
"asdp",0.0698134006530255
"asdp",0.0346947870359666
"asdp",0.0304077879790414
"asdp",0.0844894831740872
"asdp",0.0697566089863129
"asdp",0.00653853999520693
"asdp",0.0423848053153617
"asdp",0.0592746859612762
"asdp",0.128397270417383
"asdp",0.107807965701965
"asdp",0.148890484674111
"asdp",0.00993754930075499
"asdp",0.103243699238311
"asdp",0.133030570337097
"asdp",0.0113057421945972
"asdp",0.0617621529144478
"asdp",0.0854926344098452
"asdp",0.0603332489856137
"asdp",0.143631925390727
"asdp",0.0841649294363719
"asdp",0.0648866126328082
"asdp",0.0111214286500344
"asdp",0.0155041300545739
"asdp",0.0525535063555342
"asdp",0.131867412633639
"asdp",0.0328560366555182
"asdp",0.0746017675961127
"asdp",0.109086375044291
"asdp",0.110319563972962
"asdp",0.176751325306795
"asdp",0.0550338950825538
"asdp",0.193258029710291
"asdp",0.0187694206964061
"asdp",0.126740234159153
"asdp",0.0153340806215122
"asdp",0.104127641173823
"asdp",0.0540251168697884
"asdp",0.179184600139703
"asdp",0.0841957249907174
"asdp",0.136753530267348
"asdp",0.124907117682153
"asdp",0.0929124579353086
"asdp",0.0574598302004232
"asdp",0.03246872624594
"asdp",0.0162052356200038
"asdp",0.0335838070520033
"asdp",0.104585925135246
"asdp",0.0936122098020676
"asdp",0.1094204986758
"asdp",0.0629514947486458
"asdp",0.10189834917366
"asdp",0.025109866428304
"asdp",0.0916189463635309
"asdp",0.0466794038563465
"asdp",0.0427424033503707
"asdp",0.0533077477625733
"asdp",0.00567230528264987
"asdp",0.11129762287546
"asdp",0.0235910208733608
"asdp",0.0964312682059381
"asdp",0.119195149142122
"asdp",0.0378424401127923
"asdp",0.125513461884372
"asdp",0.141871160694743
"asdp",0.139154549657894
"asdp",0.0530862197081768
"asdp",0.0854264742161673
"asdp",0.0775863467399112
"asdp",0.0133129324376858
"asdp",0.129972986161286
"asdp",0.100678940516797
"asdp",0.0297918356945212
"asdp",0.0347151496042506
"asdp",0.116203946913883
"asdp",0.063590916668557
"asdp",0.0690510582592584
"asdp",0.100816801779487
"asdp",0.0275520203497043
"asdp",0.0470348969896769
"asdp",0.0241695240788763
"asdp",0.0476169346209166
"asdp",0.11348790426267
"asdp",0.192425083435031
"asdp",0.235127473013332
"asdp",0.179106578745368
"asdp",0.0231601514480055
"asdp",0.30023821421988
"asdp",0.0457052909478554
"asdp",0.0275479893484093
"asdp",0.0399902013363806
"asdp",0.235157426027153
"asdp",0.0983341836798419
"asdp",0.321368013938117
"asdp",0.14573723976684
"asdp",0.243486183632029
"asdp",0.262759400762356
"asdp",0.168908043981956
"asdp",0.0583836288176607
"asdp",0.15026582184345
"asdp",0.217475230382666
"asdp",0.0818814042015301
"asdp",0.0364925715731906
"asdp",0.0381307961189385
"asdp",0.0864078967947894
"asdp",0.0716769620784473
"asdp",0.0939981094413423
"asdp",0.0602181158273366
"asdp",0.182599077259844
"asdp",0.0255865737648533
"asdp",0.0204148100928727
"asdp",0.0565449949946223
"asdp",0.174136935998954
"asdp",0.154387167131253
"asdp",0.0796208690333271
"asdp",0.179135121188382
"asdp",0.013376873572755
"asdp",0.0818306199555889
"asdp",0.0824957481416874
"asdp",0.136463208780188
"asdp",0.271672529783211
"asdp",0.0275994679973276
"asdp",0.0880031229373496
"asdp",0.0393445545287591
"asdp",0.00428206652164664
"asdp",0.0670366136913851
"asdp",0.119158626752046
"asdp",0.0112583458723873
"asdp",0.0103644702624315
"asdp",0.182986781092417
"asdp",0.113658427227082
"asdp",0.234186757866538
"asdp",0.211607455874594
"asdp",0.0436024767803004
"asdp",0.160852322654047
"asdp",0.0374273128843891
"asdp",0.175378134084816
"asdp",0.0132029235898228
"asdp",0.011630735549192
"asdp",0.29379813283721
"asdp",0.0379411267629459
"asdp",0.0800148814814751
"asdp",0.0939285894032527
"asdp",0.0503173756105392
"asdp",0.0729042033714259
"asdp",0.176281822234772
"asdp",0.0717304868705575
"asdp",0.171144073033968
"asdp",0.168509666365219
"asdp",0.0545308727678188
"asdp",0.103169455065917
"asdp",0.0343897173087132
"asdp",0.085050375299293
"asdp",0.012217757223007
"asdp",0.196447033677756
"asdp",0.186609806680088
"asdp",0.106322886766001
"asdp",0.0725645894048591
"asdp",0.176288143804273
"asdp",0.218163683348863
"asdp",0.170004335395659
"asdp",0.000434783796924798
"asdp",0.111584635403922
"asdp",0.00681451557267379
"asdp",0.0663427314131885
"asdp",0.0765936127560539
"asdp",0.154416995169752
"asdp",0.0426394832941222
"asdp",0.258506579022404
"asdp",0.215767133119106
"asdp",0.0637623431363698
"asdp",0.266844688712947
"asdp",0.00767634270765882
"asdp",0.0452830101297914
"asdp",0.145782914863695
"asdp",0.120411615498518
"asdp",0.0494623260587728
"asdp",0.127273364051495
"asdp",0.109640627903171
"asdp",0.11781631628398
"asdp",0.0961648614980252
"asdp",0.180165216228931
"asdp",0.11903062114102
"asdp",0.0319746386608894
"asdp",0.256050909540508
"asdp",0.117410480539298
"asdp",0.218816884967712
"asdp",0.182103298061335
"asdp",0.337355625256148
"asdp",0.227928885695243
"asdp",0.0745584398771329
"asdp",0.120487927778665
"asdp",0.326145268421888
"asdp",0.119004163950903
"asdp",0.310565909290315
"asdp",0.285188206679122
"asdp",0.139793203544304
"asdp",0.169043263518668
"asdp",0.301828284525928
"asdp",0.133110736194767
"asdp",0.0948005876297729
"asdp",0.30095878114587
"asdp",0.132804492831057
"asdp",0.199537842864702
"asdp",0.352813377266284
"asdp",0.118170553361103
"asdp",0.451341019836174
"asdp",0.0362652952676162
"asdp",0.487130011561687
"asdp",0.361298702596296
"asdp",0.225615242979333
"asdp",0.159990723757598
"asdp",0.201601751614377
"asdp",0.269259582844899
"asdp",0.144218494268315
"asdp",0.246833217432131
"asdp",0.0858516108810462
"asdp",0.258904200393552
"asdp",0.377929079841718
"asdp",0.189373345524505
"asdp",0.143084566380047
"asdp",0.349511751934561
"asdp",0.0751257815080523
"asdp",0.226310449067512
"asdp",0.147279981414904
"asdp",0.192391624164253
"asdp",0.389814110292047
"asdp",0.154832717627912
"asdp",0.13857608463508
"asdp",0.22946680122898
"asdp",0.304165538755971
"asdp",0.106684915514041
"asdp",0.356555414339074
"asdp",0.265944801295891
"asdp",0.285558178365598
"asdp",0.262072109839145
"asdp",0.182247324826365
"asdp",0.104623273957365
"asdp",0.285475809233834
"asdp",0.269316861376874
"asdp",0.0844631690086414
"asdp",0.146791880272939
"asdp",0.0884435922687448
"asdp",0.122102307990165
"asdp",0.0502309691171709
"asdp",0.0523400355650261
"asdp",0.120871600679744
"asdp",0.0312854694560385
"asdp",0.0136234343468925
"asdp",0.0227139179710186
"asdp",0.115588089426006
"asdp",0.0518212664161506
"asdp",0.102841743023879
"asdp",0.0409512866373513
"asdp",0.115392885661906
"asdp",0.0260041514754681
"asdp",0.133152074792152
"asdp",0.0235830499339715
"asdp",0.0591142059393733
"asdp",0.180258967709102
"asdp",0.0695964320473734
"asdp",0.0279631102918831
"asdp",0.0375370279412886
"asdp",0.00765140241881461
"asdp",0.169153450328767
"asdp",0.139170634090598
"asdp",0.0256179487801042
"asdp",0.181000127309459
"asdp",0.10091439835667
"asdp",0.0877320184619755
"asdp",0.0408300486904603
"asdp",0.00682163029696722
"asdp",0.189580968003106
"asdp",0.00411730799715525
"asdp",0.0160809916208353
"asdp",0.0793876551353887
"asdp",0.0683843473950332
"asdp",0.138111776285396
"asdp",0.0411704438649396
"asdp",0.0371024658210321
"asdp",0.0481062732932028
"asdp",0.122260268293174
"asdp",0.0264883904477858
"asdp",0.0177323443087401
"asdp",0.0983903906923443
"asdp",0.0681317642878825
"asdp",0.0749096688132067
"asdp",0.108319551726914
"asdp",0.144220746909173
"asdp",0.0710239164072809
"asdp",0.0182237789306819
"asdp",0.112317739561918
"asdp",0.153993257655026
"asdp",0.0332240469399625
"asdp",0.0921476780233758
"asdp",0.161648831410234
"asdp",0.0110646417605699
"asdp",0.0310719723949487
"asdp",0.090715331148086
"asdp",0.14685390165158
"asdp",0.11450105793191
"asdp",0.227058015757124
"asdp",0.0209983436813635
"asdp",0.0959279239040129
"asdp",0.0814012979575017
"asdp",0.152937786613245
"asdp",0.0108694476988908
"asdp",0.115236886343833
"asdp",0.034861007874677
"asdp",0.0937485811849534
"asdp",0.155801173657381
"asdp",0.0736038070250427
"asdp",0.0885014316494395
"asdp",0.132907136508933
"asdp",0.132959456746116
"asdp",0.202023054800795
"asdp",0.0250677879374733
"asdp",0.114481783949669
"asdp",0.151753585613042
"asdp",0.0770919048678275
"asdp",0.0684071389776978
"asdp",0.149424596137975
"asdp",0.0167369145066013
"asdp",0.0993612299691119
"asdp",0.178065749858455
"asdp",0.216834387596049
"asdp",0.173128485567462
"asdp",0.110301838933246
"asdp",0.0215695254874907
"asdp",0.0719020512416982
"asdp",0.146250031999296
"asdp",0.000255904489002538
"asdp",0.0250404372002693
"asdp",0.109065201524764
"asdp",0.0680368604206446
"asdp",0.142619360596993
"asdp",0.0630464243130822
"asdp",0.027812312557554
"asdp",0.0804193434121787
"asdp",0.165019749835883
"asdp",0.103431671165879
"asdp",0.000480277007858267
"asdp",0.0579272384622444
"asdp",0.126006070930291
"asdp",0.0564405973781005
"asdp",0.17238868813078
"asdp",0.0981555395043206
"asdp",0.122087735592745
"asdp",0.0245149633588765
"asdp",0.17346871384
"asdp",0.174444802239844
"asdp",0.055440104086094
"asdp",0.0858280586866168
"asdp",0.141389314936032
"asdp",0.0195010723465575
"asdp",0.126051503300612
"asdp",0.144326622844482
"asdp",0.0242412344599598
"asdp",0.109415537412991
"asdp",0.0408324420184018
"asdp",0.15531460240486
"asdp",0.00084139387617476
"asdp",0.00262288082706489
"asdp",0.0548682974401182
"asdp",0.0204996990361792
"asdp",0.0742718322475869
"asdp",0.0596741052725344
"asdp",0.00626426913011033
"asdp",0.109005203236038
"asdp",0.0930255874422625
"asdp",0.0445020427152097
"asdp",0.0806790593950693
"asdp",0.064882470949587
"asdp",0.0675741846820293
"asdp",0.0742936896618457
"asdp",0.306111895993236
"asdp",0.144194229037292
"asdp",0.136790201526626
"asdp",0.0793318955487125
"asdp",0.0651398701148114
"asdp",0.0191521921476038
"asdp",0.240468438777567
"asdp",0.0453605953680143
"asdp",0.350988921586524
"asdp",0.236616622895741
"asdp",0.149077976460501
"asdp",0.153070647675962
"asdp",0.0777591999845319
"asdp",0.0959711154887564
"asdp",0.0402895691410293
"asdp",0.0815629339215955
"asdp",0.0764247836817272
"asdp",0.077527332103905
"asdp",0.0222604573634133
"asdp",0.0650568213525198
"asdp",0.116960171250246
"asdp",0.0733186905514288
"asdp",0.0392213981068438
"asdp",0.209020641677104
"asdp",0.153914507709055
"asdp",0.260625575985772
"asdp",0.0341074353815347
"asdp",0.0702837208643974
"asdp",0.145335507998562
"asdp",0.0212773780455479
"asdp",0.0349607407489666
"asdp",0.0100236956175246
"asdp",0.101122661930828
"asdp",0.172434691820187
"asdp",0.101601354441049
"asdp",0.169131378922437
"asdp",0.0338412364293604
"asdp",0.0685222510042454
"asdp",0.0815452742685414
"asdp",0.114564034187663
"asdp",0.0676356228175526
"asdp",0.185332126120355
"asdp",0.00328730440305444
"asdp",0.0259236838700995
"asdp",0.0389948106159483
"asdp",0.329070202896765
"asdp",0.22856149909629
"asdp",0.0125754069173682
"asdp",0.101162711757271
"asdp",0.012345413507017
"asdp",0.0758458487455556
"asdp",0.188068503116383
"asdp",0.0442303323465958
"asdp",0.0387281108955866
"asdp",0.00863965192932634
"asdp",0.192251538716816
"asdp",0.0928786471553583
"asdp",0.177991479866285
"asdp",0.256579567269583
"asdp",0.0279331952621769
"asdp",0.178621146204744
"asdp",0.334740844776073
"asdp",0.0957041275242362
"asdp",0.0701821659630005
"asdp",0.349035791668793
"asdp",0.0141565955887198
"asdp",0.0920523616110262
"asdp",0.284823612576286
"asdp",0.133783135856782
"asdp",0.307642226970036
"asdp",0.255657666677887
"asdp",0.0780869307564206
"asdp",0.102591196032274
"asdp",0.150445797511887
"asdp",0.164338885294381
"asdp",0.280373238631106
"asdp",0.029042822279408
"asdp",0.203503642545918
"asdp",0.0391160693634681
"asdp",0.0519276068835993
"asdp",0.0319286102469187
"asdp",0.188604610941897
"asdp",0.0327726809050816
"asdp",0.218073912776306
"asdp",0.146027372252338
"asdp",0.190303922083057
"asdp",0.00363232571698052
"asdp",0.096789176877171
"asdp",0.0820432953572737
"asdp",0.141625336662305
"asdp",0.108036489670659
"asdp",0.0139867105950731
"asdp",0.120128634259732
"asdp",0.155354566713438
"asdp",0.0994730168686777
"asdp",0.0730408267910126
"asdp",0.313095743622894
"asdp",0.112313867385203
"asdp",0.111229579638376
"asdp",0.241697595046916
"asdp",0.0678229673308317
"asdp",0.0857027913698731
"asdp",0.0150092638394486
"asdp",0.00529680823725341
"asdp",0.00278377406501404
"asdp",0.149436276925052
"asdp",0.428493401683043
"asdp",0.410443004572888
"asdp",0.0370909988501427
"asdp",0.241624855755875
"asdp",0.0245052714679583
"asdp",0.132559575572768
"asdp",0.0474775652467911
"asdp",0.130234763155696
"asdp",0.054185079511441
"asdp",0.177768664327497
"asdp",0.0313213785722924
"asdp",0.0406981588637722
"asdp",0.0430552754763633
"asdp",0.0874212827036649
"asdp",0.0681243578087754
"asdp",0.0901823294170718
"asdp",0.00203606812451784
"asdp",0.0643790705247446
"asdp",0.063722720183929
"asdp",0.136986342010189
"asdp",0.0664038074019581
"asdp",0.0376289637875259
"asdp",0.0464642698312541
"asdp",0.0102001656690264
"asdp",0.0488428031853844
"asdp",0.0909880116190909
"asdp",0.127642657928997
"asdp",0.0999732177654495
"asdp",0.0897243542979436
"asdp",0.145141395931289
"asdp",0.0594533667608389
"asdp",0.0062217955984495
"asdp",0.395111347129343
"asdp",0.0498653953940692
"asdp",0.0454335093978375
"asdp",0.012964835896468
"asdp",0.027156633719576
"asdp",0.169256343354776
"asdp",0.114861335184146
"asdp",0.219092540414718
"asdp",0.116388695669426
"asdp",0.00316397914977269
"asdp",0.0615430118146406
"asdp",0.0964143200773256
"asdp",0.0666755822884281
"asdp",0.167084446454739
"asdp",0.0847224469505353
"asdp",0.00285211683757985
"asdp",0.118948359410714
"asdp",0.0879448483739311
"asdp",0.0371702276220144
"asdp",0.0999904621878103
"asdp",0.0875532834720286
"asdp",0.0360461587575616
"asdp",0.0403796929067023
"asdp",0.100777064548015
"asdp",0.227509268704965
"asdp",0.0122177923255527
"asdp",0.106500394258913
"asdp",0.0286333496224028
"asdp",0.0266744134391145
"asdp",0.13412987716125
"asdp",0.178034350001177
"asdp",0.0529907423408053
"asdp",0.0591998045880365
"asdp",0.0507709611011909
"asdp",0.0599029589028459
"asdp",0.213226707218577
"asdp",0.0861224244266884
"asdp",0.00802570252674856
"asdp",0.0605859445091739
"asdp",0.0145498219314593
"asdp",0.153467056960394
"asdp",0.0638522245658218
"asdp",0.0254753609357487
"asdp",0.052241645914876
"asdp",0.0233450670040271
"asdp",0.189282167893448
"asdp",0.00339373069532992
"asdp",0.0850160805265846
"asdp",0.0242436564221395
"asdp",0.14210651889401
"asdp",0.0607938118447632
"asdp",0.0202818812778803
"asdp",0.141816197720098
"asdp",0.0577779187488157
"asdp",0.215800260875417
"asdp",0.00996982508255254
"asdp",0.363442045854849
"asdp",0.183361715001716
"asdp",0.078227251202008
"asdp",0.0397764315780643
"asdp",0.159406809912361
"asdp",0.099983288276761
"asdp",0.086384039788983
"asdp",0.199547734039087
"asdp",0.01669804882741
"asdp",0.00146381222012962
"asdp",0.112593302554726
"asdp",0.0318509138374062
"asdp",0.128179362018709
"asdp",0.0469619727185747
"asdp",0.145850980253982
"asdp",0.0937444614859744
"asdp",0.00638314473559402
"asdp",0.125050222839909
"asdp",0.0311209275452109
"asdp",0.048368410896498
"asdp",0.0457966192665117
"asdp",0.010703956492264
"asdp",0.0650470895590076
"asdp",0.0748952780586614
"asdp",0.383734063143652
"asdp",0.0603414795122086
"asdp",0.0646734232008513
"asdp",0.173041583160667
"asdp",0.139410028714685
"asdp",0.0263400424565095
"asdp",0.160538421339954
"asdp",0.180398237301985
"asdp",0.0316242573031595
"asdp",0.0239258014854772
"asdp",0.150406502970739
"asdp",0.0216944641285003
"asdp",0.188916682300539
"asdp",0.203998139115835
"asdp",0.0838129465554357
"asdp",0.165687636623936
"asdp",0.0167605361362843
"asdp",0.0581103677522517
"asdp",0.100945036593634
"asdp",0.00128807610470159
"asdp",0.0764622796455712
"asdp",0.0611160393646788
"asdp",0.0173079101294235
"asdp",0.17497252229138
"asdp",0.00672319758215362
"asdp",0.16244573981633
"asdp",0.0152763726099021
"asdp",0.0886468708819059
"asdp",0.0196241151036722
"asdp",0.123134835432161
"asdp",0.0871826904561132
"asdp",0.0525202308277993
"asdp",0.0500082045647281
"asdp",0.102707336612713
"asdp",0.0176008298633443
"asdp",0.115785604225728
"asdp",0.0793576974021634
"asdp",0.0770272971829059
"asdp",0.274511973099098
"asdp",0.152005707203338
"asdp",0.183151677795504
"asdp",0.242092458235288
"asdp",0.0771402578696644
"asdp",0.0276279775110892
"asdp",0.100837341026254
"asdp",0.109163653768648
"asdp",0.000646135496492922
"asdp",0.108569701762928
"asdp",0.00895709799810791
"asdp",0.026355875051531
"asdp",0.204727314951616
"asdp",0.104422441488648
"asdp",0.00722478394559986
"asdp",0.121138472399578
"asdp",0.141777676602241
"asdp",0.0156669140670909
"asdp",0.0829950861338039
"asdp",0.168233724452764
"asdp",0.0304972145410488
"asdp",0.121859036401795
"asdp",0.0450879793211373
"asdp",0.0858650560979889
"asdp",0.0149000871198478
"asdp",0.00498606079843367
"asdp",0.0919207955395984
"asdp",0.176255853239847
"asdp",0.248488977137112
"asdp",0.187806079579975
"asdp",0.0316045989884464
"asdp",0.112903443834649
"asdp",0.0328851056171288
"asdp",0.0875690327808602
"asdp",0.0905796298428133
"asdp",0.0714067970655504
"asdp",0.0802613732961056
"asdp",0.185957237713665
"asdp",0.265434672343427
"asdp",0.476941294942252
"asdp",0.0326230603414097
"asdp",0.202575946635802
"asdp",0.0920511238067972
"asdp",0.0201461540616479
"asdp",0.136919323151189
"asdp",0.0139384412534685
"asdp",0.239125173211987
"asdp",0.162200654826956
"asdp",0.0133335878885125
"asdp",0.123440344272685
"asdp",0.103528489007617
"asdp",0.103335389753257
"asdp",0.118102089618452
"asdp",0.0199364767965139
"asdp",0.0443879494031193
"asdp",0.00799804959973485
"asdp",0.0564268764130285
"asdp",0.106983376022058
"asdp",0.109789902969895
"asdp",0.0564428303993645
"asdp",0.115688590631634
"asdp",0.199793075085577
"asdp",0.0421425588619319
"asdp",0.0487888902490426
"asdp",0.138082561939167
"asdp",0.131222738508223
"asdp",0.140307107899692
"asdp",0.17180392462967
"asdp",0.0570823934691597
"asdp",0.0961801224765947
"asdp",0.0468237376417935
"asdp",0.240254796495282
"asdp",0.0344194113664362
"asdp",0.0383895432767825
"asdp",0.24288056752268
"asdp",0.0511415403837455
"asdp",0.0280455227844242
"asdp",0.0978239260175347
"asdp",0.0904669724174749
"asdp",0.0879244239846115
"asdp",0.0512868947426015
"asdp",0.146862196747643
"asdp",0.0460653096902374
"asdp",0.0552375642056202
"asdp",0.0849355792925547
"asdp",0.00499725819892455
"asdp",0.105175119223692
"asdp",0.0331329210067594
"asdp",0.135961988586283
"asdp",0.0141075440924092
"asdp",0.0255638588366924
"asdp",0.166694040043231
"asdp",0.0992438439398512
"asdp",0.121386378924558
"asdp",0.0548630074234262
"asdp",0.0344996992762081
"asdp",0.081293265694651
"asdp",0.0176476103493844
"asdp",0.126865789515369
"asdp",6.11739039723669e-05
"asdp",0.0172989573039125
"asdp",0.0538376007420226
"asdp",0.0685916514942764
"asdp",0.174631934630005
"asdp",0.232347875066055
"asdp",0.0166148884599206
"asdp",0.0415167864748649
"asdp",0.00673490067683338
"asdp",0.0418411614375481
"asdp",0.113574250140103
"asdp",0.0476755803042356
"asdp",0.0936881544505973
"asdp",0.0889970798046589
"asdp",0.0222873453212024
"asdp",0.0204004993539051
"asdp",0.0330702351964396
"asdp",0.0355005974042011
"asdp",0.174132832996106
"asdp",0.014228549653109
"asdp",0.0346586470029877
"asdp",0.0247714859487272
"asdp",0.0186600795316286
"asdp",0.10558307740154
"asdp",0.0770323520011743
"asdp",0.0153460669386528
"asdp",0.0399916667980293
"asdp",0.0330682678923469
"asdp",0.14248068120682
"asdp",0.156116595194239
"asdp",0.0920332888600024
"asdp",0.00746567444857907
"asdp",0.0346125754027116
"asdp",0.0349466985883542
"asdp",0.199665428949148
"asdp",0.0677944717658101
"asdp",0.102319910924004
"asdp",0.10278884530623
"asdp",0.132009913273908
"asdp",0.0486509248021017
"asdp",0.00552805171111502
"asdp",0.335743844713652
"asdp",0.050986296905763
"asdp",0.0464356468948434
"asdp",0.100575689725131
"asdp",0.0697029838611499
"asdp",0.0946590041303066
"asdp",0.00232324657654424
"asdp",0.0734643235640541
"asdp",0.00294769764993844
"asdp",0.00260512366804905
"asdp",0.151227488393332
"asdp",0.0114507420243538
"asdp",0.00801666854214328
"asdp",0.202733269621445
"asdp",0.0210549779806447
"asdp",0.100546695547378
"asdp",0.0996335442288897
"asdp",0.114440750657655
"asdp",0.08071541661605
"asdp",0.063941844212919
"asdp",0.289854118902163
"asdp",0.0402113000544419
"asdp",0.0398309231604322
"asdp",0.147160939654541
"asdp",0.0431265386972068
"asdp",0.0169457287916865
"asdp",0.00599267930516109
"asdp",0.091504824125283
"asdp",0.0337321193228977
"asdp",0.167263489169265
"asdp",0.204904052488961
"asdp",0.0715944947849892
"asdp",0.115229061612009
"asdp",0.0577962370005459
"asdp",0.0569881127354414
"asdp",0.259359932914656
"asdp",0.0245459209080795
"asdp",0.131513581343807
"asdp",0.0896381228212244
"asdp",0.0317495636315807
"asdp",0.0818685098360688
"asdp",0.0293149798096122
"asdp",0.113288013132009
"asdp",0.0465491113314666
"asdp",0.133677105775269
"asdp",0.0213009128700403
"asdp",0.0742845721997476
"asdp",0.0709063141117039
"asdp",0.0934332800155061
"asdp",0.0373781260868911
"asdp",0.0430754051573907
"asdp",0.250431574992584
"asdp",0.261923628402096
"asdp",0.0352021696311772
"asdp",0.0620292884090275
"asdp",0.189865639259564
"asdp",0.109885417602579
"asdp",0.027332961201639
"asdp",0.0355390537904848
"asdp",0.102540614218815
"asdp",0.224008412272757
"asdp",0.140368713026293
"asdp",0.159595520050943
"asdp",0.0570911671763938
"asdp",0.251335679869156
"asdp",0.0251444026694882
"asdp",0.0688968986430713
"asdp",0.155077975128316
"asdp",0.00276196886453485
"asdp",0.0058384559165823
"asdp",0.107060403228285
"asdp",0.0101074954742378
"asdp",0.0369264188677892
"asdp",0.0303339627349883
"asdp",0.176956385214199
"asdp",0.116297165831165
"asdp",0.0371705214204684
"asdp",0.0806495736672254
"asdp",0.0885417614637189
"asdp",0.0615333126797073
"asdp",0.0689710076977566
"asdp",0.0358313850527992
"asdp",0.000362911734409166
"asdp",0.310024236957768
"asdp",0.0698716844629635
"asdp",0.0495007503415351
"asdp",0.176545623540275
"asdp",0.255130015087378
"asdp",0.0139349670775381
"asdp",0.0428812145228032
"asdp",0.110403123816438
"asdp",0.138999866968491
"asdp",0.074884307499073
"asdp",0.0235984895632244
"asdp",0.0995263898370555
"asdp",0.214411338174665
"asdp",0.0613838076351747
"asdp",0.338332495162721
"asdp",0.0905383608460558
"asdp",0.09617910384438
"asdp",0.102234404931094
"asdp",0.00269793755435621
"asdp",0.055302959940713
"asdp",0.0448736208396224
"asdp",0.0218061866956049
"asdp",0.0567354724616263
"asdp",0.11219407614637
"asdp",0.055772522441811
"asdp",0.180813574256688
"asdp",0.364824526885929
"asdp",0.289372213728436
"asdp",0.153798440803855
"asdp",0.242561117041288
"asdp",0.230089652251736
"asdp",0.251510248647763
"asdp",0.48813803627923
"asdp",0.251562521836411
"asdp",0.290234006114561
"asdp",0.360411152154721
"asdp",0.372681628361361
"asdp",0.263481561169788
"asdp",0.18125623323901
"asdp",0.111772450639083
"asdp",0.172042278570101
"asdp",0.0956889560684243
"asdp",0.194653259007744
"asdp",0.324397230792573
"asdp",0.0581126722908066
"asdp",0.279553029964685
"asdp",0.335481694711799
"asdp",0.1995837645103
"asdp",0.475287266572461
"asdp",0.30374683822205
"asdp",0.210700055994981
"asdp",0.131504638748188
"asdp",0.537804002189334
"asdp",0.0319674800630438
"asdp",0.142845454168487
"asdp",0.0515333275748457
"asdp",0.120130760610725
"asdp",0.346621494884085
"asdp",0.346994343755616
"asdp",0.30142465096749
"asdp",0.139440692437177
"asdp",0.223940958386889
"asdp",0.138766507755599
"asdp",0.228592549390408
"asdp",0.212473981563088
"asdp",0.231036945084425
"asdp",0.164236772501404
"asdp",0.225681723639817
"asdp",0.320673876293131
"asdp",0.279848009674502
"asdp",0.196628442994573
"asdp",0.418394976958963
"asdp",0.344465415707701
"asdp",0.136954155497145
"asdp",0.107332098795751
"asdp",0.363343259246951
"asdp",0.0150630062891118
"asdp",0.30855060138716
"asdp",0.257350266404555
"asdp",0.219606487692045
"asdp",0.309917762896154
"asdp",0.197686127276241
"asdp",0.282718016941352
"asdp",0.129828504525735
"asdp",0.269938504300377
"asdp",0.237175601805919
"asdp",0.211523386361722
"asdp",0.396373088450795
"asdp",0.290691052500613
"asdp",0.13515692206512
"asdp",0.138269885634308
"asdp",0.107571934263651
"asdp",0.260509661863535
"asdp",0.13776685746504
"asdp",0.113126223865052
"asdp",0.192172988829996
"asdp",0.266843107868097
"asdp",0.126919867894081
"asdp",0.179130567726745
"asdp",0.0943387455334483
"asdp",0.122991509364697
"asdp",0.27239864903755
"asdp",0.030025255361466
"asdp",0.0366560800144308
"asdp",0.238885836279042
"asdp",0.433098423290026
"asdp",0.48751189855275
"asdp",0.0158907540672668
"asdp",0.355417225199276
"asdp",0.162254547116469
"asdp",0.157381906190219
"asdp",0.0430713159031122
"asdp",0.264699775732963
"asdp",0.366196103956593
"asdp",0.515016858906384
"asdp",0.282032519200379
"asdp",0.644874925333782
"asdp",0.341786051327148
"asdp",0.490572193751631
"asdp",0.0981226015617092
"asdp",0.165256139207295
"asdp",0.0933933485207882
"asdp",0.0861630177664956
"asdp",0.100198624830582
"asdp",0.294283955012029
"asdp",0.0359755527478664
"asdp",0.108947305567499
"asdp",0.00799010171713183
"asdp",0.159915007162736
"asdp",0.307467019130232
"asdp",0.128182888042266
"asdp",0.225818270557204
"asdp",0.126402532544505
"asdp",0.153639117030991
"asdp",0.146545847924475
"asdp",0.160843570395252
"asdp",0.0711090599890047
"asdp",0.0606692226362305
"asdp",0.267904940751944
"asdp",0.0366741215642549
"asdp",0.339625274570954
"asdp",0.341780992899053
"asdp",0.122161386747063
"asdp",0.183570893640826
"asdp",0.128472473611028
"asdp",0.160834186024329
"asdp",0.148290935913511
"asdp",0.206692382790231
"asdp",0.0603490903810864
"asdp",0.309921292917113
"asdp",0.230342479685596
"asdp",0.206576536802165
"asdp",0.257282364601432
"asdp",0.0314721451914281
"asdp",0.215540995526674
"asdp",0.172509546244169
"asdp",0.135537400293385
"asdp",0.129741699381384
"asdp",0.154230468267555
"asdp",0.122741132197703
"asdp",0.0937161556997388
"asdp",0.166227224067012
"asdp",0.166331955955426
"asdp",0.0351235509036938
"asdp",0.0436420671402631
"asdp",0.150455026696403
"asdp",0.0702089508254556
"asdp",0.259156065576497
"asdp",0.0144141124476774
"asdp",0.0416567626877606
"asdp",0.125023748503098
"asdp",0.0420519116291379
"asdp",0.0899294793011872
"asdp",0.0298966687108263
"asdp",0.116432711642969
"asdp",0.0279633230844217
"asdp",0.00517811021979835
"asdp",0.101408424138637
"asdp",0.0698836354221449
"asdp",0.0332639950952642
"asdp",0.0417689972665848
"asdp",0.124421988325989
"asdp",0.144514166688868
"asdp",0.0962625306462928
"asdp",0.170312863864534
"asdp",0.0862549342688901
"asdp",0.07009610402895
"asdp",0.156768899820712
"asdp",0.0579597105799845
"asdp",0.157276535403516
"asdp",0.0692013064945879
"asdp",0.0604015938777293
"asdp",0.0261355184720949
"asdp",0.0652780683140254
"asdp",0.210354398188507
"asdp",0.152227835146647
"asdp",0.0133618498442207
"asdp",0.0872488337634805
"asdp",0.11108236127903
"asdp",0.00841580315905657
"asdp",0.101458780603397
"asdp",0.0266619866394594
"asdp",0.0277543746559464
"asdp",0.128833571497122
"asdp",0.143351451118944
"asdp",0.118692333690676
"asdp",0.0879979561719077
"asdp",0.143186063169521
"asdp",0.0693363879185023
"asdp",0.156527427552018
"asdp",0.108624062855125
"asdp",0.141861436152953
"asdp",0.207771153492952
"asdp",0.170287874771595
"asdp",0.0550205757058321
"asdp",0.00429622134021594
"asdp",0.116855617082652
"asdp",0.100903992982779
"asdp",0.00734456343027952
"asdp",0.142566961175857
"asdp",0.214455192176457
"asdp",0.201002998076464
"asdp",0.00133194675410495
"asdp",0.0312758709913227
"asdp",0.0602730407382658
"asdp",0.0541839030157403
"asdp",0.00470991716550308
"asdp",0.0893376766574707
"asdp",0.185233376573461
"asdp",0.116477096831936
"asdp",0.0527180007502608
"asdp",0.013823861098235
"asdp",0.225709247730134
"asdp",0.0298645631249978
"asdp",0.0872252567254251
"asdp",0.267870797189255
"asdp",0.124640151076349
"asdp",0.0353807849037201
"asdp",0.092605091306033
"asdp",0.150140078700117
"asdp",0.0794228170457756
"asdp",0.00041119992158628
"asdp",0.0505001955291548
"asdp",0.0514181049930666
"asdp",0.0121595303461348
"asdp",0.114581466618928
"asdp",0.0507923835978527
"asdp",0.119474237608831
"asdp",0.0995939080016068
"asdp",0.100479172261923
"asdp",0.138439607006803
"asdp",0.0268198555473103
"asdp",0.0215735797828052
"asdp",0.244673263829457
"asdp",0.0393692657264533
"asdp",0.302548037973651
"asdp",0.107408377346833
"asdp",0.108856319043981
"asdp",0.0874485606872317
"asdp",0.117320231109807
"asdp",0.0616698658811099
"asdp",0.0639253235566044
"asdp",0.233364342056607
"asdp",0.0287105863663372
"asdp",0.061038557404708
"asdp",0.139086472484057
"asdp",0.0135183269033041
"asdp",0.349206151180418
"asdp",0.0105759076319437
"asdp",0.28539503136271
"asdp",0.330720540154935
"asdp",0.00563567439936259
"asdp",0.0662300607969959
"asdp",0.0363841857598111
"asdp",0.127328031841734
"asdp",0.057477425656994
"asdp",0.0834832426197539
"asdp",0.119129568216889
"asdp",0.00738968127690123
"asdp",0.206145771348017
"asdp",0.00898362393039903
"asdp",0.151483077788241
"asdp",0.257575999492241
"asdp",0.00630208872779126
"asdp",0.00908553944107157
"asdp",0.257500373684006
"asdp",0.18497286079005
"asdp",0.0181580879633537
"asdp",0.0656335144670714
"asdp",0.0483636888815481
"asdp",0.237425148421307
"asdp",0.137738448687895
"asdp",0.189538690068478
"asdp",0.0910392711128212
"asdp",0.13169249011236
"asdp",0.0387278426551489
"asdp",0.144817080322984
"asdp",0.209246626291654
"asdp",0.296061016250141
"asdp",0.0303709805672793
"asdp",0.184969653751136
"asdp",0.154020207129597
"asdp",0.120869542890371
"asdp",0.374776584477481
"asdp",0.416388232890409
"asdp",0.0785746472630644
"asdp",0.134680090244158
"asdp",0.136933628628188
"asdp",0.232267901825178
"asdp",0.266925151404532
"asdp",0.0322885647105479
"asdp",0.166122826924605
"asdp",0.0931616803562302
"asdp",0.120735090735537
"asdp",0.291082138239303
"asdp",0.241263444146396
"asdp",0.172256506557945
"asdp",0.218176079657305
"asdp",0.421094881248022
"asdp",0.319123438553915
"asdp",0.0526660088827569
"asdp",0.0437326270520104
"asdp",0.270271668921761
"asdp",0.0838018820335015
"asdp",0.119222958766479
"asdp",0.467562245128363
"asdp",0.0178577877194963
"asdp",0.361094863781949
"asdp",0.449092318075649
"asdp",0.185573049134373
"asdp",0.392893176699298
"asdp",0.160823191740291
"asdp",0.0789541885578151
"asdp",0.0885047806240948
"asdp",0.308008130268407
"asdp",0.0473323792804409
"asdp",0.135528069764308
"asdp",0.0721619907866962
"asdp",0.108077600001046
"asdp",0.330288592944333
"asdp",0.224377869821962
"asdp",0.10225689993174
"asdp",0.168348957902335
"asdp",0.107703672320859
"asdp",0.191377160402954
"asdp",0.0572556990644956
"asdp",0.162988241831839
"asdp",0.26154881470353
"asdp",0.0321580256972821
"asdp",0.356279917128648
"asdp",0.246022121213173
"asdp",0.267501635050538
"asdp",0.0525750311877606
"asdp",0.291180166217286
"asdp",0.382152150749898
"asdp",0.0552237844350489
"asdp",0.0690880702442732
"asdp",0.267531321773318
"asdp",0.0445668908371365
"asdp",0.239423630363473
"asdp",0.195472743966401
"asdp",0.283631651644792
"asdp",0.199646694154585
"asdp",0.0259417410081983
"asdp",0.328423866964818
"asdp",0.157644443936707
"asdp",0.223081104812772
"asdp",0.140640992189156
"asdp",0.25607572802364
"asdp",0.201570247788167
"asdp",0.130197490199375
"asdp",0.226826836547118
"asdp",0.053175396376109
"asdp",0.162420117147219
"asdp",0.0683402199065658
"asdp",0.387556919980614
"asdp",0.219486340488228
"asdp",0.0648114721949316
"asdp",0.187375877265335
"asdp",0.170116570075483
"asdp",0.048652180392923
"asdp",0.0523936785951161
"asdp",0.146775831457092
"asdp",0.0650297293929305
"asdp",0.146197911672736
"asdp",0.00173263027992623
"asdp",0.0455009480365072
"asdp",0.0878286023020892
"asdp",0.0990086230019697
"asdp",0.0902473197457914
"asdp",0.0178163558111104
"asdp",0.159583879576929
"asdp",0.0354996158052837
"asdp",0.0699139656343969
"asdp",0.305299433741201
"asdp",0.0400026268862107
"asdp",0.106127499468984
"asdp",0.00133538794126619
"asdp",0.0608432427290964
"asdp",0.247017474750419
"asdp",0.0221608086987658
"asdp",0.195231250982084
"asdp",0.10748937714409
"asdp",0.215875255702215
"asdp",0.202969084006135
"asdp",0.0679866534843584
"asdp",0.0954507235379582
"asdp",0.0534771885738036
"asdp",0.302746061190212
"asdp",0.0177579921856853
"asdp",0.0484654548558465
"asdp",0.0149792371704118
"asdp",0.094826903929364
"asdp",0.10223860721256
"asdp",0.252612171869923
"asdp",0.064928969002926
"asdp",0.00614876554201542
"asdp",0.155059284298292
"asdp",0.0440155963312211
"asdp",0.00748675124919172
"asdp",0.0723229380662014
"asdp",0.0293035074678902
"asdp",0.089952864369605
"asdp",0.169647823417851
"asdp",0.190409290831861
"asdp",0.0116589115746009
"asdp",0.0215860435777281
"asdp",0.0968679592091007
"asdp",0.011918027298404
"asdp",0.106134367555847
"asdp",0.125409615224745
"asdp",0.108612155516685
"asdp",0.0468587314218765
"asdp",0.0735653377544523
"asdp",0.114412932368104
"asdp",0.070135674602145
"asdp",0.0288288672356473
"asdp",0.0590337428462238
"asdp",0.117367043179326
"asdp",0.00336772637720199
"asdp",0.016037132011092
"asdp",0.135718473215501
"asdp",0.105602411094466
"asdp",0.0251667028684421
"asdp",0.0339641682837756
"asdp",0.0855492321463811
"asdp",0.00339150055745249
"asdp",0.0600226642881427
"asdp",0.192591229197411
"asdp",0.383298108099817
"asdp",0.0262859003538891
"asdp",0.0845621102329472
"asdp",0.10148172306793
"asdp",0.044553164806958
"asdp",0.0882982137495299
"asdp",0.176534873567149
"asdp",0.0205691604549914
"asdp",0.0350079753514512
"asdp",0.220932969767751
"asdp",0.0529301638468894
"asdp",0.180428914202643
"asdp",0.0654174655127648
"asdp",0.137881545845319
"asdp",0.13379809016609
"asdp",0.0858185190695025
"asdp",0.160732331051616
"asdp",0.200446157996162
"asdp",0.0162796154323944
"asdp",0.013387324046554
"asdp",0.206066669627275
"asdp",0.10631207217433
"asdp",0.0544646535222056
"asdp",0.270792718142217
"asdp",0.175432334838801
"asdp",0.32875006155751
"asdp",0.334667316426944
"asdp",0.224829268022871
"asdp",0.231668609306491
"asdp",0.0694019247661811
"asdp",0.053386393031702
"asdp",0.016978649929547
"asdp",0.389324160909238
"asdp",0.0601148198383966
"asdp",0.000448510915972505
"asdp",0.0347004187000446
"asdp",0.0537350446409406
"asdp",0.170071586571196
"asdp",0.0486173630618693
"asdp",0.150641465770743
"asdp",0.197952890757268
"asdp",0.0037842593791876
"asdp",0.20463259630268
"asdp",0.0602437536977805
"asdp",0.0857847436812765
"asdp",0.00464607020173927
"asdp",0.0307392886875777
"asdp",0.0469609887459807
"asdp",0.0871370418384217
"asdp",0.138354042353014
"asdp",0.0402420934833024
"asdp",0.172649859123528
"asdp",0.283965980749999
"asdp",0.0280829122009209
"asdp",0.0597010968864968
"asdp",0.0518395515889178
"asdp",0.112989640110483
"asdp",0.0748135905028358
"asdp",0.100054776750216
"asdp",0.205593043257614
"asdp",0.0697959910755835
"asdp",0.239615771379623
"asdp",0.224031486132434
"asdp",0.158197743594522
"asdp",0.19053020193716
"asdp",0.0398238954513714
"asdp",0.0387028093614859
"asdp",0.204660472064921
"asdp",0.0455708836260204
"asdp",0.0602567162114096
"asdp",0.00973785114908536
"asdp",0.0122357086597641
"asdp",0.052436356050886
"asdp",0.385839833781102
"asdp",0.363820693630245
"asdp",0.0638854166166972
"asdp",0.00986634159386199
"asdp",0.167644408258143
"asdp",0.0606752663570794
"asdp",0.10964721870061
"asdp",0.0498884826878545
"asdp",0.0111329646389783
"asdp",0.0736141968804251
"asdp",0.0463193851837623
"asdp",0.235775335685456
"asdp",0.0483647918438778
"asdp",0.000384003333161541
"asdp",0.0347915577069069
"asdp",0.0758602326578751
"asdp",0.0175692349623521
"asdp",0.0506552367722274
"asdp",0.0317862550227524
"asdp",0.0134675639630406
"asdp",0.0632105735922051
"asdp",0.171194251839836
"asdp",0.0111875061624055
"asdp",0.0559734560716444
"asdp",0.0486142458285748
"asdp",0.0253467342283805
"asdp",0.142076194301978
"asdp",0.204088376946116
"asdp",0.0407450481138018
"asdp",0.128398319429602
"asdp",0.189402814431374
"asdp",0.0546724999890925
"asdp",0.0232778667972565
"asdp",0.0501436802622771
"asdp",0.0798933239506809
"asdp",0.0304099166883715
"asdp",0.0583262421246827
"asdp",0.047872686858058
"asdp",0.0881349518580171
"asdp",0.0847145320751469
"asdp",0.117626471718039
"asdp",0.0889543549328494
"asdp",0.0922274916744386
"asdp",0.14450280312964
"asdp",0.101848166212158
"asdp",0.0443905188787111
"asdp",0.141958899158861
"asdp",0.135459926414785
"asdp",0.0335265768128645
"asdp",0.138313985136777
"asdp",0.179432134378289
"asdp",0.144921199402992
"asdp",0.0683752851943525
"asdp",0.0569602668036399
"asdp",0.0020373501786171
"asdp",0.00745551280666703
"asdp",0.103529382735597
"asdp",0.16276957149422
"asdp",0.121481625837219
"asdp",0.0945094989133922
"asdp",0.134979893736154
"asdp",0.0351700020859125
"asdp",0.141058940137933
"asdp",0.182019410717986
"asdp",0.0540678420803202
"asdp",0.0433706475687849
"asdp",0.0984689623197209
"asdp",0.00466904342983453
"asdp",0.139345430130925
"asdp",0.0109677271557011
"asdp",0.00819302836188448
"asdp",0.193825904735208
"asdp",0.011776844510936
"asdp",0.00361773045707024
"asdp",0.038962431224622
"asdp",0.0245285503231811
"asdp",0.17659400913551
"asdp",0.102916263390493
"asdp",0.0696420682517611
"asdp",0.0324732742607097
"asdp",0.15309886280146
"asdp",0.000543999594865757
"asdp",0.203036464364645
"asdp",0.172425076434208
"asdp",0.254716693995234
"asdp",0.150743716902599
"asdp",0.0421813223595735
"asdp",0.181421361207589
"asdp",0.19380536705209
"asdp",0.0325961232289299
"asdp",0.0676222640422737
"asdp",0.0130048938740132
"asdp",0.119909713693175
"asdp",0.000603054246811563
"asdp",0.215146016835813
"asdp",0.150888457248382
"asdp",0.0794544143225278
"asdp",0.438259280817532
"asdp",0.217707809711938
"asdp",0.216323535771267
"asdp",0.0755005660159544
"asdp",0.185431356552944
"asdp",0.208740656585733
"asdp",0.0945120961817733
"asdp",0.174330414671707
"asdp",0.0866468493249969
"asdp",0.353406279944213
"asdp",0.279517732287183
"asdp",0.0497078577685865
"asdp",0.143118471584796
"asdp",0.093123101044919
"asdp",0.0142090007872971
"asdp",0.0218692398004783
"asdp",0.233919980914478
"asdp",0.046161872332025
"asdp",0.0749350991935852
"asdp",0.0367833103111092
"asdp",0.192765696824694
"asdp",0.311646557563572
"asdp",0.0158972826131793
"asdp",0.103730640607282
"asdp",0.0332727159935455
"asdp",0.063772743315388
"asdp",0.0841606117730388
"asdp",0.144720176108085
"asdp",0.123396543953333
"asdp",0.198279129399241
"asdp",0.172895147706259
"asdp",0.0453351137688877
"asdp",0.0242704389036484
"asdp",0.140371771114779
"asdp",0.0390591112135267
"asdp",0.142575300793625
"asdp",0.262060525888396
"asdp",0.0465678151020646
"asdp",0.140729113590008
"asdp",0.261750625779589
"asdp",0.0462995330876944
"asdp",0.031024827870508
"asdp",0.0248735479514103
"asdp",0.119540119735286
"asdp",0.0750209183432917
"asdp",0.140541714318913
"asdp",0.140231397606306
"asdp",0.183218095104603
"asdp",0.0676690432195678
"asdp",0.221199552636628
"asdp",0.0286623321830327
"asdp",0.0288537890484232
"asdp",0.104475055823594
"asdp",0.0953741267801579
"asdp",0.241454267328977
"asdp",0.430271049504519
"asdp",0.0893263474505032
"asdp",0.224517958914305
"asdp",0.0237842418386745
"asdp",0.147963459071769
"asdp",0.190046946477703
"asdp",0.308552546431651
"asdp",0.0291681392680121
"asdp",0.0850721683823196
"asdp",0.0498444097611383
"asdp",0.0502275284913458
"asdp",0.032007505593592
"asdp",0.126323957481735
"asdp",0.0321032858911071
"asdp",0.0480407898954803
"asdp",0.142892174319985
"asdp",0.0159825400575109
"asdp",0.13343202140934
"asdp",0.012327980207966
"asdp",0.253518972416688
"asdp",0.0376348317231278
"asdp",0.0428382975603892
"asdp",0.131391165623367
"asdp",0.0213249119563616
"asdp",0.104967354255114
"asdp",0.0438629604251518
"asdp",0.179267261995899
"asdp",0.00406731287222395
"asdp",0.139533704832588
"asdp",0.155299751715013
"asdp",0.0733649454387409
"asdp",0.15152087909047
"asdp",0.0775778583934207
"asdp",0.0595263440773811
"asdp",0.0450270634844987
"asdp",0.0710937758330984
"asdp",0.0037399742180827
"asdp",0.036665497186098
"asdp",0.0454818996217439
"asdp",0.0548667406687557
"asdp",0.028850962104019
"asdp",0.0115410318571433
"asdp",0.0808638594326124
"asdp",0.102545416163839
"asdp",0.0713397833155892
"asdp",0.00717934047894159
"asdp",0.00230542401504619
"asdp",0.0742278342813645
"asdp",0.0437459959970713
"asdp",0.0318730108303751
"asdp",0.0542604126777722
"asdp",0.101374131659095
"asdp",0.142874771536067
"asdp",0.093103737295808
"asdp",0.0227157092461546
"asdp",0.0761611270771253
"asdp",0.0123403367170026
"asdp",0.0277149144835848
"asdp",0.0241013547831886
"asdp",0.0228010492020481
"asdp",0.0182790027096278
"asdp",0.017179339672535
"asdp",0.084756147657617
"asdp",0.0356389486626751
"asdp",0.191272217370443
"asdp",0.170229977182045
"asdp",0.0490377529058717
"asdp",0.00237023082356999
"asdp",0.0360853178165005
"asdp",0.0122868993673187
"asdp",0.0484488670256963
"asdp",0.000743671769793952
"asdp",0.0734490221243649
"asdp",0.0533409718033424
"asdp",0.0685592186269229
"asdp",0.0288726414964075
"asdp",0.270320548567021
"asdp",0.30615471621951
"asdp",0.125125323355731
"asdp",0.0195949442977674
"asdp",0.042577305908536
"asdp",0.0822965101115164
"asdp",0.0173598290546361
"asdp",0.00903294012600331
"asdp",0.0776310959432592
"asdp",0.198806934954439
"asdp",0.0555651674718607
"asdp",0.0170321261852914
"asdp",0.107602997731776
"asdp",0.0337111726150979
"asdp",0.148252566114385
"asdp",0.0291805106500795
"asdp",0.0466676641722935
"asdp",0.0652184119657526
"asdp",0.0338001824972336
"asdp",0.105546438331636
"asdp",0.129883104529019
"asdp",0.0375016225013064
"asdp",0.0367342712096925
"asdp",0.110983289397784
"asdp",0.0719033817351552
"asdp",0.0433997158748327
"asdp",0.146934436088003
"asdp",0.0357614627948396
"asdp",0.089558925248887
"asdp",0.165272544292048
"asdp",0.033440374233244
"asdp",0.00258820308944329
"asdp",0.0344485073917111
"asdp",0.00424892986036096
"asdp",0.0530425596014193
"asdp",0.085305232971315
"asdp",0.0407804573262958
"asdp",0.124177265013444
"asdp",0.101361141797027
"asdp",0.0673608387899304
"asdp",0.169678254541571
"asdp",0.0381543239299057
"asdp",0.0255491182256751
"asdp",0.0521050893819774
"asdp",0.0149919970019642
"asdp",0.058810054523351
"asdp",0.0878645047202084
"asdp",0.0559334484756152
"asdp",0.0915308778215332
"asdp",0.126140474507467
"asdp",0.134179706782377
"asdp",0.0299033661432253
"asdp",0.188822740569446
"asdp",0.0258220117502855
"asdp",0.0817119512513415
"asdp",0.0448114094315088
"asdp",0.0139894322264139
"asdp",0.0399025581200724
"asdp",0.100819017430598
"asdp",0.0759776276937784
"asdp",0.0216088056430776
"asdp",0.061670900462439
"asdp",0.0513692774041256
"asdp",0.0623717269321471
"asdp",0.0232394995635961
"asdp",0.0707271904966721
"asdp",0.157434427955694
"asdp",0.054929828772846
"asdp",0.0550214729965382
"asdp",0.0521482121927645
"asdp",0.142886660511577
"asdp",0.0176213297257602
"asdp",0.0696724622606163
"asdp",0.0892810671684461
"asdp",0.188395962468008
"asdp",0.0638601725418722
"asdp",0.0720831253590971
"asdp",0.0415004760824074
"asdp",0.155453488872763
"asdp",0.0107545586053942
"asdp",0.0428402779298974
"asdp",0.121433491237805
"asdp",0.110560150858283
"asdp",0.0721799076565703
"asdp",0.02559359315436
"asdp",0.0706161703937222
"asdp",0.0578772095828055
"asdp",0.0512010914974889
"asdp",0.0191692908315861
"asdp",0.204177538165851
"asdp",0.00162815243946009
"asdp",0.101125240734905
"asdp",0.00772200968514995
"asdp",0.0325994083473518
"asdp",0.0169956225318115
"asdp",0.152091865945756
"asdp",0.0011384843538
"asdp",0.0269974879524931
"asdp",0.140631188179115
"asdp",0.108284884755353
"asdp",0.0656111858737816
"asdp",0.0979324301680828
"asdp",0.0121998550610322
"asdp",0.196465826054785
"asdp",0.0932796298952213
"asdp",0.0732282180681975
"asdp",0.156885424714806
"asdp",0.000369297674394642
"asdp",0.138375227404867
"asdp",0.0421066034789215
"asdp",0.0161088191381704
"asdp",0.0905920006928773
"asdp",0.0869610028987611
"asdp",0.0734593627025516
"asdp",0.0366682072702137
"asdp",0.0633906625554318
"asdp",0.12959893153025
"asdp",0.149072164199105
"asdp",0.161100658873531
"asdp",0.166069767867208
"asdp",0.0945011616081282
"asdp",0.0261351761419043
"asdp",0.115856795021953
"asdp",0.0966905795091094
"asdp",0.0871379011974222
"asdp",0.0575473965219154
"asdp",0.0622221456337472
"asdp",0.0285687010019777
"asdp",0.239803253810304
"asdp",0.0272975548185513
"asdp",0.0579097118268728
"asdp",0.00921583156569494
"asdp",0.00294877330236749
"asdp",0.0431986011363327
"asdp",0.0406290137522598
"asdp",0.0299861467966977
"asdp",0.118420765601681
"asdp",0.125028477673618
"asdp",0.00408245614426903
"asdp",0.0151263393720987
"asdp",0.16065018361321
"asdp",0.16145410227623
"asdp",0.0884368293133606
"asdp",0.0143959598319577
"asdp",0.0624170022525914
"asdp",0.0788859824863106
"asdp",0.0208443274310951
"asdp",0.114428759772149
"asdp",0.0847181304640749
"asdp",0.119611653366038
"asdp",0.0944198681217122
"asdp",0.0249232920394248
"asdp",0.140876572405866
"asdp",0.227923994928072
"asdp",0.0255374440760819
"asdp",0.0112906365432515
"asdp",0.117302304335774
"asdp",0.0775149231287797
"asdp",0.227532284020563
"asdp",0.0862286185467541
"asdp",0.171270725271909
"asdp",0.122837191061572
"asdp",0.0744670023105799
"asdp",0.0669122610662184
"asdp",0.139061385977366
"asdp",0.09188842013794
"asdp",0.0196989559602638
"asdp",0.104022894230644
"asdp",0.0777954863625445
"asdp",0.0912772639967094
"asdp",0.0859414911793513
"asdp",0.0455722127169285
"asdp",0.0589142920407964
"asdp",0.15225246310313
"asdp",0.00838098183159303
"asdp",0.115122025946932
"asdp",0.196530496505149
"asdp",0.0441040947953824
"asdp",0.0185870809251535
"asdp",0.197352762330623
"asdp",0.197784969126344
"asdp",0.102227522554088
"asdp",0.035144752710667
"asdp",0.117241565506878
"asdp",0.166312554011291
"asdp",0.0484183592613995
"asdp",0.0164331949444162
"asdp",0.000627195522708311
"asdp",0.133843802161435
"asdp",0.0168136686996713
"asdp",0.171547240645178
"asdp",0.0627526221042372
"asdp",0.124853939519272
"asdp",0.0558342613887014
"asdp",0.0333979028734106
"asdp",0.168536216971934
"asdp",0.00473667317951507
"asdp",0.0913824248378071
"asdp",0.2010895960732
"asdp",0.0754979662994394
"asdp",0.122750717824944
"asdp",0.0446913793616953
"asdp",0.104882049042617
"asdp",0.206086604584968
"asdp",0.181466831627393
"asdp",0.0394461520697955
"asdp",0.0812970381316057
"asdp",0.187786470947352
"asdp",0.114713424994553
"asdp",0.073282479822141
"asdp",0.0253941717525685
"asdp",0.19088386129271
"asdp",0.0451886870498877
"asdp",0.11957017284893
"asdp",0.032405558735468
"asdp",0.0258271491228237
"asdp",0.0690242008903658
"asdp",0.107596869275283
"asdp",0.0972865657505357
"asdp",0.0103773412814063
"asdp",0.0262162681585642
"asdp",0.167895918107494
"asdp",0.010901922411172
"asdp",0.00440394457011178
"asdp",0.0853420679812906
"asdp",0.190415106596119
"asdp",0.0169156290597734
"asdp",0.176305096488047
"asdp",0.0384073125658316
"asdp",0.141862699693482
"asdp",0.0136822221664919
"asdp",0.120169717004467
"asdp",0.101171562883563
"asdp",0.147853761668688
"asdp",0.102969633198505
"asdp",0.0481725268340234
"asdp",0.293076584740046
"asdp",0.222084785436079
"asdp",0.0263029237777891
"asdp",0.056196276440752
"asdp",0.264101207760536
"asdp",0.102676549595011
"asdp",0.031931564347883
"asdp",0.13732277675855
"asdp",0.105394873796401
"asdp",0.0344374486384445
"asdp",0.035131323413643
"asdp",0.0365205641155968
"asdp",0.110539744281901
"asdp",0.260502571366137
"asdp",0.31875084491708
"asdp",0.263586208157023
"asdp",0.137556651090036
"asdp",0.00384569943685148
"asdp",0.17962235169696
"asdp",0.283499189631613
"asdp",0.0970309885239394
"asdp",0.305240693297558
"asdp",0.0918662913778498
"asdp",0.218641864931742
"asdp",0.188290617060306
"asdp",0.153952291554277
"asdp",0.125864395470706
"asdp",0.0313399511861883
"asdp",0.441407673369223
"asdp",0.13133058312939
"asdp",0.106478889662095
"asdp",0.123687268951353
"asdp",0.304584513012104
"asdp",0.214316623182164
"asdp",0.160900180752148
"asdp",0.281379095562272
"asdp",0.0592043778872417
"asdp",0.350780850181234
"asdp",0.363191465860515
"asdp",0.0411980705483905
"asdp",0.130399933069865
"asdp",0.237934175696025
"asdp",0.159697142493878
"asdp",0.0864400136470836
"asdp",0.18393879330055
"asdp",0.0363206437012081
"asdp",0.0145839096018687
"asdp",0.183947764608824
"asdp",0.451768263645379
"asdp",0.155097613649052
"asdp",0.0843614183724777
"asdp",0.0121934237074206
"asdp",0.00397067248609974
"asdp",0.156306965715423
"asdp",0.00707031470911038
"asdp",0.00176880366507887
"asdp",0.197453297628671
"asdp",0.00516312459369989
"asdp",0.18580835141375
"asdp",0.109830538962527
"asdp",0.193047423104423
"asdp",0.287232720282769
"asdp",0.108390141087993
"asdp",0.107383887450752
"asdp",0.26582342382751
"asdp",0.129629422580927
"asdp",0.0335951493883003
"asdp",0.182450150529961
"asdp",0.0948031857267003
"asdp",0.323552762367418
"asdp",0.221679289120964
"asdp",0.341002178126422
"asdp",0.110655136430082
"asdp",0.130789518697643
"asdp",0.103606943340356
"asdp",0.275036886084358
"asdp",0.0653149346526276
"asdp",0.331711190094111
"asdp",0.0746400169361369
"asdp",0.10037131090023
"asdp",0.0738087248468438
"asdp",0.0603813695152883
"asdp",0.0661106921529711
"asdp",0.514519849017867
"asdp",0.0556380193719937
"asdp",0.443864279202932
"asdp",0.20136508337895
"asdp",0.258644671753021
"asdp",0.388915273482779
"asdp",0.279267725277828
"asdp",0.357843014395104
"asdp",0.210786742606164
"asdp",0.0335601354311388
"asdp",0.103735816353528
"asdp",0.173673535868829
"asdp",0.0616515697216835
"asdp",0.00369790656965296
"asdp",0.139723025865726
"asdp",0.338964366176521
"asdp",0.000619662250662734
"asdp",0.0567153422091814
"asdp",0.111776105488943
"asdp",0.0676351223163575
"asdp",0.129041720099212
"asdp",0.0363099239502005
"asdp",0.0355860602057895
"asdp",0.231873517386963
"asdp",0.0313313163841149
"asdp",0.197527157712013
"asdp",0.0660079094260062
"asdp",0.046639792581284
"asdp",0.0621406749112604
"asdp",0.215787425721189
"asdp",0.0100401358331883
"asdp",0.053994658194076
"asdp",0.120798829115094
"asdp",0.131109160799364
"asdp",0.0103308860562634
"asdp",0.211874683546104
"asdp",0.0412548240226491
"asdp",0.172717645475546
"asdp",0.0681000277449413
"asdp",0.0233347414228132
"asdp",0.171936554529099
"asdp",0.0914203628868976
"asdp",0.0558807306952831
"asdp",0.173724566915604
"asdp",0.103218583354798
"asdp",0.201027389528403
"asdp",0.0315562969714845
"asdp",0.0314335653023322
"asdp",0.0627976621936916
"asdp",0.0501141128333249
"asdp",0.0949578655773067
"asdp",0.00339349820769594
"asdp",0.253576791246724
"asdp",0.139599486731331
"asdp",0.00204676156768324
"asdp",0.161428372326378
"asdp",0.0832777220655757
"asdp",0.118149165070793
"asdp",0.0647856498373764
"asdp",0.126272628288622
"asdp",0.0400904198012069
"asdp",0.0234506814313388
"asdp",0.0691880415685798
"asdp",0.142176489562711
"asdp",0.124526482096791
"asdp",0.0277477778199213
"asdp",0.00971048914563075
"asdp",0.0671829059614095
"asdp",0.304116688136518
"asdp",0.268300821639034
"asdp",0.175764165898315
"asdp",0.00970289907180656
"asdp",0.0799197156370632
"asdp",0.0392751854981583
"asdp",0.00276302716006091
"asdp",0.122888060573459
"asdp",0.0085909794563124
"asdp",0.250932524595855
"asdp",0.0182934717364542
"asdp",0.0180272920175371
"asdp",0.0669327181640216
"asdp",0.252920717522903
"asdp",0.421826885937757
"asdp",0.144839614817072
"asdp",0.225563627654955
"asdp",0.163250436496878
"asdp",0.0199837416071025
"asdp",0.097693355111065
"asdp",0.13474149250499
"asdp",0.158989588334635
"asdp",0.0245732021058511
"asdp",0.124797133867888
"asdp",0.0645806666459461
"asdp",0.300447583803244
"asdp",0.17938500584021
"asdp",0.0782826294016703
"asdp",0.236983859731005
"asdp",0.268804877873714
"asdp",0.395984682546718
"asdp",0.152032472699738
"asdp",0.245857075191725
"asdp",0.224757863486943
"asdp",0.141053534621349
"asdp",0.385488468628659
"asdp",0.115637858811628
"asdp",0.363104450709676
"asdp",0.18728647444207
"asdp",0.385210200476376
"asdp",0.319646014557451
"asdp",0.0632034418033815
"asdp",0.384145222378187
"asdp",0.175990673274499
"asdp",0.0628240761547265
"asdp",0.036988863092699
"asdp",0.344170091032803
"asdp",0.246896158650974
"asdp",0.407631582035033
"asdp",0.246208176273434
"asdp",0.235049260019579
"asdp",0.371229501312527
"asdp",0.188728361166955
"asdp",0.22554763158732
"asdp",0.252513792087407
"asdp",0.195483377094266
"asdp",0.139891132481143
"asdp",0.0867448495814838
"asdp",0.0763885943749183
"asdp",0.10530507591115
"asdp",0.191703176737729
"asdp",0.136254151235702
"asdp",0.128825827253611
"asdp",0.0384122183192692
"asdp",0.00759240499330047
"asdp",0.0563436525243752
"asdp",0.0102975200245575
"asdp",0.0972330755192129
"asdp",0.191702447568431
"asdp",0.158004942021807
"asdp",0.179285245295842
"asdp",0.169510250963607
"asdp",0.256981209127572
"asdp",0.0407771550550038
"asdp",0.375237705869087
"asdp",0.278224214249603
"asdp",0.145199546783707
"asdp",0.165589719807236
"asdp",0.362193484934856
"asdp",0.084222299561909
"asdp",0.175080985391087
"asdp",0.361371571785278
"asdp",0.131664236361989
"asdp",0.366217053002694
"asdp",0.156399604500756
"asdp",0.278534785437083
"asdp",0.0416481284602199
"asdp",0.0429241992798329
"asdp",0.186456694674786
"asdp",0.189437612043532
"asdp",0.182168321377354
"asdp",0.245775605968869
"asdp",0.0925352352375404
"asdp",0.171272141108276
"asdp",0.167130948899762
"asdp",0.239011678952155
"asdp",0.240790669390775
"asdp",0.404317656874279
"asdp",0.0382734448058953
"asdp",0.161010534121935
"asdp",0.249357195219179
"asdp",0.148503306476259
"asdp",0.41870865464595
"asdp",0.309927934972802
"asdp",0.269435417705407
"asdp",0.193488423349415
"asdp",0.0484163468073817
"asdp",0.119528345244557
"asdp",0.00995340364507311
"asdp",0.283192581877934
"asdp",0.117049137290844
"asdp",0.149633611116842
"asdp",0.110674326552741
"asdp",0.220655562325883
"asdp",0.0384471679416105
"asdp",0.127113851435405
"asdp",0.35063030147594
"asdp",0.00792924226956979
"asdp",0.326384414514987
"asdp",0.34323326168959
"asdp",0.186708508124201
"asdp",0.126258041620837
"asdp",0.0753863679521538
"asdp",0.430686696258186
"asdp",0.499565678718802
"asdp",0.0351275124030234
"asdp",0.234691048891539
"asdp",0.287226826366808
"asdp",0.0435346678476553
"asdp",0.116493789170781
"asdp",0.259269439106845
"asdp",0.111814702689626
"asdp",0.653252984798346
"asdp",0.509965840225447
"asdp",0.36139194821312
"asdp",0.449367433292908
"asdp",0.28297591744121
"asdp",0.0179482641965714
"asdp",0.0462004373676234
"asdp",0.302972838588597
"asdp",0.171430300355079
"asdp",0.152095506321444
"asdp",0.0886058297831176
"asdp",0.0660012499890144
"asdp",0.226958747196787
"asdp",0.117513433641466
"asdp",0.0641305374525813
"asdp",0.275927377926406
"asdp",0.0764857496808312
"asdp",0.321614935483781
"asdp",0.00160032197831862
"asdp",0.150704792785829
"asdp",0.223807394207148
"asdp",0.0952616682718757
"asdp",0.0315999708027162
"asdp",0.164636311175539
"asdp",0.143133176258997
"asdp",0.0603509645828544
"asdp",0.375920993095109
"asdp",0.388704287978738
"asdp",0.186250018407305
"asdp",0.24780499802056
"asdp",0.199351745327879
"asdp",0.00680292543979143
"asdp",0.107013407333875
"asdp",0.264008377664738
"asdp",0.0721929710388126
"asdp",0.278156252191995
"asdp",0.0700136877435034
"asdp",0.319033201394198
"asdp",0.0473329079850507
"asdp",0.0918813361075237
"asdp",0.254399320600641
"asdp",0.324216583211856
"asdp",0.200592205392934
"asdp",0.24047424257958
"asdp",0.143169727805806
"asdp",0.0294818982857731
"asdp",0.108525149943271
"asdp",0.190685377094348
"asdp",0.506085515561526
"asdp",0.226484226506785
"asdp",0.0333444679376247
"asdp",0.110656732256025
"asdp",0.35678027957323
"asdp",0.0860620947790077
"asdp",0.128841346544992
"asdp",0.133872048122479
"asdp",0.312284986688436
"asdp",0.185415499926077
"asdp",0.0604286322885073
"asdp",0.0405924254078722
"asdp",0.0436130903001049
"asdp",0.242873636654753
"asdp",0.0263901200022654
"asdp",0.50947774455838
"asdp",0.0285581295113276
"asdp",0.24089621735342
"asdp",0.207735120858145
"asdp",0.133151887881842
"asdp",0.13605933286523
"asdp",0.0905026792233409
"asdp",0.00567700388652301
"asdp",0.0447116795804482
"asdp",0.281704269304688
"asdp",0.141239946637238
"asdp",0.142393912514445
"asdp",0.37944467989072
"asdp",0.00126847290960866
"asdp",0.0500584336508761
"asdp",0.124740590736913
"asdp",0.218201632387097
"asdp",0.258637203101147
"asdp",0.128551598315626
"asdp",0.180181865592334
"asdp",0.0298723853642905
"asdp",0.136411131007115
"asdp",0.218870501205469
"asdp",0.180383791481409
"asdp",0.0313601006473494
"asdp",0.0917034074729645
"asdp",0.0306213780206008
"asdp",0.0632332376119756
"asdp",0.077683618918022
"asdp",0.0217267793788372
"asdp",0.0746989763216581
"asdp",0.137723140370288
"asdp",0.10229880801937
"asdp",0.206549402982817
"asdp",0.334700436181462
"asdp",0.289159374256685
"asdp",0.0191431646542156
"asdp",0.0353218717177679
"asdp",0.200896071623245
"asdp",0.0336027734549914
"asdp",0.0712596124220632
"asdp",0.23589344692772
"asdp",0.171444274537456
"asdp",0.0184357609904784
"asdp",0.315242277600638
"asdp",0.0935509391436686
"asdp",0.0788375839915475
"asdp",0.203713352430672
"asdp",0.126717815654245
"asdp",0.111989819263237
"asdp",0.107483018333055
"asdp",0.0301506577312081
"asdp",0.190254521441741
"asdp",0.00765280446052112
"asdp",0.0237324700574655
"asdp",0.204394100106352
"asdp",0.219814896290158
"asdp",0.149412591709433
"asdp",0.329500888091689
"asdp",0.0559313701169418
"asdp",0.242407518471278
"asdp",0.0651385811524919
"asdp",0.0890721929479057
"asdp",0.156038153219806
"asdp",0.152340431041159
"asdp",0.183854365651658
"asdp",0.155630360560258
"asdp",0.0242133475036932
"asdp",0.115593124895473
"asdp",0.136918823494426
"asdp",0.0467269355618683
"asdp",0.0794330516663853
"asdp",0.331366855483495
"asdp",0.0175695150433884
"asdp",0.0383590388318411
"asdp",0.0611037718857055
"asdp",0.174972986278864
"asdp",0.133470892072317
"asdp",0.0537947451023238
"asdp",0.097330270415497
"asdp",0.0725395820472507
"asdp",0.226751661460396
"asdp",0.119805346196746
"asdp",0.20021586304129
"asdp",0.142560823382263
"asdp",0.223885038849433
"asdp",0.098798458606521
"asdp",0.0329879831214779
"asdp",0.107175363946047
"asdp",0.363004265628899
"asdp",0.20180169324307
"asdp",0.132918576356891
"asdp",0.370163141655622
"asdp",0.0410649909670011
"asdp",0.279454476178177
"asdp",0.394662338248271
"asdp",0.248202391787041
"asdp",0.468557222640173
"asdp",0.217297011174103
"asdp",0.397055765374467
"asdp",0.190237264996173
"asdp",0.0353408471832082
"asdp",0.201397627515855
"asdp",0.145123230166784
"asdp",0.0508256269593209
"asdp",0.125404015209741
"asdp",0.252958635625021
"asdp",0.0247308095750274
"asdp",0.266162826036087
"asdp",0.242528642335476
"asdp",0.30609402614816
"asdp",0.37378951333633
"asdp",0.38021002727442
"asdp",0.00874722271425629
"asdp",0.0327972271523062
"asdp",0.410194554899377
"asdp",0.167415275195005
"asdp",0.101195512169844
"asdp",0.120617774075511
"asdp",0.102714845692423
"asdp",0.203288320646682
"asdp",0.271281104291592
"asdp",0.17909517409234
"asdp",0.143927388894588
"asdp",0.111382666247467
"asdp",0.109002656104999
"asdp",0.148821943499823
"asdp",0.117661346027836
"asdp",0.130961683713712
"asdp",0.181760369035998
"asdp",0.237423351595865
"asdp",0.293913486482094
"asdp",0.374281533970169
"asdp",0.116708636697796
"asdp",0.346882252566229
"asdp",0.291306263245061
"asdp",0.110712668165511
"asdp",0.171076102845121
"asdp",0.25427477091684
"asdp",0.0822100371579163
"asdp",0.208826639996025
"asdp",0.183720091323178
"asdp",0.184784443582571
"asdp",0.23903318956854
"asdp",0.100280935250595
"asdp",0.199047222403564
"asdp",0.0152688112658121
"asdp",0.210511049611694
"asdp",0.218113840421059
"asdp",0.145606471286638
"asdp",0.194895751721223
"asdp",0.17285617362266
"asdp",0.189847015742614
"asdp",0.0364955143214525
"asdp",0.0930585904989502
"asdp",0.169934403086291
"asdp",0.407834219671321
"asdp",0.462851823462122
"asdp",0.0978520445150259
"asdp",0.255689750980916
"asdp",0.407110407992752
"asdp",0.0654896342113113
"asdp",0.230848434843913
"asdp",0.105213513611075
"asdp",0.269507072745415
"asdp",0.239142574784766
"asdp",0.124984642290706
"asdp",0.139673498113123
"asdp",0.192256394334865
"asdp",0.417359769307515
"asdp",0.137996715581411
"asdp",0.287948100592127
"asdp",0.328237975320765
"asdp",0.0407213603718056
"asdp",0.126353174224958
"asdp",0.146963669264878
"asdp",0.29250272910303
"asdp",0.167412375753192
"asdp",0.168373271319276
"asdp",0.390578456614292
"asdp",0.141384940904382
"asdp",0.237145289983157
"asdp",0.399067388396922
"asdp",0.173620650571015
"asdp",0.352615047366793
"asdp",0.19665153101752
"asdp",0.569236077957804
"asdp",0.25808750484612
"asdp",0.0898818571170992
"asdp",0.332837104738551
"asdp",0.190073588810609
"asdp",0.146191111277096
"asdp",0.123967460828704
"asdp",0.155854472750571
"asdp",0.14940009601246
"asdp",0.218404367429515
"asdp",0.268013135363041
"asdp",0.289015824137213
"asdp",0.353692027855374
"asdp",0.27255263578913
"asdp",0.0416883382639895
"asdp",0.014469891058729
"asdp",0.10936928174991
"asdp",0.25532973176085
"asdp",0.0666895912821839
"asdp",0.111867442258098
"asdp",0.0483102827667935
"asdp",0.129750975872383
"asdp",0.215465187512521
"asdp",0.0661664583175901
"asdp",0.0136793073401671
"asdp",0.0721294986128058
"asdp",0.149295757809645
"asdp",0.03280444722504
"asdp",0.135704782280183
"asdp",0.0375372218908369
"asdp",0.127462065467124
"asdp",0.0565472176918344
"asdp",0.090577245107772
"asdp",0.0579177592359269
"asdp",0.120520659850859
"asdp",0.385237382047719
"asdp",0.238072734507745
"asdp",0.142155504977564
"asdp",0.176442130331818
"asdp",0.184980636230386
"asdp",0.0846156845516547
"asdp",0.00757137446517433
"asdp",0.38939713779779
"asdp",0.209281546324156
"asdp",0.271640815073267
"asdp",0.12666126452646
"asdp",0.0265580181235247
"asdp",0.179079929258674
"asdp",0.160650415955631
"asdp",0.0666181537829195
"asdp",0.0702384621595678
"asdp",0.0764581573749863
"asdp",0.244808335047272
"asdp",0.0872570597854366
"asdp",0.114490024135236
"asdp",0.0530323282154909
"asdp",0.241289987209698
"asdp",0.262791188478889
"asdp",0.07683002081903
"asdp",0.00530634394583693
"asdp",0.0914640530499775
"asdp",0.40287868331338
"asdp",0.0616887295529955
"asdp",0.183354904226063
"asdp",0.248603534483756
"asdp",0.197933724870994
"asdp",0.352704605676138
"asdp",0.0523868128377616
"asdp",0.205355616823155
"asdp",0.000293433716482466
"asdp",0.235084153546764
"asdp",0.0387312703689715
"asdp",0.480963757270232
"asdp",0.342084868070639
"asdp",0.0033153185150773
"asdp",0.386878152289018
"asdp",0.0277985716747044
"asdp",0.10829199991016
"asdp",0.176396045394073
"asdp",0.12283605281212
"asdp",0.21053059764831
"asdp",0.132346306276352
"asdp",0.123834003064011
"asdp",0.0949325634836157
"asdp",0.107081619928272
"asdp",0.0426839566772872
"asdp",0.0498020096553655
"asdp",0.1637330321468
"asdp",0.00900273117366349
"asdp",0.0747224934048032
"asdp",0.118877201460982
"asdp",0.0901171826045561
"asdp",0.0762348597435538
"asdp",0.0635290079036984
"asdp",0.121587895666783
"asdp",0.190993470303522
"asdp",5.55053141210182e-05
"asdp",0.127760350292758
"asdp",0.130268394112559
"asdp",0.0079227184482271
"asdp",0.111252730127667
"asdp",0.0334907369003699
"asdp",0.0672690906660024
"asdp",0.0719293837476387
"asdp",0.0630135283353217
"asdp",0.0544503949939627
"asdp",0.0693311592768769
"asdp",0.187891690305903
"asdp",0.0947897822612139
"asdp",0.0403325486098239
"asdp",0.120717931058704
"asdp",0.0863354126310523
"asdp",0.00882541682417277
"asdp",0.137072637404521
"asdp",0.0120211948398494
"asdp",0.0473192461003392
"asdp",0.141410139277466
"asdp",0.0592517928758177
"asdp",0.109147290366458
"asdp",0.108440714901727
"asdp",0.0689165906556939
"asdp",0.089594434592838
"asdp",0.181957711657063
"asdp",0.0739933626655477
"asdp",0.0215035947469305
"asdp",0.146461228459612
"asdp",0.109642294457593
"asdp",0.054178641304435
"asdp",0.012730085157408
"asdp",0.0686333947002426
"asdp",0.0942717656349439
"asdp",0.0360557336567092
"asdp",0.127127060570835
"asdp",0.237267040314113
"asdp",0.180000740411577
"asdp",0.0085048606940248
"asdp",0.0695271312851982
"asdp",0.0891264803048928
"asdp",0.00111275538840469
"asdp",0.164347574731879
"asdp",0.0975223349658343
"asdp",0.19270065206841
"asdp",0.166024713481619
"asdp",0.0559724575790166
"asdp",0.0898588290921017
"asdp",0.125353772591441
"asdp",0.0361104164686066
"asdp",0.230790516410178
"asdp",0.108495496457167
"asdp",0.00598298128885502
"asdp",0.0620813852193775
"asdp",0.0975529341800358
"asdp",0.0553493441375908
"asdp",0.0987773647545101
"asdp",0.106726122391741
"asdp",0.130301904044801
"asdp",0.138961558338107
"asdp",0.107847064935558
"asdp",0.0253668737943244
"asdp",0.186237659132947
"asdp",0.0856109783980546
"asdp",0.0112248651383624
"asdp",0.110462861819691
"asdp",0.0273609931821705
"asdp",0.0281790530778673
"asdp",0.171271301061991
"asdp",0.000765472275862711
"asdp",0.0884518071820564
"asdp",0.07177617450454
"asdp",0.0442328167469341
"asdp",0.00370918372916569
"asdp",0.0544908190348682
"asdp",0.151932740006457
"asdp",0.172315014677384
"asdp",0.0826356585831375
"asdp",0.195172682603401
"asdp",0.118086780355519
"asdp",0.0642197121630854
"asdp",0.0506239563405528
"asdp",0.186637547737248
"asdp",0.127208714947159
"asdp",0.0730598920987055
"asdp",0.0413804573685871
"asdp",0.0202941914954006
"asdp",0.25577369549796
"asdp",0.0880550204622932
"asdp",0.198421159847746
"asdp",0.0703582787038116
"asdp",0.0764558195282851
"asdp",0.0272939404348325
"asdp",0.253911123682487
"asdp",0.0461691565976772
"asdp",0.0405024277762145
"asdp",0.0564927705062429
"asdp",0.0629984075507287
"asdp",0.0251945312781117
"asdp",0.16938496093784
"asdp",0.0277377754740109
"asdp",0.0668307731197624
"asdp",0.112110214996986
"asdp",0.148177841579539
"asdp",0.0568977062784265
"asdp",0.0293147771883506
"asdp",0.0846015935310115
"asdp",0.121857905299118
"asdp",0.0505756336664332
"asdp",0.0703311324544083
"asdp",0.0847125598538054
"asdp",0.092038477430848
"asdp",0.0720583718983058
"asdp",0.240553600456595
"asdp",0.0896303961101081
"asdp",0.0582308614663432
"asdp",0.175012715561391
"asdp",0.00988705806526921
"asdp",0.0721596071907115
"asdp",0.0566932021077522
"asdp",0.109895805986931
"asdp",0.137231186418631
"asdp",0.0436468830434871
"asdp",0.0519488836830004
"asdp",0.0760333821690265
"asdp",0.18316478196343
"asdp",0.233161504627492
"asdp",0.0840781388491363
"asdp",0.108293121626955
"asdp",0.193110521666585
"asdp",0.162299479613168
"asdp",0.12554978666059
"asdp",0.0727260557088656
"asdp",0.027267675410202
"asdp",0.0635073771820589
"asdp",0.0682331656141497
"asdp",0.0379046816437232
"asdp",0.121080586240771
"asdp",0.0949381005132116
"asdp",0.0807242673122926
"asdp",0.225887974614544
"asdp",0.172088908334955
"asdp",0.0443634738200012
"asdp",0.0603409392651967
"asdp",0.059257012917603
"asdp",0.203647518813592
"asdp",0.027514627986759
"asdp",0.0888012750971229
"asdp",0.00894392876783189
"asdp",0.210351299469002
"asdp",0.282110394490244
"asdp",0.0352353836995614
"asdp",0.223405806782922
"asdp",0.109819060214463
"asdp",0.19618769339933
"asdp",0.00747355650682791
"asdp",0.0799540578598512
"asdp",0.053745753021907
"asdp",0.110484323339319
"asdp",0.0062903684291768
"asdp",0.0377638556374598
"asdp",0.0754080633804851
"asdp",0.0488053974375137
"asdp",0.0498699852225556
"asdp",0.066747442255061
"asdp",0.0614150994659203
"asdp",0.0846012238667284
"asdp",0.0476366483590005
"asdp",0.131520652820815
"asdp",0.017649765448905
"asdp",0.140861333942136
"asdp",0.0971765638761257
"asdp",0.0677239747858981
"asdp",0.00263167953317352
"asdp",0.0154497275884476
"asdp",0.0123140604756702
"asdp",0.0508525258370052
"asdp",0.258996794973928
"asdp",0.00673725489300783
"asdp",0.164354806743669
"asdp",0.192714333840826
"asdp",0.0806015270738819
"asdp",0.0566206984424309
"asdp",0.0927311096441038
"asdp",0.113209739284491
"asdp",0.0144678969700825
"asdp",0.077232873758133
"asdp",0.0351619241532345
"asdp",0.0550491327463344
"asdp",0.0538324892821538
"asdp",0.031546585543533
"asdp",0.141613718465501
"asdp",0.0156698434480157
"asdp",0.0750636676231481
"asdp",0.0169522314273592
"asdp",0.0162689658474882
"asdp",0.0161063760521692
"asdp",0.0563354612074128
"asdp",0.115890756791966
"asdp",0.0868071378216822
"asdp",0.099953623157147
"asdp",0.0714571457059758
"asdp",0.056074517044701
"asdp",0.186803343856212
"asdp",0.00132421968087644
"asdp",0.11799117436903
"asdp",0.133206581143622
"asdp",0.071635547940859
"asdp",0.0546125483288163
"asdp",0.0316305638100072
"asdp",0.119116943957274
"asdp",0.037573046269534
"asdp",0.0466598920304862
"asdp",0.105803848445144
"asdp",0.0035073000688474
"asdp",0.152582548339038
"asdp",0.158077617137749
"asdp",0.0426573364745943
"asdp",0.0365886392127658
"asdp",0.0126796929798852
"asdp",0.0861406857233039
"asdp",0.0843227268103378
"asdp",0.0507079778222035
"asdp",0.077261131217655
"asdp",0.015163409962216
"asdp",0.0790477636396524
"asdp",0.0476349613152322
"asdp",0.222137807627899
"asdp",0.212512384334757
"asdp",0.109311580191239
"asdp",0.0186523520622865
"asdp",0.0606807924759046
"asdp",0.0180478002124384
"asdp",0.0292563577169246
"asdp",0.00722659744283954
"asdp",0.0510920756524817
"asdp",0.0397830633327399
"asdp",0.0961808995487413
"asdp",0.243971432110286
"asdp",0.0693607652240914
"asdp",0.133034199712604
"asdp",0.0411118276205663
"asdp",0.144528484034368
"asdp",0.179571680376511
"asdp",0.0841302003088654
"asdp",0.225873769306093
"asdp",0.21251275735241
"asdp",0.179817216985683
"asdp",0.0491496873698953
"asdp",0.0108398374412176
"asdp",0.094753346351814
"asdp",0.0160198987346369
"asdp",0.144743608465809
"asdp",0.125591649117901
"asdp",0.0335373231331934
"asdp",0.145008282673431
"asdp",0.0408371722000974
"asdp",0.0056589040115077
"asdp",0.00549657589206551
"asdp",0.0438781787456491
"asdp",0.0863199521909934
"asdp",0.176905956278419
"asdp",0.109115511577108
"asdp",0.163129140360632
"asdp",0.00930839646708086
"asdp",0.0802358258202119
"asdp",0.173799405673558
"asdp",0.0553201002425408
"asdp",0.244286523981745
"asdp",0.141723978904091
"asdp",0.17624824588543
"asdp",0.180900507850286
"asdp",0.010187918156279
"asdp",0.0255936164140337
"asdp",0.0602479447511333
"asdp",0.0586668878188814
"asdp",0.067061857085143
"asdp",0.0482215379888926
"asdp",0.0402500513716867
"asdp",0.0586308067545266
"asdp",0.0911840880738786
"asdp",0.0669581027326437
"asdp",0.00912631908861483
"asdp",0.0623361676084923
"asdp",0.0112082137560709
"asdp",0.130038668052989
"asdp",0.0278068055712864
"asdp",0.039654272740053
"asdp",0.0145928498588733
"asdp",0.172358185654523
"asdp",0.230693618655001
"asdp",0.0468942402614617
"asdp",0.20844388518554
"asdp",0.00641753411987792
"asdp",0.0134233273635811
"asdp",0.154069480598154
"asdp",0.0518117645840477
"asdp",0.130637031115835
"asdp",0.13103858598051
"asdp",0.081954672956071
"asdp",0.00656949248625383
"asdp",0.0476198044039803
"asdp",0.014133662760435
"asdp",0.099158051031803
"asdp",0.00613321624880556
"asdp",0.117213801357772
"asdp",0.22481938841188
"asdp",0.0888336757099827
"asdp",0.12546721012503
"asdp",0.111283460272347
"asdp",0.0566651427921912
"asdp",0.0503372389998441
"asdp",0.0599398408232124
"asdp",0.0139675265263689
"asdp",0.111029734608286
"asdp",0.0547733913525118
"asdp",0.0219432950916034
"asdp",0.00638817170492126
"asdp",0.314835224521926
"asdp",0.0815231416113744
"asdp",0.166944349831164
"asdp",0.0112976447114612
"asdp",0.157273611019777
"asdp",0.00893233456371846
"asdp",0.0155166754136947
"asdp",0.140214275297907
"asdp",0.0603356142094768
"asdp",0.0501995674169065
"asdp",0.129373184237169
"asdp",0.0353600115086542
"asdp",0.105475925858662
"asdp",0.070901498587115
"asdp",0.0733720085544658
"asdp",0.0398532807282606
"asdp",0.101547394078434
"asdp",0.360013946757085
"asdp",0.289759255057729
"asdp",0.175670273807682
"asdp",0.193493623040014
"asdp",0.170200870867091
"asdp",0.0143759742668451
"asdp",0.0270776007027377
"asdp",0.101662195046071
"asdp",0.188525774212371
"asdp",0.10791869571269
"asdp",0.293836973580878
"asdp",0.164688885736169
"asdp",0.0534603605586362
"asdp",0.0795592175678244
"asdp",0.203199624479906
"asdp",0.0667513137743349
"asdp",0.0449646541596762
"asdp",0.166410525367865
"asdp",0.11232134312514
"asdp",0.173659321969978
"asdp",0.232914530315876
"asdp",0.136569808284126
"asdp",0.0321230770136747
"asdp",0.148219717396427
"asdp",0.115645585533344
"asdp",0.51483104622841
"asdp",0.0817734857080602
"asdp",0.189831178578396
"asdp",0.309300995668237
"asdp",0.131052531512193
"asdp",0.25552130865364
"asdp",0.0591963138605155
"asdp",0.224470128999517
"asdp",0.0383446972581227
"asdp",0.0730624204389083
"asdp",0.00656730753134623
"asdp",0.0138419065042868
"asdp",0.28689573582846
"asdp",0.136109729052945
"asdp",0.0731976859610731
"asdp",0.127809325901891
"asdp",0.0374319920732002
"asdp",0.0489493974004035
"asdp",0.131940893230935
"asdp",0.142548371848752
"asdp",0.0529424243535387
"asdp",0.157782465887173
"asdp",0.21011905328915
"asdp",0.124420811957223
"asdp",0.193999244229041
"asdp",0.129003724740858
"asdp",0.00795473370304128
"asdp",0.284048205591507
"asdp",0.351758122475416
"asdp",0.169489556977585
"asdp",0.146258801033747
"asdp",0.0441850522295012
"asdp",0.0378893845543543
"asdp",0.0145657577419421
"asdp",0.0551859086278143
"asdp",0.0855096437341262
"asdp",0.0709009453189226
"asdp",0.145185562642183
"asdp",0.304699590945817
"asdp",0.200765154803908
"asdp",0.0757288171996578
"asdp",0.119984389699504
"asdp",0.0137620331715465
"asdp",0.0484024517562715
"asdp",0.0555734621379166
"asdp",0.02368808753205
"asdp",0.369032681019823
"asdp",0.162560266575597
"asdp",0.0727054570746182
"asdp",0.106052756522418
"asdp",0.252038318259749
"asdp",0.0337986497890918
"asdp",0.235411610033291
"asdp",0.0144264936757869
"asdp",0.0758124955460877
"asdp",0.0501769489429017
"asdp",0.00409244827971883
"asdp",0.0652460339865238
"asdp",0.0358166010511484
"asdp",0.17412746492343
"asdp",0.0442079753551552
"asdp",0.119387745250042
"asdp",0.154354200514712
"asdp",0.0569328510607656
"asdp",0.240695865872998
"asdp",0.1207575079279
"asdp",0.0539425910643062
"asdp",0.274242821875346
"asdp",0.047158476979127
"asdp",0.13983974757465
"asdp",0.2417719676595
"asdp",0.0275736541878556
"asdp",0.0501848724620272
"asdp",0.280015237908903
"asdp",0.0289851144969311
"asdp",0.0571738832463801
"asdp",0.0476492238358579
"asdp",0.137130236944412
"asdp",0.142541849396428
"asdp",0.0115378179190427
"asdp",0.0246340812634939
"asdp",0.0720061112319016
"asdp",0.300315173558777
"asdp",0.0260810160125862
"asdp",0.168307743993283
"asdp",0.0600722525801017
"asdp",0.213182249908718
"asdp",0.205814564357333
"asdp",0.0635255961433582
"asdp",0.115222733538251
"asdp",0.0146035199868639
"asdp",0.0558518857206633
"asdp",0.0604598689117645
"asdp",0.193526593468157
"asdp",0.0101335726745807
"asdp",0.000300619588216949
"asdp",0.118641930062075
"asdp",0.0153094286163038
"asdp",0.048039317060019
"asdp",0.135785478927075
"asdp",0.145250422109044
"asdp",0.0388365207302072
"asdp",0.0572319099064071
"asdp",0.171738302513883
"asdp",0.0951186921095237
"asdp",0.0346693658113279
"asdp",0.0196015889200117
"asdp",0.015950891184527
"asdp",0.032671023968057
"asdp",0.0288031394707622
"asdp",0.133158374581174
"asdp",0.0407570182352924
"asdp",0.073561000331146
"asdp",0.119220839633244
"asdp",0.031119412700929
"asdp",0.102988239042827
"asdp",0.102154771683108
"asdp",0.0829290655866982
"asdp",0.0577951912915954
"asdp",0.0356968064355219
"asdp",0.172336026269009
"asdp",0.0343152305694914
"asdp",0.290031436349342
"asdp",0.0833377587815427
"asdp",0.0410950631406473
"asdp",0.0139260996519391
"asdp",0.0216899431985189
"asdp",0.211205211855071
"asdp",0.00871157810494441
"asdp",0.0123409263476067
"asdp",0.0969111474542604
"asdp",0.102842988983098
"asdp",0.153600223539625
"asdp",0.0926212626830144
"asdp",0.117417869488349
"asdp",0.0387973858274629
"asdp",0.00752632302995676
"asdp",0.107321109380612
"asdp",0.0552948365530997
"asdp",0.00808814860644583
"asdp",0.0689718690457092
"asdp",0.0221392021521798
"asdp",0.00446831038480744
"asdp",0.264561592565783
"asdp",0.0239272729307598
"asdp",0.139563882634918
"asdp",0.116748512513739
"asdp",0.213731508679565
"asdp",0.155522254453133
"asdp",0.0346087597324863
"asdp",0.0508195958614635
"asdp",0.111186957711149
"asdp",0.170140776742784
"asdp",0.0392088904101444
"asdp",0.101091498774096
"asdp",0.158023177394877
"asdp",0.0689924556767035
"asdp",0.107424735867975
"asdp",0.183521038752713
"asdp",0.0983073393517356
"asdp",0.404783141157914
"asdp",0.262911142687915
"asdp",0.121357225549099
"asdp",0.171982644607623
"asdp",0.00441302676811645
"asdp",0.03427900936138
"asdp",0.0598313067707715
"asdp",0.211758911368488
"asdp",0.313613892495766
"asdp",0.317450018572536
"asdp",0.363653214271451
"asdp",0.172801161895044
"asdp",0.110101439031286
"asdp",0.253839511886762
"asdp",0.174896541847167
"asdp",0.192048423507832
"asdp",0.25170419095644
"asdp",0.215511348572634
"asdp",0.315913274753855
"asdp",0.175247558783036
"asdp",0.196667040190285
"asdp",0.125735365591903
"asdp",0.0549563063183102
"asdp",0.219403750807959
"asdp",0.212578407209325
"asdp",0.209182210061074
"asdp",0.101096608750207
"asdp",0.385163566151833
"asdp",0.0701668943875686
"asdp",0.288745795580339
"asdp",0.296920261854784
"asdp",0.00887461660668998
"asdp",0.373091317933931
"asdp",0.251920485888559
"asdp",0.0474802668600508
"asdp",0.167424467569171
"asdp",0.294347530444596
"asdp",0.0377673548371494
"asdp",0.126774454579392
"asdp",0.0342114312179304
"asdp",0.0843187188702148
"asdp",0.401383753137102
"asdp",0.226869268840962
"asdp",0.224774064188781
"asdp",0.189912767977333
"asdp",0.0915249321968922
"asdp",0.127442059543674
"asdp",0.222163592807725
"asdp",0.12973288598222
"asdp",0.184959872590302
"asdp",0.110111490777419
"asdp",0.262297936600252
"asdp",0.178245983115981
"asdp",0.342596527289215
"asdp",0.144055957585936
"asdp",0.143937294196241
"asdp",0.272872524691796
"asdp",0.184885992326211
"asdp",0.07546239504826
"asdp",0.419048471494665
"asdp",0.0921897777394267
"asdp",0.0614228326964809
"asdp",0.337549471436237
"asdp",0.256620776469705
"asdp",0.1595220583929
"asdp",0.0895333846018706
"asdp",0.370173493592315
"asdp",0.0746101332060607
"asdp",0.228379914249301
"asdp",0.195371748793934
"asdp",0.285625910997814
"asdp",0.196210701613456
"asdp",0.466302761646032
"asdp",0.204194823127383
"asdp",0.0296507782162745
"asdp",0.014010105091654
"asdp",0.28216149465017
"asdp",0.295992222974959
"asdp",0.53009526138238
"asdp",0.096395630935303
"asdp",0.244299008651421
"asdp",0.279273069399472
"asdp",0.00195515191664913
"asdp",0.319519763708686
"asdp",0.109885177321905
"asdp",0.35377172313771
"asdp",0.170317151394153
"asdp",0.106318677327773
"asdp",0.0726944498193729
"asdp",0.0487484004960957
"asdp",0.173019307300807
"asdp",0.187953185433303
"asdp",0.307666455989639
"asdp",0.330957456145796
"asdp",0.252979423895366
"asdp",0.365261728050502
"asdp",0.326719746048065
"asdp",0.0436227438919397
"asdp",0.215669133683312
"asdp",0.16780647104482
"asdp",0.222010656857164
"asdp",0.157115714330684
"asdp",0.13197491609683
"asdp",0.26788997993369
"asdp",0.000335048656459891
"asdp",0.173651435732247
"asdp",0.0917712385489986
"asdp",0.0668870658119866
"asdp",0.338791040024972
"asdp",0.0945050105773126
"asdp",0.0361664824575907
"asdp",0.0403055521866012
"asdp",0.0884489693685472
"asdp",0.141130843101705
"asdp",0.00832396089413207
"asdp",0.0626585324852505
"asdp",0.248392217433568
"asdp",0.0830625671241139
"asdp",0.176728888777489
"asdp",0.190283213560032
"asdp",0.0208256175052087
"asdp",0.0198826847479922
"asdp",0.36002602003625
"asdp",0.172911707820548
"asdp",0.216611214764037
"asdp",0.272533892938452
"asdp",0.0418318946574362
"asdp",0.19837723236246
"asdp",0.262258345940526
"asdp",0.049184699946268
"asdp",0.105373276934932
"asdp",0.274535398829256
"asdp",0.188182506233583
"asdp",0.0149222412414627
"asdp",0.0120239337807428
"asdp",0.0109795953211251
"asdp",0.207868268032872
"asdp",0.104026618991089
"asdp",0.230328355986841
"asdp",0.254363282277974
"asdp",0.000142106227831118
"asdp",0.117272377416185
"asdp",0.0366518871259
"asdp",0.00619436365526724
"asdp",0.11018506816139
"asdp",0.0454478679373378
"asdp",0.0131922793005848
"asdp",0.129772098552797
"asdp",0.198358605659802
"asdp",0.0283783520843692
"asdp",0.0695348937158473
"asdp",0.332708009803236
"asdp",0.0234561692733989
"asdp",0.0337439872767345
"asdp",0.236627345584764
"asdp",0.0293793690714034
"asdp",0.0354183871292603
"asdp",0.031843321217054
"asdp",0.146525360157755
"asdp",0.0443139219413451
"asdp",0.106101022127165
"asdp",0.275134488346491
"asdp",0.023063843038635
"asdp",0.141196654718403
"asdp",0.106003621324241
"asdp",0.221509528520202
"asdp",0.249769120750159
"asdp",0.143599067723549
"asdp",0.0712344623949644
"asdp",0.046330125103742
"asdp",0.025200768559023
"asdp",0.150057655932873
"asdp",0.287435708550605
"asdp",0.335979644600396
"asdp",0.0814975276370076
"asdp",0.153177300381447
"asdp",0.187294550457747
"asdp",0.149052356292345
"asdp",0.127950086708726
"asdp",0.00316612610990405
"asdp",0.21043751317714
"asdp",0.018353104691255
"asdp",0.0574978453130274
"asdp",0.00632993771224261
"asdp",0.0503568021665476
"asdp",0.207727548153413
"asdp",0.0986040759306201
"asdp",0.207270618787249
"asdp",0.127622042149511
"asdp",0.102839925719066
"asdp",0.321878229570292
"asdp",0.155436429394703
"asdp",0.057258158200954
"asdp",0.117622249532259
"asdp",0.0320171684112716
"asdp",0.0666102767110164
"asdp",0.151691983797438
"asdp",0.0353398319549669
"asdp",0.309551461133821
"asdp",0.00282316171080813
"asdp",0.0254369874611458
"asdp",0.0240871607603622
"asdp",0.276492877317386
"asdp",0.0424595021872189
"asdp",0.163759943059745
"asdp",0.0523704381194683
"asdp",0.149635859126822
"asdp",0.296552750040611
"asdp",0.11270612592035
"asdp",0.0919455011556091
"asdp",0.196981211469711
"asdp",0.414807129211496
"asdp",0.0636472032302356
"asdp",0.0690161110450934
"asdp",0.00454604105513736
"asdp",0.0779169567644515
"asdp",0.0847702363011925
"asdp",0.0015196480607242
"asdp",0.21365093290632
"asdp",0.0154236868065354
"asdp",0.147407040433072
"asdp",0.0249669627017147
"asdp",0.161823942022322
"asdp",0.274497257746878
"asdp",0.142600321111458
"asdp",0.00463192867365265
"asdp",0.0897729829944581
"asdp",0.0135622288353854
"asdp",0.0382639811171519
"asdp",0.00463622835900658
"asdp",0.0498348265163713
"asdp",0.0449000243096139
"asdp",0.0102864618068403
"asdp",0.0703541949951621
"asdp",0.107654706362466
"asdp",0.0682756445418978
"asdp",0.0361899074941259
"asdp",0.0707354993031733
"asdp",0.125348445485456
"asdp",0.0970763137220169
"asdp",0.145879188994764
"asdp",0.133905582281626
"asdp",0.0720032888697877
"asdp",0.163870242751826
"asdp",0.227332588770879
"asdp",0.0656223972541602
"asdp",0.233520011010529
"asdp",0.0977659403808365
"asdp",0.0427336979027847
"asdp",0.102039659443235
"asdp",0.0355180768769752
"asdp",0.142427693142303
"asdp",0.189029232507654
"asdp",0.202241788646875
"asdp",0.0637387488118624
"asdp",0.118113059000506
"asdp",0.013837927265757
"asdp",0.0265671723804732
"asdp",0.0133513308207099
"asdp",0.048647763717504
"asdp",0.127000395260224
"asdp",0.248578823963355
"asdp",0.177833227528502
"asdp",0.0624865823658233
"asdp",0.123823319103679
"asdp",0.127074623547836
"asdp",0.133039508341987
"asdp",0.085783823711171
"asdp",0.283996915204976
"asdp",0.178943796623027
"asdp",0.0126976105300347
"asdp",0.198633367664025
"asdp",0.0577433333681472
"asdp",0.0357497638219806
"asdp",0.217415911952611
"asdp",0.0574656742363128
"asdp",0.044673255346015
"asdp",0.0871752557601043
"asdp",0.0420512361114318
"asdp",0.0276642282461147
"asdp",0.043123475700775
"asdp",0.191496470472138
"asdp",0.102634350389349
"asdp",0.156765031741394
"asdp",0.348818003136596
"asdp",0.15082292587634
"asdp",0.259006004243463
"asdp",0.250800297872929
"asdp",0.0316719552640742
"asdp",0.0280234506341412
"asdp",0.054530105788037
"asdp",0.0904366581746009
"asdp",0.0825335104149654
"asdp",0.16939187471746
"asdp",0.354802784910159
"asdp",0.189753234932197
"asdp",0.158366899748122
"asdp",0.138877307237607
"asdp",0.186899688657255
"asdp",0.0896312323885025
"asdp",0.296709742647899
"asdp",0.11071909927465
"asdp",0.144431265155326
"asdp",0.0352703268936423
"asdp",0.295045948990847
"asdp",0.0313183250526971
"asdp",0.0260637054570047
"asdp",0.272453783224972
"asdp",0.0180433365558816
"asdp",0.293659259876232
"asdp",0.188069270371113
"asdp",0.0994576678485964
"asdp",0.0912729317644377
"asdp",0.138507515769287
"asdp",0.116584685125481
"asdp",0.308830663550961
"asdp",0.0849316985594944
"asdp",0.216886936837823
"asdp",0.256866193161469
"asdp",0.0867479700212195
"asdp",0.205111735169864
"asdp",0.0873333733528326
"asdp",0.212371590084763
"asdp",0.0698181234997571
"asdp",0.0404118894237896
"asdp",0.0107157102586928
"asdp",0.0648960966846108
"asdp",0.22877173848951
"asdp",0.190387664895276
"asdp",0.0424024953017032
"asdp",0.218399050940881
"asdp",0.0479021317681723
"asdp",0.0740886401322781
"asdp",0.11314309880659
"asdp",0.252119254011019
"asdp",0.128224821548218
"asdp",0.141019506995389
"asdp",0.122065237441941
"asdp",0.0618679071802068
"asdp",0.237557002645482
"asdp",0.0765570102175767
"asdp",0.0267391729744998
"asdp",0.290177409269596
"asdp",0.138619916067905
"asdp",0.131353148891017
"asdp",0.163350792042987
"asdp",0.0810459097702786
"asdp",0.10322801767498
"asdp",0.0383511617538709
"asdp",0.136206648020798
"asdp",0.151698563464959
"asdp",0.0433468522199537
"asdp",0.253852733123742
"asdp",0.378283585041592
"asdp",0.261153371662255
"asdp",0.159724552035396
"asdp",0.157844708730558
"asdp",0.110753973049695
"asdp",0.00744175396705532
"asdp",0.0361969887681475
"asdp",0.170106631831257
"asdp",0.382801514742429
"asdp",0.158106563155134
"asdp",0.0656070530128871
"asdp",0.135358076006438
"asdp",0.324884391152084
"asdp",0.0728220957995689
"asdp",0.24781280704808
"asdp",0.0134353626246503
"asdp",0.0905602032346442
"asdp",0.060981170912844
"asdp",0.0716249913895791
"asdp",0.152766141481683
"asdp",0.0413369076848069
"asdp",0.154215670949963
"asdp",0.067633499913912
"asdp",0.173288108798979
"asdp",0.244272971722576
"asdp",0.0216434363730995
"asdp",0.237972474290505
"asdp",0.198898963177284
"asdp",0.0857975960499205
"asdp",0.421654694988013
"asdp",0.0182877836421108
"asdp",0.0207175756125848
"asdp",0.203499872923195
"asdp",0.21739153924062
"asdp",0.117098960904055
"asdp",0.304746694589993
"asdp",0.476435400194882
"asdp",0.164446483763681
"asdp",0.132489905876632
"asdp",0.135346492766069
"asdp",0.111555295242903
"asdp",0.14419679758399
"asdp",0.128175724034121
"asdp",0.144847620018744
"asdp",0.483004574493055
"asdp",0.219455815997837
"asdp",0.325617311658864
"asdp",0.242229781653463
"asdp",0.158864372533282
"asdp",0.388958911788954
"asdp",0.197714548657436
"asdp",0.315309775790459
"asdp",0.221777053322241
"asdp",0.619500285949002
"asdp",0.318897859581458
"asdp",0.0981447576764568
"asdp",0.261641709881024
"asdp",0.165615545922501
"asdp",0.111599532373954
"asdp",0.0893756930167254
"asdp",0.2448067424071
"asdp",0.258843986487708
"asdp",0.508196181883898
"asdp",0.142148836184261
"asdp",0.197629517565591
"asdp",0.494958302303873
"asdp",0.269120102736203
"asdp",0.220578230880216
"asdp",0.196763731221958
"asdp",0.307165915975198
"asdp",0.100365535276729
"asdp",0.11097575447525
"asdp",0.110048529304067
"asdp",0.120325183873463
"asdp",0.38786294288147
"asdp",0.23132258040813
"asdp",0.264032246555391
"asdp",0.214682527615197
"asdp",0.160640350861605
"asdp",0.133193816434732
"asdp",0.0796940282323981
"asdp",0.173366513819319
"asdp",0.266065863740926
"asdp",0.162388319758411
"asdp",0.107185850823425
"asdp",0.203703365391376
"asdp",0.329407198742259
"asdp",0.182173746905531
"asdp",0.581593918617617
"asdp",0.48551997946757
"asdp",0.1606880949916
"asdp",0.164278808393935
"asdp",0.473614950782777
"asdp",0.0215564707045188
"asdp",0.280250083346035
"asdp",0.414702861150228
"asdp",0.14647833299892
"asdp",0.395077239660505
"asdp",0.105477537456267
"asdp",0.238754301933148
"asdp",0.034036997403973
"asdp",0.252683792168882
"asdp",0.313857779266921
"asdp",0.394880456647499
"asdp",0.101603953455562
"asdp",0.111453171231273
"asdp",0.103308424428649
"asdp",0.0906386797541596
"asdp",0.0616854903765072
"asdp",0.153441328572246
"asdp",0.308257835374296
"asdp",0.503079960398076
"asdp",0.0864571693260941
"asdp",0.262241767532638
"asdp",0.330501302468312
"asdp",0.156955520480345
"asdp",0.289954612356069
"asdp",0.225027567000531
"asdp",0.328128804907006
"asdp",0.181773896929949
"asdp",0.2037848877605
"asdp",0.117758291071677
"asdp",0.0257424859583318
"asdp",0.373204675925137
"asdp",0.181976446467839
"asdp",0.398029464243078
"asdp",0.526185340154001
"asdp",0.0115614248464935
"asdp",0.331696077264364
"asdp",0.22488035557213
"asdp",0.0833670852508118
"asdp",0.112453844180781
"asdp",0.0932559442009346
"asdp",0.208644229655957
"asdp",0.150005083946223
"asdp",0.155875506879246
"asdp",0.228263186449757
"asdp",0.379495599189474
"asdp",0.194431336609526
"asdp",0.21102214878357
"asdp",0.237356589840477
"asdp",0.0554515223556951
"asdp",0.247442789994585
"asdp",0.323659109526671
"asdp",0.14051577185085
"asdp",0.35436986165883
"asdp",0.243694103975084
"asdp",0.122486579948227
"asdp",0.309522969346908
"asdp",0.102363134301465
"asdp",0.30898615248653
"asdp",0.0708124354276269
"asdp",0.358171004008908
"asdp",0.175586807020029
"asdp",0.0542090925252921
"asdp",0.321182908153879
"asdp",0.183429190620001
"asdp",0.222875000098522
"asdp",0.0739206919406997
"asdp",0.426167062866175
"asdp",0.260408306882441
"asdp",0.256437084711051
"asdp",0.117301155360609
"asdp",0.2343570642911
"asdp",0.316590678456319
"asdp",0.249589748285345
"asdp",0.0839751751166189
"asdp",0.103989629004625
"asdp",0.10208444157003
"asdp",0.0216544148588229
"asdp",0.0447870492418377
"asdp",0.149415543049789
"asdp",0.0797366601777977
"asdp",0.105249276709362
"asdp",0.0177409552036874
"asdp",0.00212852272765968
"asdp",0.224314645589178
"asdp",0.0503066340765662
"asdp",0.0689230378521774
"asdp",0.0542442934054612
"asdp",0.0713727848566416
"asdp",0.0314692125381168
"asdp",0.202750305834823
"asdp",0.0490912424645366
"asdp",0.0116752659482318
"asdp",0.156890986375789
"asdp",0.0712950160234222
"asdp",0.415827572885956
"asdp",0.359287298060479
"asdp",0.165963251664119
"asdp",0.251918741304103
"asdp",0.154478138038586
"asdp",0.049825874391688
"asdp",0.0939801017398969
"asdp",0.161676382257996
"asdp",0.0504616199627391
"asdp",0.454633521994323
"asdp",0.106434360577437
"asdp",0.159038110076618
"asdp",0.0313801239578161
"asdp",0.0182466390164103
"asdp",0.231598193592665
"asdp",0.199829818735482
"asdp",0.0180068827946978
"asdp",0.22054400998981
"asdp",0.118716490800641
"asdp",0.0622093916866002
"asdp",0.0325036428746287
"asdp",0.104670513524281
"asdp",0.192972543365509
"asdp",0.262001963510233
"asdp",0.0582626327389511
"asdp",0.223464395183326
"asdp",0.0437642110500746
"asdp",0.258326637936213
"asdp",0.358292404594476
"asdp",0.394200340191039
"asdp",0.257118769349307
"asdp",0.233392787492077
"asdp",0.137676284419103
"asdp",0.193885653505162
"asdp",0.15635881134055
"asdp",0.331157235146219
"asdp",0.165044981349574
"asdp",0.411789091633084
"asdp",0.361706734170173
"asdp",0.0555207655510987
"asdp",0.231289838752668
"asdp",0.296897531044882
"asdp",0.0770160177384124
"asdp",0.0184600328896127
"asdp",0.115806366056178
"asdp",0.0236995032260841
"asdp",0.0999662070744091
"asdp",0.0639617531621504
"asdp",0.222504866507549
"asdp",0.0988065608010398
"asdp",0.193829170082433
"asdp",0.0795692880170274
"asdp",0.356904986350302
"asdp",0.00130152041905429
"asdp",0.0741350412860283
"asdp",0.0610316983752438
"asdp",0.00493666471569557
"asdp",0.0513903609618977
"asdp",0.0087179522290871
"asdp",0.0498445078027519
"asdp",0.0138693182526611
"asdp",0.116028406877739
"asdp",0.0122690816095028
"asdp",0.0121834118896343
"asdp",0.138207567768941
"asdp",0.0418467551118085
"asdp",0.0816934700522282
"asdp",0.0547508815078068
"asdp",0.0872111592934977
"asdp",0.120176898368964
"asdp",0.0478057514424974
"asdp",0.0202502359251871
"asdp",0.0341546230287295
"asdp",0.0418469275513524
"asdp",0.100233829173033
"asdp",0.0481801033824816
"asdp",0.069322786968004
"asdp",0.0926652685339996
"asdp",0.029525561474997
"asdp",0.0934783818226961
"asdp",0.0211830704779206
"asdp",0.114476710957804
"asdp",0.190361487908258
"asdp",0.00145467522560914
"asdp",0.018776201393004
"asdp",0.0118868986415635
"asdp",0.0433847608269231
"asdp",0.132880509364844
"asdp",0.151439153421768
"asdp",0.00209796245845937
"asdp",0.000282764839977718
"asdp",0.203911449519627
"asdp",0.048577451196851
"asdp",0.0986244021694754
"asdp",0.0843219100425762
"asdp",0.01238742474457
"asdp",0.0801924557038488
"asdp",0.113368478920524
"asdp",0.231279112880882
"asdp",0.0356220065212754
"asdp",0.00547787133736599
"asdp",0.0562880601021275
"asdp",0.0654677555676545
"asdp",0.0142168211905371
"asdp",0.0950477833881578
"asdp",0.0185491647703105
"asdp",0.0471162629634878
"asdp",0.0522921105668495
"asdp",0.0395984486719623
"asdp",0.0570504503110574
"asdp",0.200755866803297
"asdp",0.207460694448591
"asdp",0.0392772359540173
"asdp",0.049804486085381
"asdp",0.0450991090401904
"asdp",0.0422111653460163
"asdp",0.053301523202115
"asdp",0.0558084452761383
"asdp",0.00340578685924472
"asdp",0.0957523489928237
"asdp",0.102282307803232
"asdp",0.0246072660807267
"asdp",0.0161549539090228
"asdp",0.170141511420509
"asdp",0.0244228825171795
"asdp",0.00513927795474839
"asdp",0.0221042266707214
"asdp",0.220047264425778
"asdp",0.0749716245073718
"asdp",0.000816464633551672
"asdp",0.176535922976308
"asdp",0.0729263598077097
"asdp",0.0384923678704752
"asdp",0.114572765109491
"asdp",0.0321980114893427
"asdp",0.183192528859239
"asdp",0.0255427655440905
"asdp",0.0825461196571949
"asdp",0.0366629550615523
"asdp",0.0700105210251211
"asdp",0.00252252139273179
"asdp",0.0190136695601549
"asdp",0.0164729398735889
"asdp",0.0182040729423591
"asdp",0.0192648926334194
"asdp",0.0993857502364648
"asdp",0.0137584546495814
"asdp",0.0264716689692786
"asdp",0.268237287616924
"asdp",0.0831657544429685
"asdp",0.0726680344840719
"asdp",0.0791436820092626
"asdp",0.153466569616281
"asdp",0.19475119348562
"asdp",0.103441494422547
"asdp",0.0776503935398081
"asdp",0.0850510231960097
"asdp",0.175528246913566
"asdp",0.135361573253843
"asdp",0.0171223278614501
"asdp",0.238001927966816
"asdp",0.00944861819404685
"asdp",0.142791539136156
"asdp",0.0469664799723949
"asdp",0.0851328436730481
"asdp",0.164005843239103
"asdp",0.00924900654763572
"asdp",0.00770827574310573
"asdp",0.169216734783375
"asdp",0.0662835718439509
"asdp",0.145200682068024
"asdp",0.207767438016925
"asdp",0.0664622381458302
"asdp",0.31210407136338
"asdp",0.136830432220113
"asdp",0.311265499767851
"asdp",0.13397049488377
"asdp",0.0270136987500246
"asdp",0.143299083069921
"asdp",0.0543453131063824
"asdp",0.171828078848623
"asdp",0.0266417919708186
"asdp",0.0347607459250791
"asdp",0.0594226660689498
"asdp",0.0539130333202116
"asdp",0.286379380070641
"asdp",0.115430115515221
"asdp",0.149836309441979
"asdp",0.0870722166296351
"asdp",0.0205985863535792
"asdp",0.00647838746235532
"asdp",0.0833941777110318
"asdp",0.0276379896316089
"asdp",0.0217753035097865
"asdp",0.146018503284429
"asdp",0.00879607256208664
"asdp",0.0572201494033733
"asdp",0.0698223082349167
"asdp",0.0532391872080487
"asdp",0.0186139422791889
"asdp",0.162808454837057
"asdp",0.258374339852264
"asdp",0.0864950255955446
"asdp",0.0906836324308633
"asdp",0.101623085288034
"asdp",0.0661569788832446
"asdp",0.103958779389283
"asdp",0.0488697530562545
"asdp",0.136539815106436
"asdp",0.0422748775913194
"asdp",0.298920195375787
"asdp",0.29902792391253
"asdp",0.306077218206793
"asdp",0.015273297673403
"asdp",0.0553737237667627
"asdp",0.0790053803829658
"asdp",0.170865185452836
"asdp",0.100984531702668
"asdp",0.123367306719258
"asdp",0.17276958337858
"asdp",0.0899621646962807
"asdp",0.0697915618202086
"asdp",0.119342417083386
"asdp",0.245816474198562
"asdp",0.158326446801374
"asdp",0.245160171464668
"asdp",0.0801257063050903
"asdp",0.0637450459641632
"asdp",0.137696506694784
"asdp",0.19432391071216
"asdp",0.113215110762092
"asdp",0.0606191718295895
"asdp",0.140080522733452
"asdp",0.0864657252386003
"asdp",0.120123668904998
"asdp",0.177990140293141
"asdp",0.111919221975202
"asdp",0.225863728176762
"asdp",0.134598107208431
"asdp",0.0619533478633459
"asdp",0.246523607462543
"asdp",0.0482141943646552
"asdp",0.0862832409752531
"asdp",0.210839322908506
"asdp",0.0434359400170046
"asdp",0.0866984610450531
"asdp",0.1686144213149
"asdp",0.213787827394742
"asdp",0.127734406756636
"asdp",0.100782425050323
"asdp",0.00114222752415288
"asdp",0.0440490509283271
"asdp",0.123383860910946
"asdp",0.0410045185406029
"asdp",0.0259749758969861
"asdp",0.00213182499893967
"asdp",0.123709630766949
"asdp",0.0655067537781431
"asdp",0.137726186432143
"asdp",0.0603400149619537
"asdp",0.109166189079225
"asdp",0.00951870274134575
"asdp",0.111726034877641
"asdp",0.126075783184343
"asdp",0.00892294014949918
"asdp",0.200657783518539
"asdp",0.179550053674891
"asdp",0.00384960512671545
"asdp",0.167380353106748
"asdp",0.244702739764435
"asdp",0.0710383317627969
"asdp",0.0271762063895899
"asdp",0.0844760271574773
"asdp",0.0725095465746123
"asdp",0.150178387140056
"asdp",0.294172814659518
"asdp",0.114039650837471
"asdp",0.297531543830637
"asdp",0.317961265096351
"asdp",0.129854888476996
"asdp",0.0357990989359421
"asdp",0.0374803896278038
"asdp",0.122955084662577
"asdp",0.0738904170605106
"asdp",0.0725195664390679
"asdp",0.0903098508806512
"asdp",0.159757151520245
"asdp",0.0305763021592663
"asdp",0.0765880156228894
"asdp",0.306003367169571
"asdp",0.0423918517770834
"asdp",0.0892085485149698
"asdp",0.131361302248303
"asdp",0.0269898688072671
"asdp",0.165276140848232
"asdp",0.156316581490352
"asdp",0.0290177974904871
"asdp",0.168341027601601
"asdp",0.00100195655525448
"asdp",0.191551170113884
"asdp",0.119184692223347
"asdp",0.229541199637798
"asdp",0.0771763037203912
"asdp",0.0970964110226887
"asdp",0.334083355174096
"asdp",0.02314645375636
"asdp",0.0335468441253675
"asdp",0.182415649661891
"asdp",0.031391237908514
"asdp",0.0134636750851778
"asdp",0.00140815906830492
"asdp",0.104738177890718
"asdp",0.0879308851735378
"asdp",0.0469053543827169
"asdp",0.291144002346081
"asdp",0.118720955058937
"asdp",0.111999992310864
"asdp",0.0827343138610854
"asdp",0.109813527516363
"asdp",0.0177386424725491
"asdp",0.0255901865907912
"asdp",0.150321058833453
"asdp",0.00391846586168695
"asdp",0.105477462197181
"asdp",0.194374646560291
"asdp",0.252501263685538
"asdp",0.150443857952163
"asdp",0.0188652020435058
"asdp",0.166454560501292
"asdp",0.150893243575505
"asdp",0.0763089817332996
"asdp",0.0395772821567467
"asdp",0.107234122544468
"asdp",0.110774354276618
"asdp",0.0440344066708885
"asdp",0.152543410630912
"asdp",0.0912868664009628
"asdp",0.208264315973429
"asdp",0.0288323977910984
"asdp",0.0524453845486066
"asdp",0.0221337722387473
"asdp",0.136247105442831
"asdp",0.258335673978386
"asdp",0.144234245195627
"asdp",0.106784947734738
"asdp",0.0450455260476561
"asdp",0.0023640921253951
"asdp",0.0780912112144394
"asdp",0.0459308600694659
"asdp",0.0407430192310181
"asdp",0.135361401851908
"asdp",0.139575844051644
"asdp",0.0219773915936323
"asdp",0.0707925137224993
"asdp",0.126616321640764
"asdp",0.174612062540827
"asdp",0.124596490088009
"asdp",0.0177005294109007
"asdp",0.0357134122092738
